ID_Entreprise,Age_Entreprise_Ans,Nombre_Employes,Capital_Initial_USD,Heures_Connexion_Nuit,Chiffre_Affaires_Annuel_USD,Adoption_Outil_IA
1,7,7,842.81,1.9,4409.78,1
2,4,9,178.5,7.9,6353.3,0
3,13,10,411.65,3.3,5931.08,1
4,11,18,845.44,5.1,9115.0,1
5,8,23,305.74,6.5,9854.95,1
6,13,7,601.34,7.4,7266.29,1
7,5,7,125.76,6.3,5325.22,1
8,7,3,569.13,5.7,4605.9,1
9,10,12,182.82,4.3,6188.62,0
10,3,7,987.7,5.2,5685.01,0
11,7,17,319.6,1.7,6260.11,1
12,11,1,265.33,7.2,5252.49,1
13,11,5,1019.08,4.8,5979.03,1
14,8,16,125.72,1.3,5691.93,1
15,5,15,352.59,7.4,8216.36,1
16,4,2,331.02,4.4,3397.07,0
17,8,9,267.6,7.1,6571.36,1
18,8,7,1313.82,7.0,7315.84,1
19,3,4,795.01,6.7,5585.11,0
20,6,20,133.03,1.4,7005.6,0
21,5,18,727.09,2.7,7311.18,0
22,2,21,474.65,7.1,9116.29,1
23,8,4,1255.65,7.3,7033.45,1
24,12,13,287.67,4.2,6863.59,1
25,14,1,526.85,4.1,4462.08,0
26,6,24,447.33,2.2,8255.43,1
27,2,3,436.24,7.8,5041.88,1
28,12,16,404.5,2.5,6980.74,1
29,5,22,215.1,2.3,7604.26,1
30,1,4,804.7,5.6,4589.27,0
31,12,23,400.13,2.7,8977.03,1
32,10,16,1691.23,7.6,10725.26,1
33,6,19,251.1,1.1,6239.11,0
34,13,1,674.02,1.0,2861.24,1
35,12,5,1512.72,4.5,6421.51,0
36,9,19,644.52,4.4,8697.61,1
37,1,22,1125.03,2.1,7980.75,0
38,11,24,978.62,4.5,10379.83,1
39,11,11,323.24,3.9,6211.17,0
40,10,13,558.3,7.2,8405.95,1
41,12,20,184.96,1.1,7228.51,1
42,12,5,483.42,7.8,7068.4,1
43,14,21,230.96,5.4,9281.55,1
44,14,4,780.78,2.1,4726.84,0
45,14,4,475.45,1.3,3880.41,0
46,3,4,364.86,4.8,3788.32,0
47,12,4,256.53,2.6,3962.48,0
48,7,20,3422.11,3.1,11562.17,1
49,4,21,137.21,2.7,7378.67,1
50,9,18,122.27,5.6,8071.59,1
51,3,18,222.48,4.9,7193.3,1
52,5,16,1871.48,1.5,7347.45,1
53,3,9,2037.32,4.7,7198.29,1
54,7,18,632.0,6.5,9083.0,1
55,5,22,1160.58,1.6,8346.58,0
56,9,2,220.37,7.2,5163.32,0
57,7,21,1888.53,5.0,10761.92,1
58,2,4,177.03,7.7,4688.86,1
59,4,12,153.31,2.0,4843.53,0
60,9,7,159.51,8.0,6795.73,1
61,12,15,525.64,5.5,8220.84,1
62,14,7,859.28,5.0,6580.66,0
63,2,22,328.38,4.6,8319.12,1
64,10,21,2006.0,1.2,9147.47,1
65,9,17,384.95,7.6,9091.52,1
66,10,16,181.52,5.5,7742.25,1
67,5,19,413.65,1.6,6570.48,1
68,2,9,668.21,1.1,3741.26,0
69,4,14,992.57,1.4,5663.24,1
70,12,17,406.95,5.3,8415.39,1
71,12,5,550.22,5.3,5638.55,1
72,7,2,255.54,4.5,3492.09,0
73,12,20,619.11,3.1,8680.65,1
74,13,16,2233.35,4.7,10533.93,1
75,8,14,125.15,4.6,6746.76,1
76,3,14,1188.11,1.1,6004.31,0
77,14,1,513.09,3.0,3759.4,1
78,1,3,245.24,1.4,1669.53,0
79,4,7,1649.32,7.3,7561.01,0
80,2,15,430.2,6.1,7326.53,1
81,8,19,301.5,8.0,9661.86,1
82,4,20,200.14,3.1,7118.28,1
83,2,2,240.16,7.1,4085.5,0
84,14,19,994.43,5.2,9573.86,1
85,6,9,576.49,4.2,5622.77,1
86,6,19,1322.34,2.6,8355.18,1
87,10,5,231.96,6.2,5438.87,0
88,4,18,164.56,7.3,8392.7,1
89,6,16,103.05,2.6,5936.07,0
90,13,4,454.5,2.2,4051.6,0
91,2,12,3290.61,5.9,9982.76,0
92,10,7,693.66,7.8,7169.65,1
93,12,14,284.37,6.2,8190.42,1
94,2,23,1147.21,3.0,8638.42,1
95,10,12,860.99,3.9,6706.95,1
96,14,3,107.77,3.7,4168.43,0
97,4,5,948.75,7.0,6248.52,1
98,14,17,278.71,6.4,9041.47,1
99,8,10,181.07,5.1,5946.97,1
100,14,10,228.31,2.9,5771.3,0
101,7,11,416.1,7.6,7523.59,1
102,12,17,376.58,5.6,8881.19,1
103,9,5,270.46,7.8,6042.62,0
104,14,13,194.5,5.1,7442.37,0
105,8,10,818.23,6.7,7592.43,0
106,5,9,2408.1,6.7,8643.89,1
107,13,17,852.07,3.4,8356.03,1
108,2,1,275.44,7.7,4454.52,0
109,5,4,240.39,1.2,2329.62,0
110,8,4,222.74,6.4,5072.74,1
111,10,18,173.49,7.8,9226.96,1
112,9,9,500.73,3.4,5590.48,1
113,12,18,564.94,5.5,9133.26,1
114,12,14,711.24,4.9,7950.68,1
115,12,15,670.05,6.3,8796.56,1
116,13,6,272.89,7.1,6564.58,1
117,9,24,300.47,5.2,9840.28,1
118,13,10,672.09,6.7,7788.7,1
119,13,15,314.97,3.2,7035.55,1
120,1,4,219.52,2.6,2513.98,0
121,9,18,334.47,4.0,7810.62,1
122,7,18,258.78,5.7,8476.3,1
123,9,17,146.23,2.3,6424.89,0
124,8,12,986.39,5.8,7488.83,0
125,1,7,1059.04,3.8,5042.23,0
126,12,16,224.07,6.6,8533.26,1
127,8,11,133.48,1.3,4656.34,0
128,8,14,771.29,5.7,8126.23,1
129,11,3,218.83,5.5,4911.18,0
130,3,19,349.97,7.6,9126.24,1
131,1,18,133.14,6.0,7202.14,1
132,8,10,228.27,6.6,6489.41,1
133,3,6,887.28,7.3,6266.82,0
134,3,13,915.83,5.7,7227.4,1
135,1,10,216.02,3.0,4125.45,1
136,11,18,304.67,7.1,9496.59,1
137,5,20,172.07,6.2,8649.98,1
138,10,16,138.53,4.0,7310.62,1
139,7,6,2525.01,6.0,8002.39,0
140,10,13,632.97,7.1,8390.32,1
141,9,4,490.55,7.8,6422.91,1
142,12,23,825.15,7.7,11437.57,1
143,7,14,1016.53,3.3,7021.69,1
144,9,1,921.79,4.0,4083.33,0
145,8,20,108.34,1.8,7139.37,0
146,12,5,203.39,2.7,4524.7,0
147,2,8,631.97,7.2,6259.47,1
148,1,12,335.61,3.5,5183.31,1
149,7,2,2122.28,5.3,6275.92,0
150,7,12,647.42,5.7,7143.34,1
151,14,5,1668.06,6.5,7856.97,0
152,8,22,212.48,2.3,7538.45,1
153,5,5,1097.39,3.1,4676.08,0
154,3,13,293.83,4.1,5677.05,1
155,12,9,2381.29,3.6,8093.71,0
156,8,10,185.8,7.9,7234.09,1
157,6,1,463.19,6.8,4491.56,1
158,11,3,887.14,4.4,5185.25,1
159,3,18,383.38,7.2,8468.44,1
160,1,12,415.63,3.4,5323.7,1
161,3,3,2247.22,6.5,6601.34,0
162,5,9,376.96,2.6,4431.9,0
163,14,2,563.26,6.4,5577.95,0
164,3,3,128.04,4.2,3298.85,0
165,1,14,1023.25,1.8,5589.88,1
166,5,4,622.3,2.9,3573.97,0
167,10,19,358.77,3.8,8069.2,0
168,7,13,108.15,6.2,7013.63,1
169,14,7,547.84,1.5,4828.1,0
170,7,12,106.37,5.6,6576.08,1
171,11,3,100.6,6.0,4873.43,0
172,9,23,578.68,5.6,10028.41,1
173,10,23,204.75,6.3,9575.78,1
174,10,9,206.53,2.2,4641.26,1
175,12,2,629.61,5.1,5209.51,0
176,13,22,127.6,7.6,10695.03,1
177,3,9,288.01,5.3,5168.61,0
178,7,12,180.93,5.3,6374.69,1
179,1,12,533.96,6.2,6441.03,1
180,4,15,642.01,3.3,6660.52,1
181,13,2,738.52,5.9,5748.01,1
182,4,18,247.34,7.4,8495.79,1
183,14,13,146.74,1.1,5591.89,1
184,5,14,140.98,7.1,7289.96,1
185,7,5,377.69,2.5,3587.89,0
186,7,10,1557.95,4.2,7007.23,1
187,13,12,222.78,7.0,7856.89,1
188,11,10,248.36,6.8,7218.28,1
189,13,24,153.17,7.2,11205.75,1
190,4,11,565.16,7.6,7311.46,1
191,13,2,669.52,4.1,4563.72,1
192,7,5,614.91,5.6,5376.66,0
193,11,7,1087.11,3.7,6085.96,0
194,3,6,433.18,3.5,3906.26,1
195,6,22,172.2,4.0,8515.03,1
196,12,23,270.83,6.2,10342.3,0
197,2,3,642.99,4.5,3877.2,0
198,10,13,574.82,6.7,7817.74,1
199,13,3,478.58,6.2,5537.3,0
200,14,24,674.37,1.1,9080.84,1
201,9,21,607.21,5.4,9536.48,1
202,5,6,1165.68,4.1,5267.24,0
203,6,11,540.96,4.2,6075.57,1
204,12,17,853.9,6.7,9881.64,1
205,12,10,242.98,4.8,6335.62,0
206,12,12,666.89,7.2,8386.52,1
207,12,17,1262.39,6.0,9861.8,1
208,4,4,343.66,4.9,4158.56,1
209,14,2,855.03,6.3,5946.94,1
210,14,11,745.11,1.3,6022.87,0
211,11,7,130.69,1.2,3689.83,1
212,10,2,535.55,1.6,2971.27,0
213,7,18,169.74,4.1,7723.99,1
214,12,21,1810.48,2.6,9869.06,1
215,9,4,934.08,7.9,6868.58,1
216,7,8,158.11,4.8,4916.98,0
217,14,20,164.91,5.6,9513.23,1
218,1,14,551.28,3.0,6013.59,0
219,1,12,311.48,3.3,5115.99,1
220,9,22,117.76,3.3,8428.73,1
221,11,21,490.05,5.9,9794.67,1
222,14,18,345.38,4.3,8677.98,1
223,9,11,153.28,4.6,6131.94,1
224,4,8,909.54,5.1,6190.16,1
225,13,2,1333.0,6.4,6365.37,0
226,9,15,806.51,1.6,6710.6,1
227,3,9,964.17,6.4,6728.32,1
228,7,19,221.99,4.9,7943.65,1
229,6,20,252.97,5.7,8540.05,0
230,8,8,216.93,3.3,4461.96,1
231,11,19,824.22,3.9,8308.91,1
232,9,5,1577.46,2.6,5221.19,0
233,14,11,730.87,7.9,8783.63,0
234,5,15,1166.28,4.5,7777.27,1
235,1,8,609.02,8.0,6242.0,1
236,3,19,345.23,4.4,7469.62,1
237,10,23,377.36,2.5,8580.5,1
238,12,8,139.15,4.6,5569.0,1
239,8,19,115.98,1.3,6261.77,1
240,11,18,694.5,7.3,9843.73,1
241,6,10,388.51,6.7,6915.13,0
242,8,7,501.72,6.1,5789.39,0
243,9,9,507.84,5.3,6483.51,1
244,4,1,262.43,5.1,3526.2,1
245,1,19,423.03,8.0,8913.89,1
246,14,5,418.16,2.9,4826.5,0
247,1,19,345.86,6.5,8073.9,1
248,10,1,959.28,5.1,4922.72,0
249,4,15,399.98,7.8,8567.96,1
250,12,16,562.72,6.8,9363.52,1
251,14,23,1229.38,8.0,12425.08,1
252,7,7,1105.83,5.1,6022.34,1
253,2,12,1205.56,2.4,5736.93,1
254,3,8,257.36,4.5,4746.44,0
255,1,5,117.8,6.0,4309.61,0
256,5,10,251.27,6.4,6274.38,0
257,1,21,263.36,1.0,6405.54,0
258,8,5,1300.43,4.5,5816.24,0
259,1,17,623.83,2.6,6238.28,0
260,11,5,142.62,7.1,6025.79,0
261,1,22,172.73,2.1,6863.94,1
262,2,15,184.61,5.7,6646.44,1
263,2,13,597.7,2.9,5354.54,1
264,12,1,764.79,3.5,3934.57,0
265,6,11,1081.79,7.6,8137.56,0
266,7,23,1512.04,2.7,9794.37,1
267,5,1,212.64,1.7,1954.34,0
268,1,11,285.37,1.5,4049.27,0
269,1,18,237.43,4.5,6846.3,1
270,3,18,322.18,5.5,7693.5,1
271,14,21,1330.59,3.3,9721.82,1
272,2,16,527.97,5.8,7649.06,1
273,5,13,770.07,1.4,5617.75,1
274,12,7,436.79,7.0,6704.77,1
275,10,1,114.64,6.7,4853.62,1
276,6,16,133.17,7.9,8398.95,1
277,7,1,486.01,7.6,4910.71,1
278,4,17,734.33,3.5,7135.82,1
279,7,6,221.25,3.8,4407.48,1
280,11,2,739.9,6.2,5499.6,0
281,8,17,932.12,1.9,7114.2,1
282,11,6,365.43,3.2,4786.51,0
283,1,14,786.04,1.8,5489.32,1
284,6,18,358.78,4.2,7507.34,0
285,8,6,667.15,4.9,5395.88,0
286,5,10,821.96,2.5,5119.66,0
287,4,24,2509.59,1.2,10097.18,1
288,2,18,311.86,6.0,7589.57,1
289,6,9,364.7,1.1,3806.26,1
290,6,8,190.53,7.8,6440.55,1
291,11,10,214.12,2.6,5106.78,0
292,1,17,691.1,5.6,7778.7,1
293,9,23,1344.73,4.0,10287.65,1
294,12,6,350.94,1.4,4371.2,0
295,11,14,199.13,4.3,6882.15,1
296,6,22,267.81,4.6,8617.49,1
297,13,22,403.53,7.0,10542.95,1
298,3,6,271.7,6.1,5233.91,1
299,4,7,233.01,1.6,3464.6,0
300,12,12,765.87,2.5,6232.72,1
301,11,3,103.94,3.2,3602.5,0
302,4,14,487.43,1.8,5387.0,1
303,3,22,889.37,4.2,8765.45,1
304,10,19,254.78,7.9,9733.73,1
305,3,23,562.28,4.6,8971.4,1
306,3,16,652.67,6.2,8198.31,1
307,4,7,632.14,5.8,5710.88,0
308,7,8,395.16,6.9,6571.03,0
309,4,18,312.77,2.5,6431.62,0
310,9,13,1003.71,6.3,8511.61,1
311,1,21,810.33,7.2,9720.77,1
312,8,9,293.76,2.2,4481.57,0
313,7,10,154.36,3.4,5032.7,1
314,2,21,137.26,7.8,8924.25,1
315,8,23,149.51,6.5,9596.01,1
316,1,9,537.18,3.0,4289.71,0
317,11,15,126.52,4.9,7287.78,1
318,12,20,305.44,3.8,8650.81,1
319,9,2,799.59,4.4,4509.05,1
320,9,13,274.32,3.5,6307.84,1
321,2,2,820.5,3.0,2871.37,0
322,7,19,784.16,5.7,9301.31,1
323,14,2,241.07,6.4,5445.12,0
324,10,3,752.49,7.1,6116.62,1
325,3,6,788.72,2.1,3887.78,1
326,7,3,353.3,6.8,5103.77,1
327,12,10,218.13,2.8,5302.36,0
328,10,24,468.31,4.0,9652.12,1
329,9,6,1371.68,7.3,7397.45,1
330,4,23,610.29,4.2,8875.67,1
331,12,16,194.93,2.4,6628.74,1
332,1,17,674.04,2.1,6381.77,1
333,2,19,378.61,4.3,7484.68,1
334,1,3,547.67,6.3,4530.73,1
335,14,18,762.25,8.0,10572.01,1
336,12,7,461.75,6.5,6719.27,0
337,5,9,940.96,7.1,7220.27,1
338,5,20,740.35,6.2,9310.64,1
339,11,12,577.35,7.3,7992.83,1
340,7,5,181.73,1.5,3293.04,0
341,9,3,1003.79,7.5,6408.06,1
342,9,11,1473.7,3.8,7372.39,1
343,3,4,173.65,7.5,4724.25,0
344,3,5,434.95,1.5,3040.06,1
345,3,1,249.8,6.0,3819.69,1
346,4,18,802.28,6.1,8838.31,1
347,8,12,739.4,8.0,8478.48,1
348,6,13,175.93,6.4,7403.33,1
349,8,9,1147.9,3.7,6390.05,1
350,1,2,199.82,4.9,2860.2,1
351,8,5,897.91,3.6,4925.8,0
352,4,13,405.3,2.4,5371.39,0
353,11,16,298.95,2.7,6927.28,1
354,1,16,186.13,2.6,5578.65,0
355,8,24,191.73,4.8,9585.03,1
356,4,3,642.19,7.3,5276.74,1
357,6,22,499.73,7.4,10087.78,1
358,8,4,165.1,1.4,2617.8,0
359,4,11,159.78,1.6,3843.53,0
360,14,23,137.53,2.7,8770.32,1
361,3,14,780.83,2.8,5948.85,0
362,14,3,722.19,1.7,4014.54,0
363,9,16,130.1,3.7,6822.0,1
364,3,22,510.8,5.1,8613.13,1
365,9,15,144.24,5.0,7191.72,1
366,13,10,1270.38,4.8,7823.21,1
367,2,9,1288.21,3.4,5472.38,0
368,14,11,699.05,5.9,7915.9,1
369,2,16,1403.12,6.8,9291.37,1
370,2,10,934.2,3.4,5563.08,1
371,6,17,981.7,1.6,6901.65,0
372,3,19,521.65,3.1,7158.56,1
373,13,2,282.68,2.0,3175.39,0
374,9,24,222.82,4.3,9206.58,1
375,4,23,298.15,2.1,7487.39,1
376,1,2,595.1,4.2,3257.83,1
377,4,6,194.77,2.5,3353.26,0
378,1,19,249.63,6.2,7777.3,1
379,14,8,415.61,1.2,4804.98,0
380,5,3,232.67,4.9,3740.63,1
381,4,14,544.15,2.2,5905.22,0
382,8,16,1383.12,1.0,7260.31,1
383,8,1,789.34,7.1,5095.96,1
384,7,21,648.95,5.7,9396.07,1
385,3,3,537.0,1.7,2757.31,0
386,1,22,434.66,5.6,8782.83,0
387,1,18,203.24,5.3,7253.94,1
388,12,9,1225.52,4.3,6752.91,1
389,11,6,242.87,3.9,4849.47,1
390,3,23,147.88,7.2,9563.27,1
391,6,21,793.18,2.7,7835.63,1
392,7,1,196.56,3.8,3122.55,0
393,6,21,332.52,3.3,7750.47,1
394,14,10,114.35,6.4,7241.69,1
395,14,6,173.71,7.4,6745.09,1
396,6,23,195.1,6.9,9792.62,1
397,6,12,127.97,6.6,6955.07,1
398,13,4,634.51,7.9,6922.0,1
399,3,13,1007.03,5.9,7871.82,1
400,6,17,333.66,6.3,8452.89,1
401,8,8,1138.03,7.9,7719.6,1
402,11,20,219.98,1.0,7234.02,0
403,11,3,296.81,5.4,4762.93,0
404,2,12,181.69,6.2,6059.65,1
405,5,7,584.53,7.4,6171.17,1
406,14,12,372.25,7.2,8307.09,1
407,1,2,575.03,6.9,4563.09,1
408,12,24,817.06,7.6,11873.47,1
409,1,14,494.5,4.8,6432.42,1
410,5,22,593.93,1.0,6800.46,1
411,12,23,1468.61,1.1,9402.8,0
412,13,5,277.67,4.8,5150.94,1
413,3,9,322.49,4.0,4581.1,1
414,4,21,732.4,4.2,8299.72,1
415,3,11,572.48,3.8,5518.89,1
416,1,5,198.33,7.4,5047.5,1
417,1,3,335.92,3.5,2717.93,0
418,12,17,415.4,7.0,9423.96,1
419,12,2,371.84,7.3,5802.69,1
420,14,24,198.17,4.5,9990.68,1
421,13,1,1391.35,4.1,5208.73,0
422,14,7,818.41,6.3,7184.71,1
423,5,14,428.27,6.0,7343.2,1
424,6,5,669.81,3.3,4151.31,0
425,3,19,1237.89,1.7,7465.49,1
426,12,11,173.19,2.9,5515.92,1
427,9,23,244.09,1.9,8042.79,0
428,5,2,491.21,3.1,3203.9,0
429,8,8,902.25,2.8,5346.16,0
430,13,9,118.46,5.5,6262.38,0
431,1,3,2168.15,7.7,6683.88,1
432,14,2,403.4,5.8,5108.08,1
433,5,7,322.54,7.5,6179.11,0
434,3,5,273.17,6.5,4826.92,1
435,12,21,195.8,6.1,9577.69,0
436,1,5,884.09,3.9,4244.86,0
437,4,20,1655.17,3.3,8641.41,1
438,13,13,366.91,6.9,8326.75,1
439,5,21,1622.68,7.3,10933.19,1
440,7,20,968.06,4.2,8672.52,1
441,1,6,427.97,1.1,2534.93,0
442,3,20,660.47,6.5,9469.86,1
443,2,18,385.45,3.0,6645.33,0
444,9,2,509.04,1.1,2502.41,0
445,10,6,129.9,6.6,6023.23,0
446,6,9,695.8,4.6,5688.81,1
447,10,3,127.14,5.8,4938.57,1
448,3,1,949.37,7.4,4948.28,1
449,8,1,971.33,4.8,4546.73,1
450,14,19,235.3,4.5,9060.26,1
451,8,5,295.53,3.0,3877.67,0
452,2,13,428.22,3.1,5690.89,1
453,6,19,553.99,6.6,9083.08,1
454,7,12,269.39,4.1,6014.64,1
455,2,16,548.84,2.1,5730.8,0
456,11,19,276.76,1.7,7361.74,1
457,10,3,128.54,4.3,3969.61,0
458,2,12,101.27,4.3,5561.9,0
459,10,5,153.32,5.6,5048.21,0
460,1,2,885.71,4.3,3548.42,1
461,8,22,1727.66,2.0,9585.73,0
462,1,7,378.41,4.6,4357.39,1
463,9,13,459.42,7.3,8230.96,0
464,11,15,179.41,2.1,6041.18,1
465,6,22,500.4,5.8,9459.74,1
466,7,3,178.13,5.2,4180.07,0
467,13,21,572.36,6.2,10563.53,1
468,10,20,1453.47,2.1,8796.79,1
469,7,5,208.89,7.6,5807.35,0
470,10,24,823.16,5.3,10775.37,1
471,3,8,111.89,6.9,5618.94,1
472,2,22,335.4,2.7,7532.22,1
473,9,1,158.69,6.2,4674.32,0
474,8,8,317.3,6.5,6255.44,1
475,13,24,195.3,3.8,9694.83,1
476,12,18,333.65,3.7,8077.06,1
477,10,20,370.23,5.6,9294.95,1
478,7,16,278.76,1.7,6024.5,0
479,9,18,634.46,6.1,9268.54,1
480,4,20,1355.74,1.3,7842.03,0
481,13,12,355.91,2.3,6026.91,0
482,4,13,206.81,5.6,6436.83,0
483,1,13,257.85,1.7,4502.95,1
484,8,10,1062.08,7.8,8027.83,1
485,14,7,523.9,7.1,7336.92,0
486,14,14,403.49,5.4,8198.93,1
487,12,24,181.05,6.7,10660.46,1
488,3,16,398.67,7.2,8090.91,1
489,7,15,263.21,2.8,6309.97,0
490,12,12,1533.79,6.9,9518.26,0
491,2,9,1177.38,2.4,5105.48,0
492,2,8,143.82,3.9,4281.16,0
493,7,18,463.51,4.9,8120.68,1
494,6,23,227.48,6.0,9439.51,1
495,3,18,364.48,1.2,5905.66,1
496,9,13,1147.17,3.0,7289.73,0
497,10,18,474.87,5.3,8676.33,1
498,14,15,303.39,3.5,7565.56,1
499,13,4,216.53,6.4,5406.25,1
500,6,17,905.53,5.6,8607.58,1
501,10,5,589.77,2.6,4358.49,0
502,10,22,415.62,2.0,7858.55,0
503,6,16,222.62,5.4,7191.36,1
504,1,9,303.42,4.2,4672.27,1
505,4,10,1707.48,2.2,6027.27,1
506,10,24,467.08,3.3,9357.14,1
507,6,18,356.0,3.1,6662.27,1
508,6,17,468.47,1.8,6483.19,1
509,11,18,854.77,4.8,9180.01,1
510,12,7,307.84,6.3,6207.41,0
511,5,4,198.44,5.0,4312.04,1
512,1,5,539.66,6.8,5338.97,1
513,8,23,647.12,1.9,8138.33,1
514,5,16,723.65,4.0,7306.7,1
515,12,3,1168.48,5.3,5991.57,1
516,12,18,331.95,5.7,8648.1,1
517,12,23,139.17,5.9,9949.23,1
518,5,21,1689.21,6.1,10833.91,1
519,7,14,385.48,5.6,7175.58,1
520,4,15,588.1,1.7,5956.83,1
521,6,17,648.76,5.9,8444.01,1
522,13,1,495.4,6.1,5018.83,1
523,4,21,214.87,8.0,9574.07,1
524,14,17,803.54,5.9,9308.82,1
525,3,23,914.19,5.8,9884.78,1
526,7,11,502.57,4.6,6235.91,1
527,8,17,435.26,7.1,8852.34,1
528,4,14,160.48,8.0,7545.7,1
529,13,20,143.84,6.5,9624.46,1
530,2,19,307.43,5.3,7769.06,1
531,12,21,286.15,1.6,7526.53,1
532,10,7,1635.84,6.1,7814.4,1
533,14,24,865.37,6.0,11442.1,1
534,3,13,639.29,6.4,7142.94,1
535,1,18,464.54,1.9,6005.48,1
536,8,23,191.58,5.6,9574.69,1
537,3,14,2018.84,3.1,7869.59,0
538,12,1,335.03,6.3,5174.94,1
539,10,7,156.54,2.7,4615.06,0
540,7,8,440.41,5.8,5773.47,1
541,10,18,1135.73,3.1,8335.6,1
542,5,9,1191.47,1.1,4547.92,0
543,10,1,105.51,5.4,4185.34,0
544,5,22,1187.08,1.8,8305.36,1
545,14,17,258.37,5.6,8956.22,0
546,7,19,119.88,7.5,8886.94,1
547,9,6,1041.25,7.8,7229.24,1
548,12,3,1097.06,2.7,4579.89,0
549,5,24,553.46,6.7,10449.06,1
550,1,5,527.17,3.5,3671.41,0
551,10,2,938.65,7.3,5808.46,1
552,10,20,871.61,6.5,10106.61,1
553,1,4,1204.12,1.5,3391.71,0
554,2,10,502.32,3.8,5242.29,1
555,14,10,1815.53,3.4,7933.23,1
556,6,24,2879.43,6.5,13125.75,1
557,9,21,161.96,3.9,8127.15,1
558,8,11,1047.04,5.8,7733.43,0
559,13,16,446.4,5.2,8263.81,1
560,5,17,345.16,7.8,8545.75,1
561,1,16,574.76,7.6,8244.88,1
562,13,7,128.8,4.0,5195.32,0
563,7,16,453.08,6.1,8221.5,0
564,5,3,1123.55,6.8,5833.73,1
565,6,16,220.06,7.3,8521.72,1
566,13,8,377.9,1.5,4738.79,1
567,7,12,1502.4,3.1,7203.4,1
568,3,3,379.8,3.2,2896.78,0
569,12,17,321.87,4.0,8001.49,1
570,10,21,390.39,2.2,7860.16,1
571,3,18,466.41,4.5,7358.65,0
572,5,11,599.82,5.6,6473.54,1
573,6,4,906.45,4.5,5055.8,0
574,9,16,400.83,5.7,8107.22,0
575,13,17,950.45,1.5,7491.57,1
576,14,9,481.49,7.1,7818.85,0
577,12,6,306.61,7.6,6650.0,0
578,5,24,636.4,5.3,9640.32,1
579,1,20,732.43,7.2,9660.63,1
580,14,2,508.28,1.9,3472.67,0
581,14,9,129.14,6.6,7326.7,1
582,14,21,193.09,1.8,7865.47,1
583,4,6,267.94,3.9,4130.67,0
584,5,3,266.08,3.3,3124.08,0
585,12,20,659.54,5.1,9636.53,1
586,10,6,109.26,3.1,4023.59,0
587,10,7,804.64,5.5,6147.5,1
588,5,1,254.18,3.6,2877.32,0
589,7,23,285.55,7.0,9827.12,1
590,4,1,475.29,5.4,3571.79,1
591,1,5,221.63,2.5,2750.68,0
592,14,6,1179.12,3.4,5909.63,0
593,14,13,144.62,6.9,8047.91,1
594,5,2,393.84,3.7,3178.36,0
595,7,15,1046.64,4.8,7656.05,1
596,10,15,578.35,5.5,7928.06,1
597,10,13,272.89,3.4,6524.09,1
598,6,14,373.02,3.1,6187.19,1
599,5,22,713.27,4.3,9242.75,1
600,4,7,1910.81,2.5,5739.06,0
601,2,14,1218.11,3.0,6742.24,0
602,4,24,309.6,1.4,7433.84,0
603,10,10,3259.4,3.1,8990.71,0
604,10,17,101.76,3.2,7094.26,1
605,3,14,114.01,7.7,7192.51,1
606,10,8,968.18,5.1,6751.33,1
607,1,4,211.24,6.5,4210.17,1
608,8,16,131.35,1.3,5642.13,1
609,5,24,235.35,1.7,7817.59,1
610,13,13,377.65,6.7,8046.16,1
611,4,22,755.72,5.4,9309.32,1
612,8,20,589.53,2.3,7786.21,0
613,7,18,235.66,3.8,7268.34,0
614,2,14,449.85,4.8,6432.24,1
615,1,18,1403.29,6.9,9424.14,1
616,12,5,943.72,1.4,4597.38,0
617,11,9,295.18,5.2,6226.53,0
618,4,3,2116.1,6.0,6290.13,1
619,8,8,716.56,7.8,7263.55,1
620,12,20,132.24,6.7,9538.93,1
621,2,22,117.9,2.9,7081.45,1
622,3,10,192.21,6.0,5804.24,1
623,12,22,750.71,6.3,10716.42,1
624,1,19,201.51,6.1,7873.96,1
625,1,21,458.19,6.7,8818.66,1
626,13,3,148.95,7.3,5804.96,0
627,3,11,1368.43,1.7,5705.42,0
628,11,11,310.77,1.7,5267.11,0
629,5,17,1293.7,6.6,9521.95,1
630,12,16,1549.08,2.8,8560.21,1
631,3,7,103.07,1.4,2772.51,0
632,1,4,411.94,3.8,3457.25,0
633,1,23,112.48,6.7,8826.5,1
634,8,19,1296.76,1.9,8031.05,1
635,10,12,465.33,5.7,7303.5,1
636,11,15,138.95,1.0,5796.05,1
637,12,11,158.42,1.8,5366.97,0
638,13,5,341.86,3.5,4902.38,0
639,13,5,1508.66,1.6,5445.66,0
640,12,15,690.31,6.9,9262.65,1
641,14,18,1111.04,7.0,10835.66,1
642,2,11,328.21,6.3,6043.26,1
643,13,12,122.09,2.7,6251.04,0
644,3,2,1930.98,4.7,5441.86,1
645,2,20,108.66,2.3,6373.44,1
646,3,15,1574.92,3.0,7391.62,0
647,7,20,329.97,4.6,8114.36,1
648,1,4,105.07,6.1,3972.4,1
649,10,22,684.23,1.7,8217.92,1
650,8,18,2069.7,3.1,9264.58,1
651,13,6,1785.22,7.5,8693.29,1
652,10,23,187.73,4.0,8992.66,1
653,10,19,199.99,7.6,9418.27,1
654,10,11,516.82,7.9,7966.77,1
655,14,24,607.1,4.7,10222.77,1
656,2,2,772.42,3.0,3156.2,1
657,3,8,199.87,6.5,5507.09,1
658,9,11,1697.18,2.1,6931.64,1
659,7,5,609.08,2.8,4535.85,0
660,4,18,1038.81,6.5,9014.12,1
661,10,23,488.34,4.0,9401.03,1
662,5,18,367.45,2.4,6842.27,1
663,2,14,1990.12,5.6,8555.84,1
664,13,22,536.28,6.1,10410.86,1
665,11,10,1108.23,1.9,6073.4,0
666,13,3,1631.92,2.9,5972.23,0
667,8,9,662.51,2.5,5247.49,1
668,4,3,498.08,3.7,3347.81,0
669,9,11,101.76,6.3,6698.68,1
670,5,12,120.42,6.0,6369.43,1
671,13,12,212.1,5.6,7078.54,1
672,9,3,202.9,1.0,2519.38,0
673,4,21,247.02,2.0,6925.3,1
674,10,7,281.87,2.6,4448.55,1
675,5,14,323.19,2.9,5577.01,0
676,9,24,372.83,2.0,8490.43,1
677,8,11,152.05,3.9,5487.36,1
678,3,7,121.64,1.5,2906.95,0
679,1,21,660.34,6.3,8863.59,1
680,3,10,485.38,6.5,6546.97,1
681,4,11,393.62,5.0,5858.51,1
682,2,15,603.16,1.6,5648.21,1
683,1,19,979.2,7.2,9319.25,1
684,7,16,379.04,7.8,8849.58,1
685,8,22,612.38,2.4,8294.8,1
686,7,21,1634.93,5.9,10593.69,1
687,14,20,1015.12,6.9,11061.15,1
688,5,12,377.56,4.8,6139.09,1
689,12,18,617.42,3.3,8197.01,0
690,1,23,197.44,4.3,8154.98,1
691,7,13,511.08,4.6,7053.01,1
692,13,5,2090.37,3.8,7101.09,0
693,7,4,465.23,7.5,5920.78,1
694,9,14,1413.04,6.2,9167.96,1
695,3,8,361.56,2.7,3970.23,0
696,9,9,3481.75,5.1,9904.47,1
697,14,19,532.82,5.8,9670.12,1
698,1,3,121.59,2.0,1845.47,1
699,1,5,541.86,3.5,3435.79,0
700,14,21,260.5,7.3,10642.98,1
701,4,18,116.51,5.0,7271.18,0
702,9,1,959.78,2.5,3709.54,0
703,6,8,261.3,1.9,3871.03,0
704,13,19,896.16,4.6,9425.18,1
705,11,17,269.99,4.8,7939.66,0
706,3,17,208.04,3.3,6558.17,1
707,1,11,1923.59,5.4,7555.22,0
708,4,2,324.43,1.5,2273.66,0
709,12,6,559.87,2.0,4396.3,0
710,13,22,570.78,4.8,10141.85,1
711,9,14,511.03,1.4,5850.54,1
712,3,3,1330.77,7.2,6060.89,1
713,12,12,661.11,2.0,5936.01,0
714,9,4,358.53,5.7,4887.28,1
715,7,12,1091.63,3.7,6870.95,1
716,12,13,199.87,3.8,6487.1,1
717,14,2,492.89,6.4,5830.22,0
718,4,2,1603.4,4.5,4981.99,0
719,3,15,590.95,6.1,7458.32,1
720,10,23,949.05,4.5,9992.2,1
721,5,17,630.02,5.2,7880.4,1
722,5,7,1014.33,6.3,6328.27,1
723,3,14,1545.58,5.3,8152.01,1
724,12,12,259.36,5.3,7128.91,0
725,9,17,192.96,6.5,8672.85,1
726,4,14,430.82,7.6,8031.43,1
727,11,6,705.1,3.6,5172.73,0
728,5,19,228.86,5.0,7828.72,1
729,4,24,102.05,1.6,7194.55,1
730,5,6,309.99,3.5,3922.67,1
731,7,18,1834.62,3.9,9020.21,1
732,9,24,693.67,6.8,11134.59,1
733,7,5,356.52,4.6,4778.86,0
734,13,24,206.95,6.1,10413.07,1
735,5,24,320.1,1.1,7330.75,1
736,10,6,193.07,4.3,4928.97,0
737,10,2,156.2,7.3,5053.68,1
738,7,8,1286.19,2.6,5731.13,1
739,14,15,3126.74,1.2,9623.87,1
740,10,15,189.63,4.0,6672.03,1
741,5,11,128.03,5.9,6153.06,1
742,3,22,300.04,4.2,8012.76,1
743,7,22,409.63,4.2,8752.58,1
744,13,24,214.59,5.7,10325.06,1
745,11,1,279.36,2.8,3243.03,0
746,11,18,212.12,6.3,8956.46,1
747,2,12,844.19,2.1,5234.19,1
748,12,12,723.4,3.8,7033.31,1
749,9,11,603.86,5.6,7070.97,1
750,10,8,344.87,6.8,6463.61,0
751,10,7,1298.67,6.5,7510.12,0
752,12,23,1845.55,6.1,12237.76,1
753,1,21,195.36,3.5,7237.94,1
754,13,2,226.17,1.9,3136.43,0
755,6,11,472.88,2.5,5259.04,0
756,7,22,147.84,7.1,9727.13,1
757,14,10,386.75,7.0,7901.21,1
758,13,3,535.89,7.7,6387.34,1
759,8,20,469.15,1.5,6998.24,0
760,10,10,300.92,4.8,6175.23,1
761,9,18,490.93,5.5,8520.17,1
762,2,14,1694.67,6.0,8392.63,1
763,11,18,215.35,5.5,8569.57,1
764,10,24,631.86,6.4,10982.28,1
765,2,8,122.18,3.5,4068.86,1
766,5,10,134.36,2.3,4307.77,0
767,13,22,501.29,2.4,8943.2,1
768,5,13,155.43,1.1,4531.36,0
769,6,21,111.3,3.5,7687.43,1
770,3,8,194.08,1.6,3275.02,0
771,8,4,516.03,3.3,3881.51,1
772,13,4,707.59,5.4,5921.5,1
773,1,5,213.12,7.3,4658.14,1
774,6,1,651.7,6.9,4707.11,1
775,4,17,200.74,2.8,6243.44,1
776,1,2,575.26,1.9,2055.32,0
777,7,8,365.48,2.4,4339.42,0
778,9,7,630.37,7.8,7117.16,1
779,13,15,2754.46,4.8,10712.16,1
780,4,5,1488.84,2.3,4549.76,0
781,4,2,102.15,6.9,4207.19,0
782,6,7,1183.32,3.8,5413.75,0
783,12,8,134.4,7.3,6965.82,1
784,3,7,1629.3,2.8,5031.66,0
785,13,7,265.52,3.8,5599.04,1
786,12,14,340.66,4.5,7469.49,1
787,6,21,148.06,7.2,9562.58,1
788,7,18,159.55,7.1,8817.3,1
789,11,6,748.67,5.0,5971.2,1
790,10,4,1544.18,2.6,5085.81,0
791,10,10,571.76,3.8,6103.01,1
792,3,18,729.13,7.8,9383.61,1
793,7,12,817.68,5.3,7062.3,1
794,14,16,252.46,6.5,8916.96,1
795,3,7,123.14,4.1,3853.32,0
796,13,6,100.94,4.7,5185.69,0
797,13,5,315.89,4.0,4861.47,0
798,2,3,238.18,5.9,4192.07,1
799,12,12,132.17,7.0,7530.12,1
800,14,15,198.94,4.6,7776.7,1
801,10,10,166.48,4.4,6103.68,1
802,4,20,1331.84,3.4,8750.92,1
803,12,19,175.57,2.2,7636.75,0
804,8,16,485.71,7.6,9201.98,1
805,13,11,549.6,3.2,6423.6,0
806,9,8,492.07,6.6,6713.93,1
807,7,3,152.16,6.0,4505.17,0
808,1,23,291.95,6.5,9233.84,1
809,3,7,126.32,7.6,5725.67,1
810,13,23,351.82,5.4,10403.41,1
811,12,7,204.5,7.3,6757.71,0
812,14,14,512.35,2.2,6630.0,1
813,9,2,690.14,5.4,4921.69,0
814,12,10,479.77,6.4,7508.01,1
815,1,19,384.79,2.9,6514.12,1
816,9,9,344.97,6.2,6397.91,1
817,8,16,1021.61,6.4,9230.76,1
818,1,19,223.83,6.8,8126.88,1
819,6,18,762.54,3.2,7508.59,1
820,5,9,808.34,5.8,6347.85,1
821,6,16,371.67,3.1,6611.18,1
822,10,13,276.41,6.2,7725.16,1
823,12,10,417.95,4.2,6450.2,0
824,13,20,148.92,5.2,9001.63,1
825,13,14,123.51,3.9,7168.82,1
826,13,12,159.17,2.1,5841.66,0
827,5,19,203.6,2.2,6753.98,1
828,6,7,450.77,1.5,3849.25,1
829,5,23,1045.69,5.3,9924.57,1
830,11,15,234.36,6.9,8336.46,1
831,12,16,1467.93,1.1,7666.39,1
832,5,8,1649.52,1.5,5386.67,1
833,4,10,1695.93,4.2,6729.16,1
834,3,4,1008.73,6.2,5147.03,1
835,3,19,326.14,2.1,6176.08,1
836,4,19,137.73,2.9,6512.56,1
837,9,21,520.61,2.6,8017.19,0
838,2,15,508.99,3.8,6326.48,0
839,9,14,1048.48,2.6,6824.2,0
840,1,1,2859.61,3.5,5461.51,1
841,14,16,454.8,6.1,8977.43,1
842,1,10,311.72,5.3,5062.31,1
843,5,19,202.84,1.6,6296.35,1
844,6,22,102.41,5.5,8823.02,1
845,6,3,455.77,4.3,4257.19,1
846,3,5,505.42,7.5,5646.69,1
847,7,9,971.31,3.0,5351.49,0
848,9,18,451.17,6.1,8893.27,1
849,11,11,1341.26,6.1,8457.89,1
850,12,16,594.54,2.6,7391.92,1
851,10,2,1017.34,7.3,6611.51,1
852,8,12,180.26,4.4,6093.06,1
853,6,22,1066.67,5.8,9990.59,1
854,12,6,662.19,2.0,4714.43,0
855,8,11,193.31,2.8,5477.88,0
856,12,8,205.21,5.1,6083.15,1
857,5,12,1405.24,3.2,6689.83,1
858,8,2,116.37,4.5,3771.41,0
859,10,9,410.45,3.6,5839.73,1
860,12,15,288.06,5.5,7888.09,1
861,4,2,646.93,4.4,3590.72,1
862,10,1,1015.13,1.0,3141.06,0
863,8,10,323.44,5.5,6389.79,1
864,10,2,378.35,4.0,4141.31,0
865,12,12,2106.41,3.4,8423.73,1
866,2,23,866.05,1.7,7836.1,1
867,12,8,1237.51,2.5,6302.71,0
868,12,5,388.81,2.6,4345.05,0
869,5,22,233.34,7.5,9717.13,1
870,9,1,365.4,4.0,3666.42,0
871,4,15,729.55,1.3,5638.42,0
872,11,6,157.95,2.0,3947.45,0
873,6,12,257.68,1.6,4700.2,0
874,1,8,123.88,5.1,4551.94,1
875,9,13,383.12,2.3,5767.18,1
876,1,19,978.52,4.5,7978.63,1
877,5,1,112.49,3.6,2749.78,0
878,4,11,662.46,6.6,7035.66,1
879,13,20,1447.78,3.2,9947.95,1
880,12,1,235.2,4.2,3528.22,1
881,13,8,691.49,6.0,7033.86,1
882,13,5,1946.48,4.0,6849.73,0
883,14,17,1738.76,6.6,10927.04,1
884,3,8,233.89,5.6,5020.18,0
885,13,10,152.86,3.9,5745.51,1
886,6,2,180.25,4.5,3574.68,0
887,2,9,705.39,7.8,6744.18,1
888,3,24,746.87,5.6,9873.67,1
889,5,23,660.79,7.3,10266.94,1
890,9,3,304.8,2.3,2963.44,0
891,2,18,193.03,4.4,6980.01,1
892,10,7,534.66,7.4,6998.78,1
893,8,15,430.51,3.3,6600.51,1
894,14,21,752.51,7.8,11178.6,1
895,2,22,391.13,1.7,7152.54,0
896,11,20,306.73,7.3,9972.9,1
897,13,18,273.7,4.1,8091.14,1
898,5,3,218.79,1.5,2070.28,0
899,7,23,254.45,7.2,10012.57,1
900,8,14,149.82,2.8,5824.24,1
901,1,24,312.98,1.2,7130.09,1
902,6,2,118.63,2.0,2237.64,1
903,1,14,203.15,5.6,6369.67,1
904,2,22,786.73,7.8,10076.88,1
905,1,11,296.87,1.8,4234.47,0
906,11,16,651.67,4.2,8153.61,1
907,5,8,730.95,2.3,4630.65,1
908,10,7,535.16,6.2,6379.93,1
909,9,11,1693.42,1.8,6744.14,0
910,6,3,110.84,2.7,2422.25,0
911,11,17,770.95,2.4,7594.19,1
912,11,14,1694.5,4.9,9332.27,1
913,1,6,1091.24,7.1,6042.96,1
914,13,8,191.9,4.6,5702.37,1
915,1,22,297.87,1.4,6589.56,1
916,2,5,194.64,4.9,3819.03,1
917,9,8,559.78,6.6,6575.31,1
918,3,2,722.72,1.9,2633.31,0
919,1,15,290.68,1.5,5021.54,1
920,5,12,487.73,2.3,5267.98,1
921,7,17,687.08,6.2,8542.72,1
922,6,1,373.52,5.1,3631.64,0
923,12,15,1062.13,4.8,8665.59,1
924,1,14,838.22,2.7,5960.33,1
925,5,20,133.43,3.3,7225.45,1
926,5,22,585.27,7.8,10160.87,1
927,6,16,234.15,2.7,6325.12,0
928,3,9,507.68,7.3,6781.27,1
929,5,1,1671.98,5.1,5303.62,0
930,7,17,1156.24,1.9,7613.53,1
931,5,13,359.19,4.3,6109.85,0
932,5,21,272.31,7.6,9769.41,1
933,5,21,233.55,3.9,8092.0,1
934,10,5,480.19,7.0,6122.83,0
935,10,10,160.66,2.8,5026.7,0
936,3,6,498.45,5.0,4562.38,1
937,1,24,100.67,6.9,9335.28,1
938,5,19,295.67,7.4,8829.12,1
939,14,13,224.19,4.4,7432.79,1
940,9,1,1874.02,5.5,5851.27,1
941,14,20,749.59,1.0,8102.16,1
942,1,15,315.12,2.8,5156.34,0
943,3,14,148.72,3.0,5673.2,1
944,13,8,463.66,1.7,5048.31,0
945,13,10,220.05,3.0,5416.03,0
946,4,9,484.4,3.2,4818.57,1
947,14,17,1002.0,7.8,10597.78,1
948,1,9,578.29,5.7,5643.29,1
949,1,3,602.27,4.0,3479.94,0
950,8,11,489.39,7.9,7739.55,1
951,2,12,1410.47,2.1,5857.2,0
952,12,10,1443.41,4.3,7350.23,0
953,8,17,459.46,5.5,8262.08,0
954,7,17,282.47,1.4,5745.18,1
955,10,11,407.71,6.0,7343.67,1
956,10,22,203.24,1.7,7488.75,1
957,2,4,605.77,2.0,2902.97,0
958,6,7,446.67,2.1,4083.32,0
959,6,21,154.52,7.5,9811.05,1
960,3,14,210.1,5.8,6980.32,0
961,11,7,426.61,5.6,6305.61,0
962,2,24,1192.8,4.9,9868.75,1
963,12,8,517.81,3.0,5601.05,0
964,1,1,672.12,5.3,3623.74,0
965,6,24,307.02,3.9,8884.58,1
966,12,22,523.63,2.0,8383.38,1
967,5,4,396.54,5.8,4959.31,0
968,14,12,638.13,1.9,6183.51,0
969,14,24,125.95,2.3,8721.18,1
970,11,3,439.92,6.7,5684.8,1
971,9,13,275.48,5.6,6921.14,1
972,1,20,297.4,5.4,7932.14,1
973,7,6,1721.04,3.9,6417.78,1
974,5,11,200.87,3.8,5351.59,0
975,5,23,286.44,5.8,9322.79,1
976,14,4,456.57,6.2,5882.9,1
977,2,20,1093.99,4.6,8384.61,0
978,11,16,369.5,7.8,9396.13,1
979,3,7,781.03,7.7,6511.88,1
980,7,22,1070.27,3.9,9467.16,1
981,6,11,285.54,6.7,6518.79,0
982,12,24,349.41,4.8,10130.38,1
983,2,1,320.46,4.6,3234.45,1
984,6,7,994.45,1.4,4487.67,0
985,2,12,122.68,5.0,5689.74,1
986,2,7,284.39,7.3,5461.42,1
987,2,23,668.79,6.5,9718.24,1
988,14,7,516.71,6.5,7000.07,0
989,11,10,386.61,2.1,5163.36,1
990,3,16,488.21,3.5,6462.08,1
991,2,8,210.06,2.6,3991.46,0
992,4,9,381.69,3.2,4488.3,0
993,9,9,448.28,5.1,6079.15,1
994,6,2,1257.27,3.6,4411.96,0
995,1,13,251.12,4.9,6214.68,1
996,8,13,1111.83,4.1,7330.32,1
997,12,23,616.75,3.0,9013.11,1
998,14,23,110.28,1.7,7992.36,1
999,7,4,744.82,7.2,6371.09,1
1000,10,24,118.1,1.1,7541.14,0
1001,3,12,3072.51,1.0,7513.61,1
1002,1,17,1130.36,6.8,8553.95,1
1003,5,2,276.44,8.0,4903.38,1
1004,13,13,248.81,6.1,7751.7,1
1005,4,18,340.18,1.1,5593.04,1
1006,10,15,320.16,2.6,6681.12,0
1007,8,8,332.88,7.8,6935.31,1
1008,1,15,291.57,6.7,7152.93,0
1009,10,1,585.29,5.0,4301.53,1
1010,1,20,189.72,2.7,6707.05,1
1011,12,10,1035.34,1.1,5691.17,0
1012,4,12,936.73,1.1,5432.64,0
1013,8,5,423.59,5.3,5028.91,1
1014,5,9,1057.74,1.2,4701.9,0
1015,2,23,241.94,8.0,9675.55,1
1016,6,8,108.86,2.3,3813.3,0
1017,5,16,582.75,6.0,8143.66,1
1018,2,14,406.16,2.1,5342.65,1
1019,13,13,518.7,4.8,7859.93,1
1020,14,23,1248.0,1.6,9698.29,1
1021,11,21,1852.04,6.4,11843.16,1
1022,11,13,603.18,5.1,7679.9,0
1023,11,5,822.08,1.6,4215.97,1
1024,3,16,143.76,6.9,7428.45,0
1025,9,11,187.6,4.8,6193.51,1
1026,7,22,760.64,7.5,10433.99,1
1027,7,5,382.26,7.4,6044.26,1
1028,11,13,395.26,7.4,8560.62,1
1029,6,11,284.52,1.5,4354.12,0
1030,8,19,567.43,1.8,7388.75,1
1031,4,3,202.38,7.9,4857.09,1
1032,8,15,592.98,4.4,7624.21,1
1033,4,7,195.46,2.7,3640.67,0
1034,8,7,132.98,6.4,5812.83,0
1035,9,6,300.51,2.8,4440.51,0
1036,3,3,231.42,6.1,4217.97,0
1037,3,13,1199.07,6.9,8116.3,1
1038,11,7,128.26,6.5,6275.54,1
1039,13,5,197.16,2.9,4214.73,0
1040,2,23,497.83,3.8,8013.15,1
1041,13,18,427.99,3.9,8497.23,0
1042,10,22,123.47,4.4,8648.77,1
1043,3,8,103.64,2.2,3599.87,0
1044,3,17,2314.26,4.2,9283.58,1
1045,5,20,637.69,4.6,8422.02,1
1046,5,1,327.39,4.7,3225.99,1
1047,2,14,417.85,6.7,7206.56,1
1048,12,17,255.0,4.6,8077.64,1
1049,10,10,311.46,2.6,5280.51,0
1050,13,12,623.55,5.6,7711.66,1
1051,6,16,1171.99,6.6,9199.47,1
1052,5,14,201.75,3.2,5919.2,1
1053,6,16,1017.42,5.5,8496.2,1
1054,1,8,164.8,2.0,3164.81,0
1055,5,23,221.03,3.4,8271.22,1
1056,9,10,118.94,7.4,7129.94,1
1057,12,17,175.88,7.4,8928.56,1
1058,10,18,1346.29,5.0,9609.51,1
1059,14,20,407.57,5.9,10121.47,1
1060,2,16,140.42,7.0,7694.45,1
1061,1,17,1706.03,7.7,10059.7,1
1062,14,16,1155.95,4.4,8955.11,1
1063,10,19,802.6,4.9,9150.93,1
1064,13,24,1455.07,3.9,11037.89,1
1065,11,24,224.31,1.5,8265.58,1
1066,9,8,1005.07,4.0,5990.77,1
1067,10,6,685.58,6.5,6277.88,1
1068,9,6,1119.19,6.6,6918.06,1
1069,9,21,897.06,7.2,10550.36,1
1070,6,9,312.7,1.4,4045.27,1
1071,8,4,844.49,4.7,5079.32,1
1072,14,12,252.21,1.8,5481.97,0
1073,11,12,299.19,2.4,5968.64,0
1074,13,23,157.09,7.3,10849.49,1
1075,1,17,1467.27,4.5,8076.93,1
1076,10,15,271.95,6.3,8065.3,1
1077,4,9,467.63,1.5,3759.75,1
1078,1,7,348.24,3.9,4041.53,0
1079,8,10,1708.54,5.7,8186.28,1
1080,1,16,304.02,1.9,5616.79,1
1081,3,12,853.77,3.3,5847.55,1
1082,13,7,1066.95,1.5,5251.01,0
1083,4,18,386.0,5.6,8123.8,1
1084,8,15,337.55,7.8,8449.54,1
1085,6,6,788.66,6.8,6243.43,1
1086,14,12,1320.33,7.8,9671.02,1
1087,10,11,803.11,6.9,8047.06,0
1088,12,20,228.82,7.0,9998.96,1
1089,7,3,1196.0,5.0,5045.49,0
1090,14,2,345.17,4.6,4843.37,0
1091,8,6,529.28,3.8,4878.79,0
1092,2,24,990.22,6.7,10476.25,0
1093,13,22,204.37,2.3,8530.66,1
1094,10,5,867.42,1.4,3999.41,0
1095,14,18,553.37,7.6,10078.94,1
1096,11,16,1219.06,1.0,7091.11,0
1097,8,8,194.35,7.8,6800.14,1
1098,3,20,372.95,6.1,8479.19,1
1099,7,22,994.41,3.3,8887.03,1
1100,3,11,109.71,5.9,5743.18,1
1101,7,10,159.51,6.7,6583.93,1
1102,14,24,2431.68,2.7,11816.77,1
1103,11,12,264.53,6.4,7302.93,1
1104,12,21,1955.42,6.6,11812.46,1
1105,13,6,200.77,2.7,4457.36,0
1106,2,20,324.0,1.3,6348.58,0
1107,10,5,798.92,2.4,4437.8,1
1108,6,23,636.15,2.4,8093.94,1
1109,3,9,535.09,1.5,3894.62,0
1110,3,16,477.4,6.1,7675.52,1
1111,9,22,1027.16,3.7,9236.75,1
1112,7,14,233.91,7.2,7673.83,1
1113,5,22,392.12,2.8,7926.47,0
1114,12,8,184.48,4.2,5354.49,1
1115,10,20,553.1,5.5,9444.53,1
1116,7,19,244.2,7.1,8865.05,1
1117,9,14,303.11,4.7,6819.88,0
1118,1,7,418.62,3.6,4002.42,1
1119,7,5,113.57,7.1,5294.18,1
1120,6,18,148.22,3.2,6744.92,1
1121,10,2,679.07,1.6,3237.82,0
1122,14,11,380.16,4.1,6653.45,0
1123,12,22,1100.46,6.5,11041.38,1
1124,9,8,693.18,1.2,4532.36,0
1125,1,1,104.07,5.1,2817.52,0
1126,13,22,579.48,5.2,10084.43,1
1127,4,12,149.21,7.5,7031.23,1
1128,9,2,859.19,3.0,3843.1,0
1129,4,18,2484.3,3.0,9137.93,1
1130,10,7,478.79,4.1,5310.36,1
1131,3,17,674.08,3.5,6875.37,1
1132,9,22,235.45,6.2,9630.16,1
1133,13,23,387.77,5.5,10188.1,1
1134,2,14,1069.3,6.3,7866.47,1
1135,4,24,191.61,6.7,9729.14,1
1136,6,7,254.31,7.5,6397.35,1
1137,2,22,394.78,4.0,7813.26,1
1138,8,3,722.83,7.9,6101.09,1
1139,8,6,335.71,2.5,3826.03,0
1140,1,20,1413.69,6.0,9444.22,1
1141,12,2,149.61,4.7,4129.11,1
1142,3,17,331.66,6.7,8127.07,1
1143,10,12,717.14,4.3,6791.3,1
1144,9,12,228.08,6.5,7390.23,0
1145,5,17,634.16,7.5,9070.47,1
1146,6,10,189.69,6.1,6512.67,1
1147,4,3,128.8,6.4,4549.71,0
1148,10,20,164.49,1.5,6939.31,1
1149,2,18,1429.52,2.4,7736.57,0
1150,11,13,501.2,7.8,8641.85,1
1151,8,12,895.67,5.9,7714.01,1
1152,11,17,302.22,4.9,8409.25,1
1153,13,4,549.05,3.6,4711.11,0
1154,6,23,441.55,1.3,7598.08,1
1155,5,10,1556.97,3.6,6289.02,1
1156,9,11,788.32,4.5,6930.75,1
1157,1,6,755.67,2.5,3958.3,1
1158,5,6,123.73,2.2,3329.85,0
1159,6,9,498.89,4.6,5825.39,0
1160,5,15,414.61,5.1,7314.42,1
1161,6,2,1414.45,2.7,4017.09,0
1162,6,4,248.76,5.1,4367.42,1
1163,7,5,257.24,7.3,5758.85,1
1164,4,17,364.96,4.3,6933.48,1
1165,14,8,239.44,7.0,7334.81,0
1166,11,8,169.16,7.5,6818.2,1
1167,14,22,1073.91,1.6,9177.21,1
1168,14,12,508.54,1.7,6002.5,0
1169,14,21,1087.95,4.3,10190.7,0
1170,8,8,989.33,5.1,6889.17,0
1171,7,19,265.67,4.0,7609.36,1
1172,9,3,496.75,3.3,3672.54,0
1173,7,18,143.44,5.5,8005.8,1
1174,3,21,1334.04,1.0,7537.95,0
1175,3,19,358.98,7.8,8978.91,1
1176,8,19,350.17,2.6,7404.23,0
1177,5,15,280.31,7.4,7862.1,1
1178,4,6,408.71,1.8,3209.23,0
1179,8,16,245.02,2.7,6497.94,1
1180,6,8,334.88,2.6,4194.96,0
1181,2,16,904.59,8.0,8907.45,1
1182,4,18,998.65,1.0,6686.74,0
1183,12,20,281.33,5.5,9225.01,1
1184,11,16,416.51,7.1,9032.86,1
1185,4,11,1135.02,5.7,7213.21,1
1186,6,7,127.06,3.5,4114.09,1
1187,6,17,1199.77,7.7,9658.17,1
1188,1,17,223.71,7.3,7747.71,1
1189,14,12,667.44,4.0,7118.16,0
1190,8,13,536.8,5.0,7295.01,1
1191,6,10,502.53,7.8,7060.32,1
1192,3,7,1080.78,7.9,7046.21,0
1193,14,14,153.55,4.1,7128.52,0
1194,9,23,313.11,6.9,10480.19,1
1195,2,1,486.37,3.1,2411.57,0
1196,11,17,933.77,3.6,8316.38,0
1197,8,4,221.96,2.2,3273.14,0
1198,10,21,912.1,2.5,8841.59,1
1199,3,5,355.11,5.6,4469.77,1
1200,13,20,204.69,4.6,8772.12,0
1201,12,24,811.45,2.6,9668.51,1
1202,5,23,147.65,3.8,8008.29,1
1203,6,7,461.56,3.6,4391.77,1
1204,10,10,133.0,7.9,7474.83,1
1205,6,17,320.35,7.0,8593.54,1
1206,4,7,559.49,3.7,4623.56,0
1207,3,1,506.1,7.4,4531.5,1
1208,4,7,359.31,3.4,4109.7,1
1209,1,24,380.23,5.7,9368.29,1
1210,4,11,228.59,7.8,7256.91,1
1211,1,9,404.3,3.7,4550.67,1
1212,12,12,1631.52,5.8,8886.9,1
1213,1,3,1050.07,3.1,3360.88,0
1214,10,4,178.46,2.9,3767.72,0
1215,14,4,115.12,5.0,4892.46,1
1216,6,13,1455.46,7.9,9070.43,1
1217,5,23,474.07,4.2,8723.61,1
1218,14,19,485.92,7.6,10492.74,1
1219,11,10,858.7,7.4,8400.99,1
1220,4,5,288.94,2.8,3363.7,1
1221,13,7,428.8,3.8,5614.79,1
1222,11,24,1831.48,5.5,12141.57,1
1223,3,16,657.6,4.6,7364.37,1
1224,1,1,183.47,1.7,1259.64,1
1225,6,12,171.49,8.0,7636.61,1
1226,2,2,214.24,6.3,3972.72,1
1227,8,7,827.74,4.1,5578.63,0
1228,10,11,275.05,5.3,6697.76,1
1229,5,13,110.81,1.6,4798.74,0
1230,7,2,1542.76,4.5,5275.76,0
1231,10,7,192.99,7.5,6284.26,1
1232,12,15,104.8,7.3,8654.38,1
1233,2,11,235.33,3.4,4962.02,1
1234,13,2,233.96,4.7,4612.86,0
1235,8,7,374.1,5.9,5862.24,1
1236,2,4,1365.31,3.4,4421.61,0
1237,4,11,1156.75,1.5,5212.93,1
1238,1,2,405.23,4.5,3131.24,0
1239,5,16,364.58,5.2,7491.75,1
1240,9,7,504.85,1.0,3961.91,0
1241,1,13,239.5,1.7,4544.02,1
1242,9,5,126.8,2.5,3507.23,0
1243,11,17,1500.28,3.4,9079.24,0
1244,8,21,203.33,4.8,8515.54,1
1245,6,12,210.57,3.1,5378.71,1
1246,7,19,419.77,2.9,7329.41,1
1247,3,7,438.26,7.1,5809.59,1
1248,14,6,109.3,2.0,4523.14,0
1249,1,8,180.06,4.5,4423.17,0
1250,5,13,337.53,7.7,7740.21,1
1251,14,5,675.58,5.4,6371.28,1
1252,12,2,229.66,6.0,4540.08,0
1253,12,9,374.97,4.0,5924.54,1
1254,2,11,507.48,1.1,4036.81,0
1255,14,24,1197.28,5.5,11473.42,1
1256,5,6,297.31,5.4,4668.04,1
1257,8,7,171.68,1.8,3681.0,0
1258,11,7,435.96,4.2,5602.98,1
1259,9,19,786.63,7.4,10085.21,1
1260,2,6,158.19,2.4,3145.68,1
1261,12,11,376.42,4.2,6554.89,0
1262,3,11,108.97,4.2,5318.17,1
1263,3,7,117.07,6.7,5178.96,1
1264,1,2,429.81,6.8,3902.29,1
1265,8,19,277.05,6.3,8647.11,1
1266,6,4,1032.51,3.6,4485.53,1
1267,12,6,560.85,1.5,4157.91,0
1268,13,17,402.51,3.4,7755.3,0
1269,8,5,362.07,5.8,5406.63,1
1270,11,7,443.83,5.9,6041.08,1
1271,9,9,120.64,7.8,7190.74,1
1272,5,1,1216.5,4.2,4067.9,1
1273,14,1,3289.49,5.4,8132.96,1
1274,12,19,200.13,4.8,8557.86,1
1275,14,6,164.13,2.1,4526.26,0
1276,3,18,177.5,4.2,6868.94,0
1277,5,10,640.92,4.8,5945.19,1
1278,5,11,641.53,7.7,7484.57,1
1279,5,1,1041.69,3.6,3877.13,0
1280,3,1,796.81,7.9,5036.56,1
1281,11,13,398.64,4.8,7273.54,1
1282,14,5,574.48,2.7,4851.24,0
1283,10,20,682.83,2.3,8056.64,1
1284,14,1,459.48,2.0,3302.91,0
1285,4,20,422.8,4.2,8159.44,1
1286,9,3,617.96,1.2,3509.42,0
1287,13,18,507.63,4.1,8388.53,1
1288,10,9,616.33,7.9,7592.36,0
1289,9,14,574.48,5.7,7836.33,1
1290,2,17,735.05,6.3,7874.44,1
1291,8,23,614.73,1.8,8279.79,1
1292,8,14,466.72,4.3,7261.41,1
1293,7,4,672.53,3.0,3908.81,1
1294,8,5,398.45,7.3,6116.61,1
1295,14,21,238.32,2.3,8457.46,1
1296,3,17,100.71,4.2,6496.62,1
1297,13,22,510.45,5.1,10001.63,1
1298,6,2,546.6,4.6,3998.26,0
1299,1,23,1888.65,6.8,11310.98,1
1300,7,22,324.3,2.6,8028.5,0
1301,1,5,350.55,3.6,3597.81,0
1302,9,4,212.7,6.5,5162.98,1
1303,1,4,136.57,4.7,3423.42,0
1304,1,6,840.97,3.8,4568.2,1
1305,7,20,243.63,1.2,6913.67,1
1306,2,21,569.4,6.3,9030.21,1
1307,14,13,682.01,7.8,9181.05,1
1308,5,22,418.61,5.3,9161.52,1
1309,8,5,1145.16,7.0,6812.73,1
1310,8,23,393.31,4.6,9337.32,1
1311,3,23,267.67,2.6,7727.37,1
1312,7,7,1231.76,1.1,4420.99,0
1313,3,20,1088.67,5.6,9301.68,1
1314,6,1,189.59,4.5,3223.98,0
1315,6,14,113.15,6.5,7440.62,1
1316,3,24,147.15,5.9,9177.9,1
1317,7,4,268.82,7.9,5812.15,1
1318,3,17,1892.44,4.6,9007.01,1
1319,8,21,508.81,4.0,8534.28,1
1320,10,14,333.61,3.0,6318.31,1
1321,4,16,1197.84,4.3,7990.52,1
1322,13,14,401.78,7.1,8613.15,1
1323,1,16,289.34,1.3,5000.49,0
1324,4,24,1516.97,7.8,11775.81,1
1325,14,20,1046.95,8.0,11570.33,1
1326,7,8,1027.89,5.2,6507.96,0
1327,11,24,459.01,3.3,9131.69,1
1328,4,3,878.99,2.6,3328.62,0
1329,13,19,198.83,2.9,7753.71,1
1330,6,1,525.75,1.4,2174.52,0
1331,9,2,2162.79,4.3,5823.11,0
1332,1,15,271.92,1.4,4996.95,0
1333,13,22,890.8,6.0,10851.21,1
1334,5,10,437.14,3.6,5226.0,1
1335,11,18,120.31,2.4,7155.62,1
1336,7,22,819.89,4.8,9567.78,1
1337,1,14,192.3,7.8,7444.12,1
1338,14,17,599.12,5.9,9286.26,0
1339,4,13,144.78,4.4,5918.44,0
1340,6,1,1567.48,6.4,5874.91,1
1341,2,5,272.46,6.2,4669.81,1
1342,10,13,228.39,7.2,8242.28,1
1343,5,14,169.13,2.4,5418.69,0
1344,11,24,1559.41,7.0,12444.36,1
1345,10,3,722.23,3.1,4196.46,0
1346,1,15,776.74,7.6,8264.79,1
1347,6,19,445.98,3.0,7396.9,1
1348,6,17,421.92,7.5,8779.29,1
1349,13,3,158.28,7.7,5888.91,0
1350,4,16,510.31,2.0,6096.84,0
1351,13,14,241.79,7.8,8937.98,1
1352,8,12,1989.3,1.6,7287.32,1
1353,4,12,896.24,2.5,5694.66,0
1354,8,11,366.36,4.1,5849.6,1
1355,13,17,182.05,8.0,9610.02,1
1356,8,8,869.33,4.4,6107.6,0
1357,5,17,165.08,4.9,6913.66,0
1358,13,21,204.95,5.9,9692.45,1
1359,4,23,218.82,7.8,10092.67,1
1360,12,20,506.97,6.5,10001.14,1
1361,13,11,873.36,2.6,6460.37,1
1362,2,2,288.67,3.1,2310.42,0
1363,11,10,144.24,1.7,4748.82,1
1364,3,10,412.31,5.5,5651.16,1
1365,3,11,789.38,2.3,5177.55,1
1366,4,6,225.3,2.8,3520.37,1
1367,4,4,224.18,7.2,5220.82,1
1368,10,24,1570.88,3.3,10271.34,0
1369,11,12,1641.23,5.0,8473.42,1
1370,11,11,2426.43,3.8,8794.06,0
1371,5,23,924.24,1.5,8313.69,1
1372,4,23,204.24,3.5,8184.19,1
1373,11,13,219.12,3.9,6425.39,0
1374,14,5,307.93,7.3,6498.79,0
1375,10,6,291.46,3.3,4186.41,0
1376,8,1,1667.82,3.7,4862.8,0
1377,6,6,878.12,6.5,6364.37,1
1378,6,18,743.69,6.3,8954.2,1
1379,8,22,202.87,6.6,9754.55,1
1380,7,9,1301.34,7.7,8188.5,1
1381,10,24,979.75,6.6,11284.18,1
1382,14,15,189.35,3.9,7026.41,0
1383,11,8,1124.63,6.8,7908.45,1
1384,12,19,258.9,4.6,8617.8,1
1385,10,24,142.16,2.9,8507.79,1
1386,13,16,634.75,3.1,7781.52,1
1387,8,6,630.38,2.6,4401.56,1
1388,14,6,149.87,2.0,4463.24,0
1389,2,22,291.99,2.3,7192.34,1
1390,9,3,2567.84,1.4,5631.77,0
1391,1,10,667.26,7.2,6699.24,1
1392,8,1,754.81,7.5,5382.98,1
1393,12,14,219.71,5.1,7602.89,1
1394,11,4,141.03,6.9,5582.96,1
1395,12,12,262.11,2.3,5639.86,0
1396,12,6,243.11,7.3,6423.15,1
1397,4,11,233.64,4.5,5384.99,1
1398,4,12,207.06,1.5,4549.0,0
1399,5,10,527.55,2.0,4925.01,0
1400,8,18,298.83,3.2,7415.14,1
1401,5,7,958.36,1.3,4143.67,0
1402,8,7,201.64,3.2,4366.42,1
1403,10,11,412.4,1.4,5040.02,0
1404,1,4,106.88,2.7,2293.79,1
1405,12,20,428.58,2.9,8533.18,1
1406,10,1,128.73,8.0,5031.63,1
1407,9,13,2002.11,2.6,7797.09,1
1408,6,18,881.74,2.7,7452.19,1
1409,3,9,436.78,5.8,5730.59,0
1410,13,24,145.28,7.0,10981.62,1
1411,14,24,548.79,3.7,9906.76,1
1412,8,9,810.99,7.1,7093.09,1
1413,9,23,205.8,3.4,8563.7,0
1414,6,9,519.91,2.4,4639.88,0
1415,11,10,941.57,3.3,6401.46,1
1416,7,2,831.04,5.3,4667.94,1
1417,1,6,912.26,3.6,4268.61,0
1418,14,15,1157.32,5.7,9189.74,1
1419,5,3,1487.75,2.7,4550.98,0
1420,5,11,360.04,5.9,6651.01,1
1421,10,6,520.56,3.4,5078.41,0
1422,14,3,881.9,4.2,5196.43,1
1423,4,24,697.24,4.9,9584.16,1
1424,6,11,2804.09,5.8,9383.09,0
1425,7,15,106.89,2.7,5848.63,1
1426,9,13,319.36,6.9,7657.16,1
1427,1,20,264.97,6.1,8546.6,1
1428,6,10,252.12,2.6,4672.64,1
1429,7,6,225.85,7.8,5993.9,1
1430,3,15,717.43,5.7,7535.75,1
1431,8,18,144.28,4.2,7622.76,0
1432,5,18,776.64,2.1,6956.98,1
1433,9,7,691.15,4.7,5825.66,1
1434,5,15,244.38,2.2,5762.58,0
1435,9,18,245.73,4.0,7534.59,1
1436,10,18,595.59,3.9,8178.82,1
1437,4,20,818.1,6.0,9083.68,1
1438,9,9,1145.7,2.3,5644.7,1
1439,5,24,1055.74,6.8,11168.58,1
1440,10,2,1774.53,3.3,5293.35,0
1441,9,8,535.4,4.1,5411.76,1
1442,3,20,1296.56,6.4,9782.01,1
1443,4,2,926.47,5.4,4330.33,1
1444,9,11,1225.32,3.2,6688.04,1
1445,10,7,105.85,3.7,4641.78,0
1446,11,6,1789.27,3.1,6457.0,0
1447,6,10,420.78,5.2,6339.02,1
1448,2,5,900.2,3.3,4041.76,1
1449,7,11,168.03,6.1,6431.44,1
1450,2,1,352.04,5.1,3202.43,1
1451,11,2,258.36,2.0,3262.7,0
1452,2,24,272.41,3.2,8071.69,1
1453,11,1,165.77,2.6,2895.33,1
1454,1,19,919.34,3.7,7342.74,1
1455,11,2,104.64,4.6,4013.07,1
1456,11,21,287.35,4.5,9077.61,1
1457,12,20,195.83,6.3,9645.37,1
1458,11,23,544.63,2.3,8966.07,1
1459,3,21,246.68,7.6,9236.24,1
1460,6,24,249.88,3.4,8489.36,1
1461,8,4,435.05,3.1,3859.81,0
1462,9,12,628.77,5.8,7549.28,1
1463,7,22,164.66,6.6,9485.5,1
1464,4,20,196.5,3.6,7436.71,1
1465,6,18,241.96,6.2,8255.27,1
1466,5,1,1920.01,7.2,6281.9,1
1467,8,1,353.05,6.4,4665.55,0
1468,1,24,556.88,1.2,7392.83,0
1469,1,14,238.23,6.8,7074.09,1
1470,13,4,437.12,6.4,5943.22,1
1471,11,5,138.5,5.7,5415.09,1
1472,6,11,117.68,6.3,6295.89,1
1473,10,24,416.25,7.9,11099.17,1
1474,12,23,354.3,4.0,9564.48,1
1475,2,13,173.6,1.5,4349.54,1
1476,5,16,681.74,4.2,7282.91,1
1477,1,24,2574.08,1.3,9667.23,1
1478,7,13,351.8,3.1,6009.72,1
1479,1,24,589.83,5.1,9406.27,1
1480,4,22,1748.09,3.2,9594.17,1
1481,9,2,990.51,5.8,5310.24,0
1482,1,16,411.39,6.8,7860.95,1
1483,4,6,768.73,3.9,4730.77,0
1484,6,14,168.56,7.3,7642.76,1
1485,6,1,458.83,1.6,2413.44,0
1486,12,17,263.6,6.9,9075.61,1
1487,13,11,187.87,6.8,7379.05,1
1488,8,19,377.81,3.3,7580.01,1
1489,1,3,170.21,3.1,2545.02,1
1490,7,11,700.3,3.1,5733.76,1
1491,1,5,404.62,6.7,4580.59,1
1492,13,17,478.73,6.8,9674.66,1
1493,14,22,179.13,3.3,9332.67,1
1494,7,7,175.28,5.1,5045.67,1
1495,3,10,537.83,2.0,4298.57,0
1496,11,11,2200.18,4.3,8434.8,1
1497,8,3,150.6,8.0,5363.74,1
1498,3,20,268.25,2.1,6403.07,0
1499,14,10,1118.03,7.6,8760.72,1
1500,14,10,137.51,6.8,7391.75,1
1501,13,14,1143.28,7.8,9707.55,1
1502,1,12,471.47,2.3,4481.17,0
1503,13,15,362.35,2.5,6898.46,1
1504,13,10,285.3,1.1,4812.87,0
1505,14,10,276.28,6.1,7297.85,1
1506,8,19,282.5,5.5,8476.6,1
1507,3,1,1180.56,2.2,3009.74,1
1508,2,24,743.31,6.5,10191.09,1
1509,1,10,653.91,3.1,4714.86,1
1510,14,2,901.6,1.9,4243.61,0
1511,3,17,248.61,4.0,6626.42,1
1512,2,24,581.22,1.6,7550.91,1
1513,2,7,408.15,2.8,3597.9,1
1514,6,7,862.64,3.6,4876.37,1
1515,12,20,284.99,7.0,9729.3,1
1516,1,9,615.26,6.5,5788.82,1
1517,2,22,1169.44,4.1,8838.82,1
1518,14,2,357.21,6.1,5464.21,0
1519,6,14,134.47,5.0,6621.37,1
1520,3,17,462.89,3.4,6630.94,1
1521,4,1,312.3,6.1,3737.57,1
1522,1,9,657.71,5.8,5750.09,1
1523,8,20,1608.3,5.3,10294.64,1
1524,13,21,432.39,5.3,9558.16,1
1525,7,19,413.86,5.8,8757.56,1
1526,7,4,631.5,3.7,4210.28,1
1527,3,8,154.63,7.1,5777.66,1
1528,10,13,246.18,2.1,5701.89,1
1529,10,4,1356.53,7.2,6849.31,1
1530,3,9,654.24,3.4,5118.41,1
1531,14,9,106.77,1.9,4900.25,0
1532,2,22,214.47,5.2,8282.3,1
1533,12,18,674.17,3.6,8470.75,0
1534,1,12,822.81,6.7,6952.59,0
1535,7,10,1015.85,4.0,6129.85,0
1536,7,11,272.78,5.7,6556.8,1
1537,12,7,1437.03,3.2,6507.44,1
1538,2,9,502.54,2.5,4245.78,0
1539,7,6,696.25,3.7,4968.72,0
1540,13,19,554.09,5.2,9146.42,1
1541,8,16,165.48,5.6,7624.06,0
1542,1,15,1749.97,5.0,8142.61,1
1543,9,7,165.55,7.9,6745.18,1
1544,7,16,247.11,5.8,7837.57,1
1545,3,5,940.0,7.5,6276.97,1
1546,8,16,581.95,1.8,6387.15,1
1547,7,1,1010.54,1.4,2776.25,0
1548,11,19,462.56,3.2,8254.07,0
1549,13,5,336.6,2.0,4098.09,1
1550,8,7,1374.53,4.7,6625.66,0
1551,6,19,118.46,4.6,7687.2,1
1552,9,22,1069.42,5.0,10455.28,1
1553,5,5,231.21,6.2,5101.62,1
1554,3,17,1044.37,7.8,9348.92,1
1555,3,22,174.94,7.1,9289.53,1
1556,1,8,534.01,1.8,3587.27,0
1557,12,1,1195.11,3.4,4470.04,0
1558,8,2,420.79,2.8,3148.5,0
1559,2,15,786.33,2.2,5856.87,1
1560,3,20,916.54,4.8,8660.6,1
1561,8,18,766.84,4.9,8450.72,1
1562,14,11,1397.34,2.6,7250.11,0
1563,8,10,396.05,6.0,6572.81,1
1564,14,24,195.05,6.1,10684.12,1
1565,11,24,124.5,1.1,8205.7,1
1566,4,4,241.49,3.8,3630.74,1
1567,4,5,177.27,7.2,5000.1,1
1568,5,4,508.16,4.6,4291.03,0
1569,6,13,202.25,3.4,5712.3,1
1570,5,13,119.86,2.8,5145.92,1
1571,14,18,118.33,2.7,7861.51,0
1572,7,24,990.62,1.7,8713.99,0
1573,2,2,547.57,6.7,4352.73,0
1574,7,16,321.65,1.6,6212.11,1
1575,10,1,1223.23,3.0,4433.97,0
1576,7,19,136.39,1.3,6281.05,0
1577,1,9,2064.13,6.5,7872.41,1
1578,7,3,578.94,1.3,2822.55,0
1579,5,7,201.34,3.2,3986.84,1
1580,3,10,668.26,5.0,5797.0,1
1581,13,1,820.65,3.9,4169.94,0
1582,3,10,380.48,3.0,4442.0,1
1583,4,21,1088.92,2.9,8187.86,1
1584,13,9,181.69,6.6,7053.92,1
1585,12,15,263.45,7.8,9047.18,1
1586,2,15,149.08,3.4,5878.16,1
1587,2,3,218.42,1.3,1644.91,0
1588,1,5,236.38,1.3,2486.86,0
1589,5,9,1348.29,6.3,7563.62,1
1590,4,22,140.66,4.9,8344.08,1
1591,11,9,378.8,6.5,6839.94,1
1592,10,23,480.07,5.9,10078.02,1
1593,2,7,1244.8,7.4,6822.13,1
1594,3,24,3136.6,7.2,13646.66,1
1595,7,23,799.97,6.5,10468.96,1
1596,7,12,1866.64,4.3,7789.51,1
1597,12,9,873.47,3.2,6443.07,1
1598,4,6,1751.16,4.5,6068.47,1
1599,5,23,714.25,4.5,9456.7,1
1600,5,2,141.56,5.3,3736.11,1
1601,6,9,357.02,2.3,4412.36,1
1602,14,17,620.07,5.6,9334.18,1
1603,9,1,315.94,4.2,3487.21,1
1604,2,19,259.68,5.3,7661.62,1
1605,5,6,530.66,2.7,3861.94,0
1606,12,5,1455.29,4.0,6224.59,0
1607,3,2,117.8,2.5,2195.66,0
1608,4,9,833.17,7.1,7018.06,1
1609,10,14,741.38,4.4,7343.43,1
1610,6,4,1761.47,2.6,4912.13,0
1611,12,4,1434.74,1.3,4687.06,0
1612,8,21,818.23,5.7,9858.38,1
1613,1,15,467.41,2.5,5346.98,0
1614,10,8,214.25,7.9,7130.25,1
1615,14,4,493.99,4.7,5234.94,0
1616,8,16,824.83,3.0,7347.33,1
1617,11,21,1230.09,5.6,10734.96,1
1618,14,4,879.64,2.9,4868.48,1
1619,7,16,208.62,6.7,8160.47,1
1620,1,22,557.75,3.2,7682.43,1
1621,2,12,301.86,7.9,7018.6,1
1622,3,16,104.62,5.2,6658.01,1
1623,1,19,211.71,6.9,8127.82,1
1624,14,8,160.08,1.5,4429.89,1
1625,9,6,1024.86,3.4,5326.14,1
1626,8,10,249.54,6.2,6468.54,1
1627,2,5,267.53,5.6,4388.01,1
1628,13,18,1708.65,2.4,9293.51,0
1629,9,10,338.28,3.5,5328.63,1
1630,7,10,104.82,2.8,4708.03,1
1631,9,7,266.93,5.3,5389.94,1
1632,6,18,163.52,3.4,6788.84,1
1633,6,1,154.24,3.2,2343.29,0
1634,11,7,140.33,2.5,4095.23,1
1635,14,21,549.79,3.9,9250.31,1
1636,4,1,204.96,2.4,2100.72,0
1637,10,15,324.12,7.7,8879.43,1
1638,10,4,1090.31,2.1,4287.16,0
1639,13,20,376.12,7.4,10165.18,1
1640,13,10,1336.64,4.0,7499.54,1
1641,2,23,444.52,3.6,8098.94,1
1642,7,9,354.44,2.6,4827.45,1
1643,5,2,793.93,5.5,4338.74,0
1644,11,14,138.0,5.8,7316.35,1
1645,6,16,146.87,4.3,6910.96,1
1646,2,1,627.74,1.4,1585.26,0
1647,5,2,433.68,7.4,4746.86,1
1648,10,7,881.31,7.9,7445.23,1
1649,4,10,1340.08,4.0,6353.14,0
1650,9,22,345.81,5.3,9468.23,1
1651,6,20,553.68,4.2,8100.72,1
1652,2,1,447.27,3.3,2688.3,0
1653,1,13,2097.99,1.5,6353.73,0
1654,5,1,989.18,4.2,3867.84,1
1655,9,5,1313.72,6.7,7058.9,1
1656,6,16,246.74,1.1,5652.2,0
1657,10,15,840.36,5.1,7798.82,1
1658,12,17,254.26,7.2,9625.74,1
1659,7,23,217.07,2.5,7937.43,0
1660,5,16,1543.58,2.3,7521.32,1
1661,10,13,109.75,6.4,7414.32,1
1662,6,11,1781.79,2.8,7181.94,1
1663,5,17,180.83,2.3,6315.14,1
1664,11,17,955.84,3.6,8673.8,1
1665,9,2,261.43,3.7,3651.08,0
1666,6,13,315.93,7.1,7689.36,1
1667,11,14,222.16,5.3,7327.99,1
1668,8,11,540.36,3.8,6047.52,1
1669,2,10,313.93,4.7,5386.98,1
1670,12,3,635.59,7.7,6455.43,1
1671,13,17,107.89,1.8,6761.94,1
1672,9,15,133.27,2.5,5977.88,0
1673,5,9,152.49,7.7,6689.78,1
1674,7,10,371.5,7.7,7424.06,1
1675,10,8,943.15,2.2,5496.18,0
1676,13,21,1195.42,2.0,9195.41,0
1677,1,13,240.39,3.9,5436.41,1
1678,10,18,527.09,1.3,7107.74,1
1679,5,5,831.3,5.6,5501.02,0
1680,12,6,270.42,1.5,3824.71,0
1681,14,17,362.98,1.4,7045.82,0
1682,10,11,471.14,4.4,6592.42,1
1683,14,20,172.44,7.7,10252.99,1
1684,2,16,113.16,4.0,6305.72,1
1685,12,9,182.91,3.5,5590.06,0
1686,6,2,592.89,8.0,5462.59,0
1687,11,5,138.23,4.7,4658.07,0
1688,1,1,205.17,3.6,2336.15,0
1689,3,4,306.13,3.7,3687.51,0
1690,5,4,140.53,2.4,2871.07,0
1691,4,22,206.41,4.6,8387.4,1
1692,3,3,1311.08,4.1,4340.89,0
1693,10,9,109.74,2.9,4877.53,0
1694,13,22,629.84,2.1,8754.79,1
1695,5,23,342.59,3.2,8058.54,1
1696,11,12,658.36,4.6,7228.35,0
1697,8,10,544.21,1.4,4807.01,0
1698,11,2,226.48,2.1,2981.95,0
1699,4,11,1039.34,7.6,7910.42,1
1700,1,10,438.58,4.8,5614.23,0
1701,11,22,964.49,1.4,8534.17,1
1702,7,6,360.45,5.9,5236.06,0
1703,8,18,2189.48,1.4,8558.75,0
1704,3,2,835.9,6.2,4677.91,0
1705,6,2,1789.97,6.2,5798.66,1
1706,2,10,461.11,5.6,5717.68,1
1707,7,16,420.93,6.1,7956.26,0
1708,8,12,804.18,1.6,5643.52,0
1709,6,1,1161.35,6.1,5095.01,0
1710,6,21,1764.15,2.0,9019.26,1
1711,5,8,296.19,3.4,4567.2,0
1712,8,16,901.49,7.6,9632.71,1
1713,1,18,218.27,4.5,6862.93,1
1714,10,13,494.36,7.8,8440.68,1
1715,4,15,199.13,1.6,5326.96,0
1716,4,21,313.39,4.3,7811.53,1
1717,3,12,1439.43,1.4,5847.49,1
1718,3,8,178.97,5.4,5031.37,0
1719,4,10,600.38,1.6,4465.74,1
1720,11,14,549.41,2.2,6536.45,0
1721,1,5,164.34,2.8,2852.98,0
1722,14,18,297.25,6.2,9371.81,1
1723,11,19,513.89,2.1,7486.56,1
1724,13,15,203.62,6.9,8573.55,1
1725,11,6,906.28,1.9,5039.63,0
1726,2,11,1890.58,1.2,5920.64,0
1727,9,21,220.88,3.8,8448.54,1
1728,10,11,203.46,7.9,7677.58,1
1729,2,20,403.43,1.8,6533.59,1
1730,5,20,788.7,1.7,7395.85,1
1731,9,21,265.36,6.3,9645.47,1
1732,9,18,110.04,3.2,7122.46,1
1733,8,18,489.59,6.0,8828.51,1
1734,1,10,1668.65,2.4,5809.02,1
1735,1,2,348.2,4.2,3077.3,0
1736,9,9,372.48,2.9,5032.39,1
1737,13,14,1835.3,4.2,9326.93,1
1738,11,19,693.08,6.4,9560.98,1
1739,8,10,735.01,6.3,7022.92,1
1740,10,23,513.57,4.6,9713.07,1
1741,9,4,1936.68,7.5,7846.54,1
1742,7,6,683.77,2.8,4406.2,0
1743,3,14,1227.05,2.7,6473.1,0
1744,3,4,700.95,5.3,4520.29,0
1745,2,15,764.23,5.3,7179.31,1
1746,5,16,271.53,1.3,5515.7,0
1747,12,7,280.83,5.3,5658.09,0
1748,12,17,863.89,3.6,8525.95,1
1749,3,19,275.99,6.2,8302.91,1
1750,14,19,513.65,6.7,10235.98,1
1751,6,17,243.41,4.9,7475.53,1
1752,2,6,949.09,1.0,3328.7,0
1753,12,11,158.55,5.5,6853.63,1
1754,3,16,984.35,6.2,8245.27,1
1755,5,8,561.57,2.7,4321.66,0
1756,12,11,203.46,4.3,6200.11,0
1757,11,7,490.48,7.8,7086.67,1
1758,11,24,265.99,3.1,8895.75,1
1759,1,22,295.39,2.6,7329.71,1
1760,13,19,316.57,2.5,7698.27,1
1761,1,10,132.71,4.9,5048.51,1
1762,10,9,2232.98,7.6,9659.06,1
1763,9,4,116.02,5.3,4772.22,1
1764,7,23,643.09,3.1,8869.43,1
1765,1,15,331.99,5.5,6703.87,1
1766,12,13,619.24,5.4,8107.24,1
1767,14,2,320.22,5.2,4707.98,0
1768,8,2,660.05,2.1,3063.24,1
1769,3,16,753.25,5.4,7745.78,1
1770,8,9,686.48,4.0,5851.68,1
1771,5,13,160.5,1.1,4673.73,1
1772,1,3,634.86,4.8,3806.17,0
1773,7,9,264.24,7.9,7028.64,1
1774,5,13,114.61,3.4,5688.64,1
1775,6,21,367.93,7.8,9924.14,1
1776,6,22,384.18,1.7,7536.0,0
1777,8,2,414.78,6.1,4601.61,0
1778,9,8,710.09,1.8,4638.8,0
1779,2,9,284.69,2.9,4275.54,0
1780,9,16,289.37,5.0,7693.55,1
1781,12,2,131.23,5.1,4440.13,1
1782,11,6,680.49,6.4,6424.48,1
1783,10,22,519.46,5.3,9650.28,1
1784,9,8,314.95,5.2,5820.83,0
1785,13,5,710.71,7.4,6941.6,1
1786,10,9,485.4,4.2,5777.5,0
1787,10,1,416.73,2.6,2982.11,0
1788,7,9,458.03,2.1,4503.67,1
1789,1,10,605.78,3.8,5006.08,0
1790,7,23,639.41,6.0,10010.98,1
1791,10,4,270.51,1.3,3343.88,0
1792,5,3,175.84,1.9,2556.16,1
1793,6,10,185.18,1.7,4271.01,0
1794,10,15,609.98,5.1,8254.87,1
1795,7,11,1131.29,2.7,6145.23,1
1796,14,14,363.39,2.2,6661.11,1
1797,5,6,192.88,5.1,4698.0,1
1798,7,12,806.53,6.3,7726.84,1
1799,9,13,993.35,3.3,6906.05,1
1800,3,17,1162.56,5.0,8230.76,1
1801,8,16,566.76,1.7,6277.47,1
1802,2,3,1085.67,7.5,5749.8,1
1803,11,2,107.77,3.4,3461.04,0
1804,7,11,156.72,8.0,7087.88,1
1805,13,9,148.57,7.9,7597.87,1
1806,2,3,723.45,6.5,4793.94,1
1807,14,18,136.06,1.1,7112.12,1
1808,4,20,442.95,4.8,8312.54,1
1809,7,15,420.0,1.6,5984.46,0
1810,3,14,286.04,7.3,7303.61,0
1811,2,2,1121.67,6.5,5191.09,1
1812,11,17,193.43,7.8,9285.75,1
1813,10,22,317.29,5.3,9343.37,1
1814,7,8,843.99,4.7,5595.82,0
1815,1,10,115.45,4.6,5040.31,1
1816,14,18,658.82,3.7,8595.21,1
1817,8,19,947.49,4.3,8755.03,0
1818,3,8,1446.1,5.4,6595.02,1
1819,12,8,1144.93,7.5,8482.05,1
1820,12,3,292.38,5.2,4834.01,1
1821,13,3,541.38,7.0,6107.26,0
1822,2,12,140.22,7.0,6721.32,1
1823,3,22,249.12,4.6,8201.39,1
1824,5,17,149.48,3.4,6449.22,1
1825,11,4,289.3,5.5,4803.57,0
1826,8,17,1140.47,4.1,8633.52,1
1827,10,14,313.22,1.6,5818.21,0
1828,7,19,512.65,3.6,7927.19,1
1829,7,9,384.03,8.0,7059.24,1
1830,12,21,407.09,1.3,7883.28,1
1831,7,12,1846.2,5.9,8612.37,1
1832,8,5,275.6,6.9,5664.86,1
1833,1,11,593.52,5.5,6091.89,0
1834,4,20,372.42,5.0,8341.01,1
1835,13,3,131.55,6.0,5243.7,0
1836,6,21,436.02,4.0,8201.67,1
1837,9,15,939.24,1.6,6785.07,0
1838,13,14,151.99,7.7,8668.79,1
1839,2,11,136.07,4.0,4843.19,1
1840,1,20,183.4,5.7,7968.7,1
1841,13,8,822.81,4.7,6700.1,1
1842,10,4,743.67,1.4,3535.23,0
1843,12,12,516.23,7.7,8433.34,1
1844,14,8,415.77,6.5,7237.23,1
1845,2,6,1196.08,2.0,4153.33,0
1846,7,15,827.71,7.9,9190.1,1
1847,3,12,935.5,6.2,7530.64,1
1848,10,16,939.03,4.3,8414.04,1
1849,2,16,614.61,5.3,7335.83,0
1850,14,21,406.26,1.7,8143.14,1
1851,11,20,1100.05,4.9,9753.33,1
1852,7,20,1401.9,1.5,8135.34,0
1853,13,4,112.05,4.8,4620.88,0
1854,13,11,126.47,4.9,6470.34,0
1855,2,13,1693.97,7.1,8825.91,1
1856,3,9,262.28,6.1,5888.89,0
1857,11,4,1133.24,2.7,4924.26,1
1858,7,12,346.16,7.2,7398.54,1
1859,14,9,163.41,5.0,5871.13,1
1860,4,13,141.93,5.2,6515.99,1
1861,13,16,185.1,2.2,6563.64,1
1862,14,6,243.77,7.0,6403.69,0
1863,1,10,435.22,7.5,6480.19,1
1864,13,13,704.49,6.4,8540.26,1
1865,14,7,2248.79,7.6,9543.47,1
1866,5,19,391.26,3.1,7093.51,1
1867,12,24,465.1,7.0,11223.0,1
1868,9,19,468.88,4.4,8304.4,1
1869,8,17,487.65,2.1,6686.98,1
1870,12,13,464.64,5.7,7762.48,0
1871,9,13,104.41,5.8,6958.73,1
1872,10,21,100.86,3.0,7736.7,1
1873,14,2,151.39,1.2,2719.92,0
1874,9,10,153.55,2.4,4678.0,1
1875,7,22,710.22,3.8,8969.97,1
1876,4,13,214.65,2.2,5025.28,0
1877,5,9,1225.54,2.4,5341.53,0
1878,1,1,1419.77,3.7,3723.74,1
1879,14,14,1962.63,7.7,11189.92,1
1880,1,16,1499.11,6.3,8853.43,1
1881,3,20,258.65,3.2,7362.32,1
1882,13,15,456.45,7.7,9218.69,1
1883,14,1,196.46,5.5,4474.8,0
1884,8,17,920.49,4.2,8348.79,1
1885,14,24,1196.56,4.3,11037.93,1
1886,2,13,1052.87,3.9,6376.87,0
1887,4,15,384.02,2.6,5948.07,1
1888,2,16,810.8,3.7,6775.1,0
1889,14,16,151.34,4.7,8077.83,1
1890,5,2,120.54,4.7,3430.83,0
1891,9,17,799.66,6.3,9105.17,0
1892,1,11,377.0,3.5,4649.62,0
1893,5,8,2807.34,6.0,8538.25,1
1894,14,20,151.16,5.0,9360.13,1
1895,9,3,1067.68,7.7,6852.85,1
1896,1,12,426.95,3.7,5684.97,1
1897,9,20,977.67,7.3,10602.09,1
1898,8,16,949.48,6.7,8970.89,1
1899,4,14,1338.42,5.5,8245.6,1
1900,12,16,276.8,5.6,8244.26,1
1901,11,21,1595.86,1.6,9099.34,1
1902,10,17,182.24,7.7,9162.11,1
1903,5,11,142.76,1.7,4592.7,0
1904,13,17,382.48,4.9,8477.36,0
1905,5,19,981.07,3.3,8019.56,1
1906,11,22,420.68,4.0,8899.02,1
1907,12,1,983.88,5.3,5258.9,1
1908,6,12,754.09,7.4,8037.61,1
1909,7,15,217.5,4.2,6729.19,1
1910,8,18,1586.81,7.9,10923.49,1
1911,14,23,131.35,5.1,9938.75,0
1912,8,14,1242.76,2.1,6749.69,1
1913,11,1,281.52,2.3,2614.7,0
1914,14,13,446.72,6.0,8156.32,1
1915,13,15,374.4,1.4,6334.18,0
1916,2,7,194.27,4.4,4271.7,0
1917,9,15,321.7,2.0,6492.49,0
1918,7,20,207.18,4.0,8097.65,1
1919,4,10,214.01,6.2,5740.5,1
1920,4,14,203.55,4.2,6497.63,1
1921,11,6,435.71,2.1,4407.32,0
1922,8,14,899.57,2.8,6743.35,0
1923,4,24,520.79,3.6,8934.15,1
1924,13,22,1218.43,1.5,8808.26,0
1925,6,12,606.05,5.1,6656.24,1
1926,5,11,684.53,5.3,6564.73,1
1927,3,20,650.72,1.4,6796.74,1
1928,13,22,398.43,3.8,9482.5,1
1929,14,24,684.53,3.9,10432.61,1
1930,10,19,136.13,3.3,7717.2,1
1931,11,2,1082.53,4.9,5284.37,0
1932,2,22,852.12,3.4,8446.51,1
1933,9,20,240.67,3.9,8040.78,1
1934,10,1,830.58,6.6,5524.74,1
1935,9,8,106.36,2.1,4058.93,0
1936,1,14,222.47,5.3,6331.3,1
1937,10,9,133.68,4.5,5434.66,1
1938,3,2,857.58,3.1,3455.4,0
1939,8,23,805.04,6.1,10351.09,1
1940,6,5,940.03,4.9,5078.92,1
1941,5,23,102.25,4.3,8281.84,1
1942,5,8,447.81,5.7,5644.56,1
1943,6,16,710.11,6.6,8412.52,1
1944,7,22,184.45,7.8,10183.27,1
1945,1,16,624.61,5.4,7260.33,1
1946,9,13,143.93,7.1,7847.45,1
1947,3,20,200.03,1.0,6011.04,1
1948,4,15,422.94,4.7,6965.33,1
1949,10,1,630.03,2.5,3333.52,0
1950,1,22,178.84,1.7,6542.4,1
1951,13,3,202.42,4.7,4522.52,1
1952,11,6,214.36,6.2,5889.91,1
1953,10,22,236.36,3.9,8842.61,1
1954,3,14,228.45,5.7,6591.85,0
1955,2,4,351.39,4.4,3652.41,1
1956,2,18,630.35,4.1,7240.51,1
1957,14,15,388.15,3.0,7550.53,1
1958,1,9,848.0,3.7,5089.56,1
1959,8,18,735.18,3.4,7907.56,1
1960,3,3,167.64,5.5,3723.79,0
1961,3,10,125.04,1.8,3958.09,0
1962,6,17,1151.63,1.6,7093.66,1
1963,13,7,141.6,5.6,5999.22,1
1964,8,15,180.28,4.8,7086.19,1
1965,13,1,111.19,4.0,3582.66,0
1966,9,11,594.88,2.1,5698.43,0
1967,9,17,536.58,3.9,7856.57,1
1968,4,5,2267.71,6.5,7390.25,1
1969,14,7,1189.88,7.2,8094.7,1
1970,5,19,364.53,5.9,8318.31,1
1971,2,24,332.28,1.4,7056.05,1
1972,11,15,276.09,5.7,7830.96,1
1973,9,3,182.68,2.7,3429.86,1
1974,8,15,174.3,3.2,6304.19,0
1975,3,5,170.95,2.4,3044.49,0
1976,11,23,160.58,6.4,10151.83,1
1977,12,12,237.56,5.5,7087.9,1
1978,13,20,283.12,5.3,9166.93,1
1979,9,5,1729.58,5.7,6996.59,1
1980,3,3,531.94,2.7,2701.23,0
1981,9,9,2294.86,4.1,7819.41,1
1982,2,9,332.98,5.4,5266.28,0
1983,12,7,405.9,5.5,6255.43,1
1984,10,2,296.21,6.5,5042.23,0
1985,9,23,200.99,3.0,8453.67,1
1986,8,23,177.25,6.4,9868.77,1
1987,9,21,1550.93,4.1,10182.82,1
1988,5,16,2264.17,5.7,9885.64,1
1989,11,9,122.97,4.2,5447.94,1
1990,11,13,181.46,7.6,8254.06,1
1991,2,19,375.41,2.3,6329.24,1
1992,8,20,203.1,5.7,8469.63,1
1993,12,17,326.18,5.0,8375.85,1
1994,6,6,169.11,2.2,3494.55,0
1995,8,4,404.87,1.5,3155.8,0
1996,11,1,258.52,6.6,4923.33,0
1997,5,18,316.86,2.1,6593.4,1
1998,10,19,149.53,2.3,7021.57,1
1999,2,9,379.42,7.8,6419.17,1
2000,6,13,2144.91,6.0,9060.19,1
2001,5,8,299.37,2.8,4265.68,0
2002,12,23,1145.47,5.1,11060.38,1
2003,13,13,1026.39,4.7,8092.45,1
2004,12,15,1618.89,6.9,10351.1,1
2005,5,11,880.58,6.1,7038.66,0
2006,13,12,638.81,6.8,8493.32,1
2007,1,14,1071.0,2.5,5686.37,0
2008,2,4,139.33,5.5,4102.28,1
2009,8,1,410.72,1.3,2116.08,1
2010,13,24,2366.72,1.5,11092.56,1
2011,14,4,833.97,6.0,6589.09,1
2012,13,19,1736.08,1.2,8745.01,1
2013,3,9,856.23,5.1,6177.67,1
2014,10,10,1139.25,6.9,8479.84,1
2015,3,4,712.99,3.7,3965.75,1
2016,8,20,814.61,1.3,7531.3,1
2017,8,9,470.31,6.0,6445.27,1
2018,2,13,1390.08,7.5,8622.74,1
2019,8,12,971.6,6.0,7946.93,0
2020,11,11,1028.58,5.0,7274.45,1
2021,13,12,658.91,2.6,6482.56,1
2022,13,18,281.62,1.1,6808.67,1
2023,1,12,118.14,5.9,5790.57,1
2024,6,16,1471.75,2.6,7557.37,1
2025,8,5,541.09,7.0,5818.4,1
2026,3,20,277.01,4.3,7843.94,1
2027,8,12,180.75,4.7,6210.31,1
2028,12,21,984.58,6.3,10674.67,1
2029,1,11,1005.53,6.5,6934.97,1
2030,11,9,942.37,5.5,7092.88,1
2031,11,18,617.94,7.6,10030.13,1
2032,9,3,327.87,7.9,5720.85,1
2033,13,20,281.25,7.6,10421.0,1
2034,11,17,104.3,6.8,8976.83,1
2035,13,14,996.7,5.9,8763.74,1
2036,9,1,145.75,5.6,4092.8,0
2037,5,17,598.15,1.7,6388.58,1
2038,10,8,450.67,2.9,4869.67,1
2039,4,5,474.0,1.0,2863.64,0
2040,11,5,1406.68,2.0,5101.52,1
2041,6,9,116.06,4.1,5179.74,0
2042,12,3,842.27,2.0,4262.16,0
2043,7,19,126.73,7.3,9032.24,1
2044,5,23,119.45,6.6,9448.83,1
2045,11,9,380.9,1.5,4962.55,0
2046,13,22,132.58,2.7,8366.27,1
2047,10,18,878.29,6.7,9823.69,1
2048,9,16,477.05,6.6,8622.28,1
2049,3,1,114.73,7.6,4355.08,1
2050,7,2,120.67,8.0,5267.84,1
2051,10,14,574.24,7.8,8995.69,1
2052,10,14,920.24,3.9,7467.05,1
2053,11,1,387.95,2.8,3250.6,0
2054,5,16,504.37,6.3,7859.7,1
2055,14,15,904.29,3.1,7945.19,1
2056,7,15,571.45,6.6,8144.92,1
2057,2,12,227.29,4.7,5980.53,1
2058,4,16,574.73,6.6,8038.4,1
2059,2,14,594.81,2.9,5926.66,1
2060,14,24,762.33,4.6,10874.36,1
2061,13,15,584.94,4.9,8362.93,1
2062,13,23,1840.8,7.6,12863.76,1
2063,12,15,209.88,2.9,6644.92,1
2064,7,19,1608.89,7.6,11362.86,1
2065,2,8,486.46,6.6,6105.15,0
2066,13,2,657.3,6.1,5646.6,1
2067,14,2,152.38,6.5,5240.74,0
2068,11,10,339.48,5.2,6453.97,0
2069,1,3,833.49,2.7,2996.07,1
2070,9,23,713.64,2.3,8839.82,1
2071,1,17,120.48,7.1,8040.49,1
2072,8,8,495.48,6.1,6270.95,1
2073,2,23,146.21,2.5,7466.82,0
2074,12,4,2843.1,5.3,8374.04,1
2075,8,14,1237.95,4.1,7761.45,1
2076,13,21,110.65,2.1,8042.41,1
2077,3,10,1078.26,4.7,6433.78,0
2078,6,1,1359.31,3.0,4075.48,0
2079,3,4,318.13,1.7,2433.03,0
2080,14,1,735.59,4.3,4841.2,1
2081,7,17,391.79,5.1,8047.35,1
2082,10,17,632.44,1.3,6950.05,0
2083,9,7,308.0,3.8,5077.86,0
2084,2,23,294.72,2.8,7574.84,1
2085,12,20,376.2,1.2,7598.87,1
2086,12,15,178.66,1.9,6443.74,1
2087,14,13,989.34,2.0,6936.63,1
2088,5,2,314.39,2.3,2295.71,0
2089,13,19,355.54,6.6,9962.62,1
2090,6,24,1222.42,4.1,9951.92,1
2091,4,13,443.21,2.0,5063.78,0
2092,4,24,492.91,1.7,7869.27,1
2093,4,11,1667.48,3.1,6578.99,0
2094,2,22,1188.97,6.6,9841.58,1
2095,4,15,192.84,3.6,6193.23,1
2096,11,10,420.48,2.1,5408.27,0
2097,1,9,1875.36,3.8,6188.7,1
2098,12,9,332.9,4.9,6284.89,1
2099,6,20,332.27,1.2,6509.33,1
2100,1,1,208.48,5.4,2918.43,0
2101,10,17,160.7,3.8,7247.12,1
2102,6,12,774.12,1.1,5208.87,0
2103,1,10,834.9,5.7,6496.31,0
2104,6,5,1837.09,6.0,6806.54,0
2105,10,18,842.32,5.4,9267.48,1
2106,8,15,239.43,3.4,6644.04,1
2107,11,6,120.47,4.7,4763.36,1
2108,2,7,2214.65,3.7,6109.37,1
2109,2,17,308.1,5.9,7823.62,1
2110,14,6,286.96,5.1,5736.7,1
2111,13,8,1281.99,1.6,5874.02,1
2112,12,12,539.86,5.5,7614.09,1
2113,4,21,220.95,5.8,8290.74,1
2114,11,14,1199.55,3.6,7774.86,1
2115,3,12,2607.39,7.1,9806.59,1
2116,4,23,145.33,6.9,9369.23,1
2117,13,10,1091.16,2.2,6314.46,1
2118,12,22,347.57,7.3,10474.91,1
2119,7,20,471.24,4.1,8118.16,0
2120,13,15,1331.47,6.1,9558.57,1
2121,11,7,1913.03,6.7,8101.17,1
2122,1,9,252.02,4.5,4889.26,0
2123,6,10,219.67,3.8,4982.48,1
2124,3,10,141.97,7.4,6338.17,1
2125,11,16,512.54,2.6,7000.5,0
2126,10,7,106.85,2.8,4499.2,0
2127,7,5,365.43,3.5,3932.76,1
2128,10,23,138.11,7.0,10155.74,1
2129,2,3,359.79,7.6,4628.36,1
2130,14,18,120.38,2.5,7106.45,1
2131,2,11,1001.56,7.0,7439.43,1
2132,13,15,217.7,2.8,6839.42,1
2133,4,21,298.98,7.8,9629.16,1
2134,1,20,1120.3,5.2,8917.76,1
2135,3,5,785.73,1.0,3041.42,0
2136,13,24,223.61,1.2,8319.24,1
2137,9,12,137.31,2.0,5198.29,0
2138,7,4,728.82,2.3,3679.46,0
2139,7,15,347.72,6.4,8042.12,1
2140,13,9,826.39,2.6,5899.07,1
2141,13,7,394.66,7.8,7268.5,1
2142,11,10,312.33,5.5,6744.03,1
2143,4,23,400.02,5.8,9691.87,1
2144,2,13,790.27,2.5,5421.12,0
2145,14,8,1262.52,7.2,8274.29,1
2146,4,12,125.52,5.7,6147.49,1
2147,6,22,471.29,7.1,9846.19,1
2148,11,24,116.69,7.7,11027.94,1
2149,11,19,415.94,1.9,7444.51,1
2150,3,1,1182.64,1.7,2615.5,1
2151,1,16,324.39,6.6,7602.42,1
2152,14,22,1447.45,7.1,12372.38,1
2153,12,17,597.95,5.1,8576.53,0
2154,8,18,1460.23,3.6,8863.97,1
2155,12,11,807.69,5.6,7335.81,1
2156,13,18,154.59,3.1,7603.14,1
2157,5,7,231.43,2.7,3875.08,1
2158,5,18,350.58,4.4,7487.15,1
2159,11,8,193.23,2.5,4699.65,0
2160,4,6,441.51,4.4,4366.77,0
2161,6,7,418.73,7.7,6624.79,1
2162,3,23,1664.74,6.9,11141.41,1
2163,9,22,384.34,7.6,10272.93,1
2164,5,10,870.02,6.6,7128.14,1
2165,3,11,1522.89,3.5,6643.36,1
2166,11,13,1147.74,6.7,9038.4,1
2167,1,9,217.02,7.5,5909.95,1
2168,10,7,442.62,7.6,7180.28,1
2169,12,9,313.66,5.8,6657.25,1
2170,6,13,355.3,2.5,5255.31,0
2171,2,3,323.77,1.3,2042.83,0
2172,13,3,975.38,2.0,4373.54,0
2173,3,1,400.87,7.8,4571.41,1
2174,1,21,470.85,4.2,7973.94,1
2175,9,20,2121.28,7.0,11729.58,1
2176,8,2,130.93,4.3,3488.47,0
2177,12,3,434.67,5.6,5055.16,0
2178,2,15,843.75,1.2,5449.12,1
2179,12,24,181.94,2.7,8932.15,1
2180,11,6,572.77,4.1,5243.39,0
2181,8,13,236.87,5.4,6680.32,1
2182,12,21,1110.22,2.2,9110.28,1
2183,14,1,298.08,6.4,5249.9,0
2184,9,20,299.54,3.6,8142.32,1
2185,1,19,555.89,6.7,8423.16,1
2186,13,1,201.4,1.7,2807.19,0
2187,5,21,267.66,5.8,8798.37,1
2188,8,22,369.47,3.1,8366.54,1
2189,11,2,318.2,6.6,5249.83,1
2190,14,15,472.09,3.8,7501.42,1
2191,2,14,557.7,5.7,7213.41,1
2192,4,19,518.12,7.5,9063.54,1
2193,7,11,630.9,1.1,4617.38,1
2194,3,15,283.9,1.1,4495.64,0
2195,13,6,167.58,6.4,6242.26,1
2196,12,20,815.24,5.5,10121.76,1
2197,5,9,1051.17,3.1,5389.42,1
2198,8,5,248.53,4.5,4250.39,1
2199,12,20,361.36,1.3,7586.91,0
2200,10,2,445.14,2.3,3095.7,0
2201,3,6,481.06,4.0,4317.29,1
2202,4,18,638.66,6.8,8684.95,1
2203,14,23,121.25,4.4,9470.59,1
2204,9,19,739.13,5.1,9061.88,1
2205,14,9,131.99,7.1,7339.71,1
2206,14,21,415.83,3.2,8867.79,1
2207,7,24,979.18,5.9,10892.74,1
2208,1,6,400.02,7.0,5521.43,1
2209,14,14,180.72,2.4,6753.96,1
2210,12,24,2200.98,3.5,11627.67,1
2211,4,13,1200.4,7.9,8722.79,1
2212,4,11,837.7,7.9,7989.12,1
2213,9,12,365.1,2.6,5573.54,1
2214,6,19,201.58,1.5,6306.73,1
2215,9,19,1518.61,2.9,8958.86,1
2216,12,21,480.02,3.8,8965.98,1
2217,6,19,1056.47,4.1,8533.98,1
2218,6,24,309.35,5.3,9350.21,1
2219,5,13,304.2,7.3,7626.61,1
2220,5,14,2218.2,3.3,8194.33,1
2221,2,24,468.9,6.9,9953.58,1
2222,8,18,175.82,1.7,6414.38,1
2223,8,12,224.02,1.3,4912.04,0
2224,11,4,428.84,4.5,4940.78,1
2225,13,10,121.7,1.4,4805.68,0
2226,1,17,410.44,3.7,6486.63,0
2227,8,4,371.45,7.3,5663.98,1
2228,5,12,855.56,2.7,5670.87,1
2229,2,13,319.21,5.9,6426.23,0
2230,14,4,2124.17,3.1,6711.03,0
2231,2,10,199.7,1.3,3616.04,0
2232,14,3,547.0,4.9,5145.07,0
2233,6,15,146.99,6.8,7708.2,1
2234,11,2,761.87,3.9,4239.61,0
2235,13,17,2725.11,5.3,11494.9,1
2236,9,6,955.01,7.3,6960.67,0
2237,1,8,505.63,6.5,5978.55,0
2238,12,3,431.54,2.4,3856.64,0
2239,6,18,1001.0,6.1,9038.38,0
2240,9,22,1474.23,4.5,10235.01,1
2241,8,1,2364.41,6.2,6942.74,1
2242,11,16,352.54,4.5,7882.67,1
2243,6,7,2450.7,1.9,6542.69,0
2244,3,3,184.76,5.0,3750.38,1
2245,8,23,246.21,4.4,9077.25,1
2246,9,4,146.62,4.6,4550.87,1
2247,1,9,258.55,7.2,5909.99,0
2248,12,5,830.37,7.3,6959.7,1
2249,9,19,1058.4,4.2,8796.83,1
2250,14,15,854.55,4.2,8567.28,0
2251,6,8,598.57,4.6,5530.98,1
2252,6,6,460.74,4.6,4844.8,0
2253,12,18,716.71,7.7,10124.67,1
2254,4,19,347.83,5.5,8326.82,1
2255,1,24,1020.4,2.9,8816.44,1
2256,10,15,665.35,4.7,7737.42,1
2257,8,7,698.34,5.4,6050.34,1
2258,2,10,483.87,5.5,5905.32,1
2259,12,6,1182.41,5.1,6465.5,1
2260,1,14,245.19,2.2,5020.28,0
2261,2,17,339.94,1.2,5519.9,0
2262,1,9,851.73,3.4,4999.76,0
2263,1,19,439.37,4.0,7491.95,0
2264,9,5,1200.08,1.4,4859.03,0
2265,13,23,312.63,6.7,10887.74,1
2266,14,7,330.49,3.4,5399.5,0
2267,1,19,1197.92,7.4,9731.19,1
2268,13,20,412.16,2.1,8056.08,1
2269,4,7,462.96,1.4,3767.66,1
2270,10,24,302.31,4.4,9552.67,1
2271,6,2,261.94,2.3,2517.95,0
2272,7,23,633.48,7.6,10835.3,1
2273,2,16,163.83,1.1,5232.21,0
2274,6,13,1157.11,3.9,6962.99,1
2275,7,8,855.26,7.5,7134.78,1
2276,10,6,205.82,3.7,4498.82,1
2277,14,6,692.12,1.7,4574.27,0
2278,10,9,561.45,3.1,5385.18,0
2279,2,4,202.0,4.5,3642.19,1
2280,2,11,259.55,2.3,4367.66,0
2281,10,5,362.96,4.3,4611.14,1
2282,7,17,700.73,6.9,9118.2,1
2283,12,20,609.06,7.1,10421.43,1
2284,1,7,479.89,1.3,3193.79,0
2285,8,15,831.39,2.1,6573.92,0
2286,11,15,809.28,2.9,7174.24,0
2287,13,14,580.98,5.2,8182.99,1
2288,3,13,873.21,3.5,6368.75,1
2289,11,11,303.43,6.9,7377.18,0
2290,6,13,1165.37,6.0,8111.67,0
2291,9,22,577.14,1.7,7946.56,1
2292,6,24,964.01,5.4,10439.84,1
2293,9,9,495.14,1.8,4829.48,1
2294,7,10,223.23,2.8,5044.05,0
2295,9,4,490.89,2.2,3553.18,0
2296,2,17,331.9,2.2,5779.97,0
2297,12,14,697.84,5.3,8113.46,1
2298,8,24,422.94,4.9,9613.37,0
2299,8,18,1004.29,2.2,7724.9,1
2300,2,11,666.71,7.9,7197.54,1
2301,12,16,676.87,4.0,8259.21,1
2302,14,1,222.41,1.7,3214.24,0
2303,4,7,2175.45,1.8,5836.75,0
2304,14,10,1021.55,5.1,7770.14,1
2305,11,9,877.96,7.9,8139.15,1
2306,7,3,300.4,5.0,4230.46,1
2307,11,22,483.54,7.6,10726.28,1
2308,4,23,173.73,4.1,8311.11,1
2309,4,14,486.61,4.1,6437.13,1
2310,6,15,178.85,4.5,6585.84,1
2311,10,2,502.64,5.9,5193.27,0
2312,6,24,623.09,3.6,9063.06,1
2313,10,14,347.31,7.0,8133.7,1
2314,3,16,445.12,1.2,5405.58,0
2315,9,7,1142.34,4.1,5945.69,0
2316,12,4,157.46,4.6,4562.53,1
2317,10,18,884.47,5.2,9359.21,1
2318,14,24,193.62,2.9,9233.46,1
2319,11,5,118.7,4.0,4663.47,0
2320,2,6,202.64,4.4,4021.18,0
2321,6,7,824.18,5.8,6144.27,0
2322,12,15,359.7,6.4,8506.25,1
2323,7,1,1129.9,6.2,5155.24,0
2324,12,24,471.91,3.4,9727.28,1
2325,13,4,111.25,8.0,6389.91,1
2326,9,1,730.65,6.9,5302.94,0
2327,13,11,158.4,2.8,5918.31,0
2328,3,18,878.85,2.4,7205.72,1
2329,10,14,192.02,3.2,6424.5,1
2330,3,22,311.9,4.2,8341.88,1
2331,7,11,816.21,7.0,7627.9,1
2332,14,10,1642.08,6.4,8917.39,1
2333,4,17,332.16,7.0,8208.57,1
2334,13,4,984.22,2.9,5053.91,0
2335,8,24,205.85,5.2,9759.73,1
2336,13,15,923.0,3.0,7702.69,1
2337,7,16,635.73,1.8,6453.94,1
2338,5,21,207.06,5.8,8868.84,1
2339,7,13,280.13,2.0,5396.71,1
2340,3,9,170.65,5.7,5293.99,1
2341,12,11,341.42,5.5,6899.0,1
2342,2,11,213.86,6.7,6431.74,1
2343,6,6,616.41,2.0,3691.41,0
2344,2,1,2701.97,6.5,6593.52,1
2345,3,22,106.04,8.0,9590.06,1
2346,6,6,489.27,7.0,6127.42,0
2347,5,13,526.27,6.3,7449.38,0
2348,8,22,1327.92,5.6,10611.58,1
2349,9,24,452.62,4.0,9583.67,1
2350,11,22,492.3,6.1,10376.74,1
2351,3,5,419.0,6.1,4772.46,1
2352,12,15,256.61,5.4,7878.17,1
2353,10,18,128.83,6.6,8925.25,1
2354,3,20,362.68,4.1,7913.37,1
2355,3,14,127.01,1.8,4740.14,1
2356,13,15,499.8,4.9,7844.51,1
2357,13,5,283.57,2.9,4532.62,1
2358,6,4,481.36,3.7,4163.24,0
2359,1,2,172.11,1.1,1350.81,0
2360,7,7,1448.78,3.7,6379.43,0
2361,12,10,1224.62,6.7,8281.7,1
2362,1,16,205.36,4.8,6414.68,1
2363,14,10,310.37,1.1,4919.96,0
2364,5,18,575.3,4.3,7733.44,1
2365,10,17,150.29,3.0,7014.92,1
2366,13,21,318.92,4.3,9031.52,1
2367,8,13,244.58,3.8,6396.78,1
2368,4,1,1335.6,7.5,5758.63,1
2369,5,1,1057.0,1.3,2542.89,0
2370,4,15,533.55,5.8,7565.62,1
2371,12,1,467.35,7.0,5318.49,0
2372,12,6,1434.84,7.7,8148.65,1
2373,14,13,1447.28,2.2,7809.39,1
2374,4,1,1842.24,4.7,5214.16,1
2375,12,5,166.98,1.3,3615.17,0
2376,8,9,187.51,4.5,5464.89,0
2377,2,17,664.64,1.9,5986.55,1
2378,1,16,489.83,6.9,7749.37,1
2379,3,8,109.32,1.8,3303.35,0
2380,9,17,131.99,4.6,7787.17,1
2381,4,15,1194.99,4.6,7676.53,1
2382,10,24,1115.79,7.8,12079.91,1
2383,5,1,321.02,5.6,3563.46,1
2384,2,12,1208.44,3.0,6097.9,1
2385,4,5,550.3,2.7,3592.07,0
2386,2,24,919.71,1.9,8178.24,1
2387,2,6,378.81,6.3,5154.59,1
2388,4,1,160.18,5.8,3445.24,1
2389,6,1,384.34,5.3,4012.45,1
2390,7,10,405.6,1.3,4291.42,0
2391,10,10,500.3,6.3,7358.18,0
2392,3,3,155.79,5.5,3529.47,0
2393,3,17,2478.1,7.7,11115.85,1
2394,10,19,239.95,5.1,8629.17,1
2395,6,11,210.67,3.1,5076.29,0
2396,13,18,474.12,3.7,8322.4,1
2397,12,2,485.24,2.2,3471.65,0
2398,3,9,389.75,6.1,5872.04,0
2399,13,24,838.97,6.0,11283.64,1
2400,2,17,463.51,2.4,6460.8,1
2401,8,14,570.41,2.1,5886.95,1
2402,5,4,743.22,1.5,3214.57,0
2403,1,17,112.67,7.4,7764.81,1
2404,3,17,522.73,2.6,6440.14,1
2405,10,12,1177.92,3.4,7127.24,1
2406,8,20,108.77,3.0,7371.84,0
2407,4,18,359.75,3.9,7086.16,1
2408,14,3,1403.38,6.0,6920.47,1
2409,7,11,317.82,7.1,7107.8,1
2410,10,18,406.92,2.3,7210.23,1
2411,12,4,2096.11,5.8,7595.4,1
2412,14,17,211.15,3.5,7635.27,0
2413,14,18,133.74,7.9,9970.54,1
2414,2,5,1081.0,3.1,4035.0,1
2415,7,14,1114.24,1.1,6223.75,1
2416,5,10,419.4,4.6,5737.83,1
2417,5,15,460.99,2.1,5808.03,0
2418,6,1,1003.35,1.3,2599.95,0
2419,13,16,770.77,5.9,9135.49,1
2420,9,11,254.04,6.1,6736.62,1
2421,14,23,108.52,4.2,9444.63,1
2422,6,20,426.68,5.7,8932.53,1
2423,12,6,1079.19,4.8,6378.16,0
2424,13,24,1230.89,5.4,11659.04,1
2425,14,22,1664.36,5.2,11551.11,1
2426,8,16,1158.32,5.7,9013.32,1
2427,7,2,533.8,2.4,3166.91,0
2428,9,1,394.04,2.9,3310.34,0
2429,4,24,845.49,4.1,9134.71,0
2430,2,24,773.19,4.1,8944.69,1
2431,7,9,486.25,6.4,6567.08,1
2432,6,22,145.69,3.6,8122.22,1
2433,1,12,1402.4,2.1,5790.02,0
2434,11,17,404.04,2.8,7296.0,1
2435,9,15,325.75,2.5,6501.87,1
2436,9,19,596.54,6.1,9249.92,1
2437,12,22,660.18,4.3,9606.15,0
2438,2,10,218.3,6.0,5762.26,0
2439,3,12,1006.81,3.9,6688.37,1
2440,5,14,271.2,7.2,7675.15,1
2441,5,9,203.32,7.9,6545.15,1
2442,1,13,360.77,5.7,6277.89,0
2443,8,3,755.7,7.0,5732.97,1
2444,12,21,1782.79,4.6,11078.25,1
2445,8,14,928.48,7.5,8913.32,1
2446,4,21,1509.62,6.8,10656.73,1
2447,13,10,175.76,7.9,7831.23,1
2448,7,16,136.92,5.4,7220.08,1
2449,11,7,507.89,6.5,6534.81,0
2450,10,4,271.45,4.8,4314.61,1
2451,3,20,980.29,2.8,7828.84,1
2452,6,23,657.35,3.5,8899.73,1
2453,14,11,1865.56,7.3,9807.95,1
2454,10,16,247.05,1.4,6041.38,1
2455,13,20,432.56,5.1,9191.15,1
2456,10,4,447.82,3.6,4028.25,0
2457,12,22,236.68,3.7,8666.17,1
2458,14,22,545.91,7.2,11169.3,1
2459,9,23,392.85,7.0,10393.82,1
2460,1,17,395.95,5.2,7212.9,1
2461,5,13,325.29,2.9,5856.18,1
2462,4,11,108.54,4.3,5457.75,1
2463,8,3,469.17,3.9,4089.99,0
2464,11,9,304.17,3.5,5426.19,0
2465,12,6,100.66,1.7,4068.48,0
2466,1,22,284.04,4.8,8306.95,1
2467,9,21,263.3,3.1,8180.7,1
2468,6,11,349.98,5.6,6420.79,1
2469,4,16,170.7,3.2,6001.65,1
2470,12,19,454.32,4.0,8770.94,1
2471,9,5,689.54,1.4,3902.96,0
2472,11,14,597.38,7.9,9082.81,1
2473,5,17,914.2,4.6,7954.49,1
2474,5,3,400.75,1.2,2174.01,0
2475,12,4,466.04,4.8,5268.18,0
2476,5,16,931.42,7.1,8934.9,1
2477,1,16,379.05,6.4,7518.06,1
2478,1,21,704.66,5.9,9012.99,1
2479,8,4,385.11,2.0,3419.74,0
2480,12,19,370.42,5.6,9025.12,1
2481,8,17,813.99,6.4,9053.98,1
2482,12,13,196.09,5.0,7240.34,1
2483,6,22,306.69,7.2,9923.42,1
2484,12,23,226.91,2.9,8546.27,1
2485,11,24,322.45,2.7,8768.79,1
2486,13,1,230.93,7.1,5374.86,0
2487,4,12,533.04,5.4,6635.97,0
2488,2,4,900.17,1.0,3016.21,0
2489,14,11,872.32,3.5,6806.64,1
2490,2,5,326.67,7.0,5168.9,1
2491,9,2,2344.16,1.2,4985.49,0
2492,5,17,550.52,1.0,5813.22,0
2493,4,8,354.91,3.0,3976.74,1
2494,10,6,1002.54,7.4,7373.29,1
2495,13,21,754.43,7.3,10857.44,1
2496,1,9,791.7,4.6,5207.02,0
2497,7,13,209.16,4.9,6601.72,1
2498,3,11,415.86,3.3,5103.41,0
2499,6,16,1089.63,2.7,7331.52,1
2500,5,16,450.63,6.7,8223.29,1
2501,5,2,675.14,1.7,3196.82,1
2502,11,10,543.29,4.4,6565.63,1
2503,5,12,1023.71,5.4,7375.74,1
2504,1,8,267.43,1.7,3085.17,0
2505,1,11,528.39,4.6,5825.19,0
2506,3,10,165.76,5.0,5252.3,0
2507,14,13,685.93,6.2,8405.42,1
2508,12,17,758.32,2.6,7758.0,1
2509,10,7,121.89,3.1,4536.27,1
2510,4,24,663.18,5.0,9450.54,1
2511,5,3,367.81,7.9,5206.75,1
2512,2,20,166.25,2.5,6439.94,0
2513,8,13,372.28,7.9,8243.19,1
2514,11,19,207.98,6.0,9103.8,1
2515,11,7,368.55,6.8,6660.77,1
2516,14,9,342.53,1.6,4840.06,0
2517,2,19,770.45,3.1,7186.28,1
2518,9,13,844.09,1.4,6114.46,1
2519,2,22,567.01,3.6,7977.15,1
2520,13,8,111.47,7.9,7265.23,0
2521,9,22,1436.99,1.7,9479.94,0
2522,7,18,679.55,4.9,8038.75,1
2523,8,23,117.4,1.0,7300.61,1
2524,11,2,954.17,6.0,5766.14,1
2525,2,18,211.74,2.4,5917.98,1
2526,7,18,532.82,1.9,6817.35,0
2527,12,11,414.27,3.4,6018.7,1
2528,6,1,372.22,6.4,4382.13,0
2529,4,14,1202.34,1.7,6107.97,1
2530,7,16,387.56,2.6,6414.46,0
2531,14,11,139.17,1.1,5208.17,0
2532,13,1,1565.34,7.8,7272.32,1
2533,4,7,1366.22,5.1,6330.73,1
2534,2,16,676.69,6.0,8033.34,1
2535,10,14,415.45,5.6,7711.45,0
2536,12,15,148.73,2.0,6590.72,1
2537,7,14,882.11,5.2,7751.64,0
2538,8,21,139.24,1.9,7438.69,1
2539,2,11,135.53,3.8,4862.22,1
2540,5,16,485.43,5.0,7550.8,1
2541,1,19,187.25,4.9,7241.14,0
2542,7,17,103.88,1.8,6240.65,0
2543,8,6,375.05,1.2,3641.19,0
2544,13,11,173.8,6.6,7450.95,1
2545,6,17,187.48,6.1,7955.07,1
2546,5,9,140.01,1.6,3584.12,1
2547,6,18,214.77,1.9,6468.58,0
2548,2,17,728.48,7.2,8751.91,1
2549,1,12,927.55,6.4,6920.92,1
2550,7,23,401.23,8.0,10985.1,1
2551,7,22,453.17,2.8,8193.5,1
2552,10,22,116.6,4.4,8791.66,1
2553,11,5,135.92,2.7,4107.76,1
2554,10,11,248.91,5.4,6582.21,0
2555,14,4,492.52,1.8,4280.62,1
2556,2,4,772.67,1.9,2841.59,0
2557,2,3,564.44,1.5,2310.48,0
2558,1,24,348.9,5.9,9160.36,1
2559,10,23,162.97,4.5,9070.28,1
2560,8,17,858.82,5.3,8525.93,0
2561,8,7,326.11,7.2,6248.1,1
2562,1,4,766.01,6.2,4741.39,0
2563,12,23,459.72,4.2,9575.73,1
2564,11,13,770.97,7.9,9261.02,1
2565,8,12,1289.14,4.2,7459.18,1
2566,9,1,1369.34,1.8,3764.22,0
2567,14,21,482.97,7.9,11201.18,1
2568,4,19,458.22,1.2,6287.44,0
2569,1,21,254.4,4.8,7738.3,1
2570,1,20,1472.87,3.2,8070.25,1
2571,3,18,406.17,4.5,7531.92,1
2572,14,11,168.25,4.9,6507.99,1
2573,5,20,383.44,2.7,7040.13,0
2574,5,3,167.94,4.9,3831.32,0
2575,9,17,449.11,6.3,8697.94,1
2576,10,12,511.94,2.9,6322.71,1
2577,14,10,306.06,3.7,6108.44,1
2578,12,8,137.17,2.9,5014.99,0
2579,2,15,1536.79,6.7,8842.44,1
2580,2,5,842.18,6.1,5316.69,0
2581,6,4,1012.81,7.1,6155.13,1
2582,9,21,328.54,2.2,7785.51,1
2583,1,20,815.29,1.5,6812.37,1
2584,9,19,432.16,1.8,7218.67,0
2585,9,21,212.25,2.1,7378.62,0
2586,13,4,166.44,4.7,4900.28,1
2587,9,15,311.6,7.8,8802.69,1
2588,5,17,173.99,3.5,6626.33,0
2589,13,12,3279.52,7.7,11949.47,1
2590,9,3,125.22,1.3,2268.15,0
2591,11,10,390.93,7.5,7888.88,0
2592,4,15,400.83,2.3,5526.48,0
2593,2,10,278.79,7.4,6306.12,1
2594,13,24,523.56,1.4,8697.14,0
2595,6,23,181.25,7.6,10168.9,1
2596,14,18,866.04,2.4,8353.05,1
2597,4,1,302.07,3.1,2594.93,0
2598,6,3,547.44,4.4,4228.97,0
2599,3,21,728.76,3.7,8392.3,1
2600,6,12,1199.3,5.7,7666.06,1
2601,2,1,1003.3,7.8,5089.91,0
2602,2,3,568.64,5.2,3997.39,0
2603,13,3,345.83,6.1,5281.89,1
2604,9,5,449.79,1.6,3545.18,0
2605,7,19,832.1,5.4,8783.46,1
2606,3,1,1150.01,4.2,3744.28,1
2607,13,4,154.79,7.2,5732.84,0
2608,11,4,342.95,3.7,4585.68,0
2609,1,17,848.31,5.8,7994.92,1
2610,8,14,382.51,2.6,6369.74,0
2611,14,18,301.9,2.8,7975.89,1
2612,6,1,364.94,3.6,3224.09,0
2613,7,22,561.71,3.1,8400.9,1
2614,9,16,4371.63,2.8,11649.17,1
2615,5,3,439.61,1.3,2349.53,0
2616,1,23,216.91,6.9,9136.19,1
2617,12,21,188.87,1.5,7571.3,1
2618,10,9,121.64,7.2,6580.29,1
2619,7,23,509.15,1.9,7970.22,1
2620,5,4,493.26,1.5,2966.43,1
2621,3,21,214.85,4.9,8017.76,1
2622,12,5,694.26,4.5,5445.37,0
2623,13,11,775.67,4.4,7180.53,0
2624,9,21,249.94,5.0,9001.83,1
2625,1,9,310.87,3.0,4151.42,0
2626,1,3,2426.74,5.6,6286.59,1
2627,1,6,334.41,4.5,4056.51,1
2628,3,24,815.23,3.3,8971.27,1
2629,12,11,401.4,6.8,7921.27,1
2630,6,9,888.35,6.1,6707.13,1
2631,10,15,832.72,3.8,7626.77,1
2632,11,23,650.94,6.9,11157.85,1
2633,3,3,1064.75,7.4,5814.94,0
2634,8,1,1500.23,4.8,4940.97,0
2635,14,20,533.73,2.5,8313.6,1
2636,14,22,235.56,7.4,10668.1,1
2637,10,19,354.27,2.3,7359.63,1
2638,2,14,810.04,1.3,5370.06,1
2639,14,17,626.17,3.3,8445.78,1
2640,9,22,197.88,6.1,9544.96,1
2641,3,14,126.3,7.5,7468.8,1
2642,5,17,674.37,5.5,8286.76,1
2643,10,14,244.56,7.7,8664.79,1
2644,8,12,446.24,1.6,5406.68,0
2645,2,16,786.68,1.4,5713.35,0
2646,6,1,513.53,5.2,3721.84,1
2647,12,13,143.49,7.8,8261.16,1
2648,5,6,202.64,4.5,4402.01,1
2649,13,17,223.8,1.4,6579.38,1
2650,10,12,249.11,2.5,5402.01,1
2651,9,23,516.67,2.7,8488.8,1
2652,12,19,450.56,3.4,8695.9,0
2653,5,6,213.55,1.3,2910.72,0
2654,2,7,134.97,7.3,5722.4,1
2655,5,1,194.03,4.6,3121.65,0
2656,12,1,2179.64,5.7,6987.9,0
2657,4,5,416.07,1.5,2869.4,0
2658,11,6,1110.0,1.4,4773.57,0
2659,7,16,1044.42,5.1,8507.44,1
2660,6,16,458.23,7.2,8454.49,1
2661,14,14,713.26,4.7,7971.51,1
2662,2,1,207.06,7.1,3832.82,0
2663,12,13,683.01,6.7,8392.65,1
2664,11,20,258.99,1.5,7332.29,1
2665,11,10,992.08,2.4,5812.26,1
2666,13,24,143.72,5.6,10300.03,1
2667,5,10,841.71,4.1,6147.02,1
2668,7,9,152.65,3.0,4562.67,0
2669,11,13,1165.11,3.9,7638.64,0
2670,7,3,281.35,4.1,4075.1,0
2671,5,18,631.23,7.4,9396.51,1
2672,12,20,434.23,1.7,7801.11,1
2673,9,2,328.09,3.0,3192.73,0
2674,4,17,618.44,4.8,7703.04,1
2675,11,19,1573.69,5.9,10456.75,1
2676,3,23,121.07,5.4,8493.35,0
2677,4,13,1355.75,7.6,8840.9,1
2678,5,13,569.63,6.6,7417.98,1
2679,13,1,923.35,4.9,4819.32,0
2680,6,2,342.15,2.5,2844.85,1
2681,3,1,419.18,4.2,3202.3,1
2682,2,24,1115.71,5.9,10311.95,1
2683,14,5,367.94,6.9,6386.29,0
2684,13,24,482.49,7.7,11291.11,1
2685,4,3,110.2,5.2,3741.37,1
2686,5,7,186.34,4.7,4584.87,1
2687,4,24,613.17,1.1,7586.35,1
2688,14,22,731.11,1.5,8442.43,0
2689,11,13,536.86,2.1,6437.51,0
2690,13,23,177.34,1.4,7980.72,0
2691,12,18,394.76,3.8,7853.19,1
2692,3,24,319.33,3.4,8508.55,1
2693,8,21,442.25,5.5,9203.03,1
2694,10,7,1121.38,4.7,6414.39,0
2695,4,1,847.75,5.2,4121.01,0
2696,14,5,143.86,4.3,5104.72,1
2697,2,17,1205.04,2.9,7292.91,1
2698,2,8,419.11,7.7,5968.32,0
2699,1,15,781.02,1.6,5291.77,0
2700,13,20,175.43,7.6,10068.68,1
2701,4,4,655.42,3.2,3620.39,0
2702,10,2,234.81,4.6,3992.65,0
2703,9,5,388.47,1.8,3623.3,0
2704,14,1,108.5,1.5,2691.7,0
2705,11,5,182.21,4.0,4489.61,0
2706,7,6,148.3,6.2,5363.51,0
2707,12,2,237.05,2.9,3630.03,0
2708,10,1,152.69,4.9,3733.31,0
2709,7,4,688.68,3.0,3788.98,1
2710,13,7,114.73,3.7,5148.84,1
2711,7,22,580.83,7.3,10279.2,1
2712,8,1,175.82,7.0,4692.3,0
2713,1,1,1551.68,4.6,4159.69,1
2714,10,8,1452.23,2.7,5961.84,0
2715,13,20,227.77,2.4,7796.85,0
2716,10,16,576.5,7.7,9425.15,1
2717,8,21,114.2,2.4,7382.86,1
2718,4,13,1442.57,6.7,8443.53,1
2719,4,23,470.11,3.6,8332.1,1
2720,4,24,122.09,7.9,10333.66,1
2721,6,23,309.66,3.6,8523.73,1
2722,7,18,139.98,3.5,6836.86,1
2723,6,20,349.57,5.5,8732.67,1
2724,1,10,654.22,7.7,6972.4,1
2725,12,12,417.34,7.8,8628.58,1
2726,8,1,342.03,6.0,4218.83,0
2727,13,10,163.44,6.3,6942.28,1
2728,10,9,240.48,4.9,5950.89,1
2729,11,3,152.76,6.3,5108.46,0
2730,13,19,923.83,7.0,10754.7,1
2731,7,9,172.65,4.4,5373.86,1
2732,6,10,552.4,5.3,6307.8,1
2733,6,19,309.84,4.8,7965.22,1
2734,5,16,228.08,4.9,7097.76,1
2735,6,24,610.09,7.2,10646.61,1
2736,12,18,405.33,3.5,8098.42,1
2737,9,14,355.53,2.5,5894.59,1
2738,10,3,549.29,4.2,4497.73,1
2739,9,2,437.92,2.5,3367.59,0
2740,10,1,280.83,4.5,3636.6,1
2741,8,18,509.42,7.3,9659.06,1
2742,10,24,653.57,5.3,10217.61,1
2743,9,9,113.53,7.0,6535.14,1
2744,13,13,413.56,2.2,6433.66,0
2745,10,2,129.71,7.3,5361.21,1
2746,8,7,203.15,5.2,5353.03,1
2747,8,16,511.07,1.2,6173.0,0
2748,1,21,1105.66,5.4,9409.3,1
2749,10,19,1171.96,7.7,10598.04,1
2750,11,15,136.26,1.6,5674.16,0
2751,5,22,371.59,5.1,8541.99,1
2752,4,11,537.34,7.4,7080.88,1
2753,2,1,179.54,1.1,1078.57,0
2754,8,21,825.01,5.4,9694.47,1
2755,3,7,781.75,4.3,5145.2,0
2756,4,20,1268.28,3.4,8681.25,1
2757,12,8,104.26,5.4,6123.76,1
2758,7,10,222.11,1.4,4078.84,0
2759,10,5,977.77,6.3,6503.19,0
2760,9,9,655.21,1.0,4470.29,1
2761,2,1,1224.0,3.1,3465.78,0
2762,3,2,129.44,4.5,3059.2,0
2763,4,19,554.36,3.6,7665.6,1
2764,10,14,520.88,3.2,7100.04,0
2765,1,20,118.16,6.8,8324.0,1
2766,7,10,460.28,7.5,7121.56,1
2767,2,9,570.19,7.1,6131.74,0
2768,5,10,206.16,4.7,5308.53,1
2769,1,6,259.64,7.2,5326.71,0
2770,3,17,611.31,7.4,8766.96,1
2771,12,6,415.84,3.9,5212.65,1
2772,2,4,1076.01,3.0,3931.29,1
2773,1,20,309.57,1.7,6358.92,1
2774,7,3,255.07,4.4,3621.67,0
2775,5,23,2195.4,7.6,12563.26,1
2776,1,19,1310.32,4.9,8717.66,1
2777,6,18,114.71,5.7,7694.36,1
2778,5,24,836.42,1.8,8459.61,1
2779,3,4,158.46,2.0,2256.87,0
2780,12,8,113.93,4.3,5566.34,1
2781,7,17,259.89,7.7,8866.34,1
2782,11,5,256.91,3.5,4313.38,0
2783,10,13,955.51,7.1,8872.71,1
2784,9,1,720.09,1.8,3144.37,0
2785,14,13,2097.96,5.3,9755.13,1
2786,13,4,721.55,5.2,5885.13,1
2787,13,22,370.86,7.0,10621.86,1
2788,9,24,700.2,1.0,8511.84,1
2789,14,14,3861.11,2.3,10847.22,1
2790,9,3,719.18,2.5,4011.01,0
2791,2,5,817.07,7.6,5775.84,1
2792,3,7,1493.26,2.1,4703.35,1
2793,7,1,160.32,1.3,1730.62,0
2794,5,23,710.02,4.7,9354.58,1
2795,2,12,1051.25,4.7,6593.62,1
2796,3,11,1643.69,6.9,8234.16,1
2797,10,24,218.48,7.6,10726.46,1
2798,6,8,450.52,4.8,5299.42,1
2799,13,6,670.58,7.5,7434.78,1
2800,7,22,242.16,6.1,9420.58,1
2801,9,2,558.74,2.9,3627.38,0
2802,1,19,248.92,7.5,8504.93,1
2803,11,20,302.83,5.7,9280.06,0
2804,7,20,391.27,3.9,7992.69,0
2805,8,24,476.65,5.8,9847.2,1
2806,12,14,398.34,3.8,7287.46,1
2807,14,1,439.81,1.8,3294.78,0
2808,3,10,277.33,6.0,5797.77,1
2809,4,16,186.56,6.8,7749.94,1
2810,10,4,124.25,6.1,5024.92,0
2811,6,11,209.06,2.6,5117.36,1
2812,10,16,536.07,7.7,9407.42,1
2813,7,20,871.16,1.2,7242.77,0
2814,13,1,192.71,3.3,3346.71,0
2815,14,16,157.46,2.8,7175.82,0
2816,4,19,791.73,1.3,6801.83,0
2817,8,21,282.04,3.8,8354.19,1
2818,5,22,1613.09,5.4,10427.02,1
2819,1,9,726.44,7.2,6374.67,1
2820,4,9,297.82,7.9,6731.36,0
2821,3,9,270.92,6.7,6019.7,1
2822,9,17,470.85,4.3,8009.99,1
2823,8,12,141.23,6.1,6969.31,1
2824,1,13,162.6,6.9,6547.01,0
2825,11,8,196.71,4.3,5510.23,0
2826,6,16,845.21,6.5,8614.31,1
2827,9,18,460.63,4.4,7961.36,1
2828,7,1,105.31,3.7,2615.5,0
2829,4,1,659.69,4.7,3965.97,0
2830,13,12,375.55,5.7,7505.77,0
2831,1,6,457.55,6.1,4889.8,0
2832,12,9,220.47,3.5,5561.26,0
2833,2,23,501.24,5.0,8857.9,1
2834,12,5,2035.28,7.4,8070.19,0
2835,5,16,138.14,7.8,8266.29,1
2836,12,18,266.98,2.6,7691.88,1
2837,11,17,239.19,2.3,6882.68,0
2838,5,18,242.87,5.7,8218.28,1
2839,8,1,337.98,3.9,3376.54,1
2840,6,19,952.18,1.2,7086.24,0
2841,8,22,1320.11,3.4,9608.41,1
2842,2,8,212.96,6.6,5492.43,1
2843,3,3,491.48,6.6,4663.97,1
2844,6,5,606.54,4.5,4618.79,1
2845,12,23,468.89,4.3,9486.71,1
2846,13,8,384.65,5.1,6381.21,1
2847,10,19,206.58,2.5,7353.22,1
2848,3,18,434.93,4.7,7738.62,1
2849,6,18,356.43,1.1,6127.5,1
2850,6,21,893.75,4.3,8763.43,1
2851,2,1,821.12,3.4,3032.27,0
2852,7,15,171.93,5.7,7383.55,1
2853,12,18,146.34,5.5,8511.8,0
2854,2,7,1293.82,3.7,5284.98,0
2855,6,16,483.41,1.1,5847.64,1
2856,1,16,1075.26,2.8,6475.44,1
2857,3,15,129.96,5.4,6640.82,1
2858,2,6,473.82,1.5,3150.72,1
2859,7,9,487.64,1.8,4317.28,0
2860,14,7,1085.57,5.5,7194.99,1
2861,4,14,151.35,6.3,7026.37,1
2862,8,11,237.51,3.3,5284.81,0
2863,6,21,360.89,4.4,8380.78,1
2864,12,16,1104.37,7.6,10174.54,1
2865,10,6,1497.49,7.6,7876.92,1
2866,4,22,2561.63,3.2,10243.01,1
2867,5,16,1699.46,6.7,9640.76,1
2868,13,20,102.98,5.2,8911.71,1
2869,13,16,124.44,7.8,9391.97,1
2870,9,12,179.85,4.3,6312.66,1
2871,7,17,314.52,6.4,8241.19,1
2872,10,5,985.74,6.4,6443.2,1
2873,14,13,1215.86,4.5,8424.71,0
2874,14,8,203.41,6.6,6820.77,1
2875,9,24,583.35,2.8,8825.02,0
2876,7,5,1346.64,1.9,4584.92,0
2877,12,12,411.56,4.0,6802.06,0
2878,1,9,154.65,7.6,6089.15,1
2879,12,3,406.07,4.5,4845.44,1
2880,8,3,335.64,5.4,4439.58,1
2881,4,1,530.97,5.4,3900.99,0
2882,3,22,388.71,1.9,7022.79,0
2883,14,18,108.75,3.7,8043.51,1
2884,13,24,2657.81,5.9,13319.92,1
2885,7,12,492.13,7.8,8005.07,1
2886,12,9,420.88,2.2,4948.13,1
2887,3,9,1646.31,3.9,6409.88,0
2888,8,18,184.72,1.7,6313.21,1
2889,6,18,204.89,2.7,6751.78,1
2890,5,7,925.17,3.6,5152.91,1
2891,4,4,251.11,4.8,3992.18,1
2892,8,13,902.79,2.6,6476.77,1
2893,8,17,258.41,2.6,6511.84,1
2894,12,24,116.88,6.4,10703.96,1
2895,1,2,463.88,7.7,4639.49,1
2896,9,14,209.51,3.3,6280.92,1
2897,14,3,809.09,5.8,6225.81,0
2898,5,5,612.49,2.8,3714.61,0
2899,4,14,1385.9,7.5,9009.01,1
2900,6,3,863.9,5.7,5101.79,1
2901,6,23,199.7,6.6,9653.31,1
2902,2,7,905.11,1.3,3722.59,0
2903,8,18,613.24,5.2,8443.99,1
2904,7,13,652.75,4.7,6975.04,1
2905,1,23,992.68,3.1,8453.84,1
2906,5,22,526.45,2.8,8213.45,1
2907,12,10,413.68,5.1,6961.93,0
2908,6,13,606.18,5.9,7398.27,1
2909,4,16,276.88,1.2,5546.64,1
2910,2,9,200.81,5.0,4859.53,1
2911,13,2,579.32,2.2,4079.83,0
2912,14,23,233.19,2.0,8565.26,1
2913,4,5,141.64,5.4,4307.88,1
2914,1,22,100.28,3.2,7249.38,1
2915,7,17,568.65,4.1,7739.04,0
2916,2,23,324.83,3.5,7938.07,1
2917,13,22,797.79,5.5,10208.38,1
2918,2,4,335.14,4.3,3671.43,0
2919,9,17,432.77,7.7,9197.7,1
2920,5,9,361.35,3.5,4959.76,1
2921,2,20,625.73,6.2,8885.62,1
2922,11,2,320.14,2.8,3493.52,0
2923,9,24,1758.9,4.6,11378.9,1
2924,9,18,1475.59,4.9,9467.75,1
2925,1,21,1042.03,3.3,8313.34,1
2926,11,22,1364.74,4.3,10418.24,1
2927,3,11,398.14,3.0,4889.69,0
2928,4,13,484.4,1.0,4951.37,0
2929,14,8,777.58,2.5,5642.61,0
2930,7,1,695.6,5.9,4264.21,1
2931,10,17,1206.73,6.4,9589.46,1
2932,4,12,729.97,3.0,5903.87,0
2933,2,4,3179.28,3.9,6827.97,0
2934,7,21,314.24,1.3,7060.32,1
2935,6,13,994.87,2.7,6497.21,0
2936,3,9,698.06,6.5,6396.55,1
2937,6,7,687.83,5.2,5612.98,1
2938,11,23,297.14,2.4,8458.95,1
2939,6,24,869.96,2.8,8848.58,0
2940,12,5,1253.18,6.7,7056.7,1
2941,5,5,223.3,2.5,3252.78,1
2942,4,17,591.08,3.3,6918.53,0
2943,10,9,348.9,5.7,6484.62,1
2944,12,6,2380.49,4.9,8001.22,1
2945,1,19,425.84,4.2,7123.15,1
2946,10,16,229.59,7.3,8796.54,1
2947,6,21,340.52,2.5,7548.55,1
2948,2,2,630.42,6.2,4284.57,0
2949,13,10,139.57,2.1,5202.12,1
2950,3,16,562.67,5.3,7719.62,1
2951,14,5,1438.46,7.1,7669.83,1
2952,8,15,1049.77,4.2,7718.54,1
2953,10,13,135.04,6.1,7088.29,1
2954,14,13,2609.58,6.7,11109.62,1
2955,14,13,699.87,2.0,6357.93,1
2956,6,15,188.54,5.9,7403.22,1
2957,3,14,106.25,7.4,7326.57,1
2958,7,8,193.94,5.0,5252.21,1
2959,4,11,1010.62,2.3,5549.82,0
2960,14,18,110.94,1.9,7207.48,1
2961,9,24,232.73,2.8,8868.21,1
2962,5,4,807.98,1.7,3437.6,0
2963,3,10,541.08,4.6,5567.01,0
2964,2,1,863.32,1.5,1853.36,1
2965,11,5,785.51,2.6,4805.78,0
2966,2,13,125.96,4.1,5617.53,1
2967,3,1,1215.19,4.3,4209.6,1
2968,2,23,228.76,5.0,8152.35,1
2969,14,8,503.04,5.9,6987.09,1
2970,4,3,616.82,1.3,2667.73,0
2971,2,3,192.34,1.6,2105.0,0
2972,10,7,1969.69,1.4,6045.62,0
2973,9,4,434.87,4.0,4393.85,0
2974,2,3,129.69,1.3,1574.69,0
2975,9,15,1484.39,6.2,9393.87,1
2976,13,8,541.27,2.6,5420.3,0
2977,6,3,700.64,7.6,5836.72,1
2978,1,7,472.41,4.4,4181.12,1
2979,4,18,1000.11,4.1,8080.38,1
2980,14,11,116.85,6.5,7258.0,1
2981,1,11,256.25,6.0,5913.81,1
2982,14,17,417.11,5.3,8621.44,1
2983,6,6,139.85,7.5,5567.08,1
2984,14,8,711.93,4.0,6586.0,1
2985,13,1,350.16,6.7,5019.74,1
2986,4,10,259.19,3.7,4842.81,1
2987,3,19,101.69,6.9,8319.76,1
2988,3,3,736.18,2.8,2948.4,0
2989,9,4,997.31,3.0,4755.77,0
2990,6,11,351.3,5.7,6371.74,1
2991,9,15,515.31,2.5,6415.39,1
2992,13,1,229.18,2.6,3395.51,0
2993,5,9,586.69,3.1,4765.23,1
2994,2,11,106.11,5.8,5773.1,1
2995,8,19,435.34,7.2,9487.52,1
2996,5,13,616.7,5.7,7173.52,1
2997,2,16,1351.69,6.8,8911.18,1
2998,4,4,340.1,4.8,4069.62,0
2999,9,1,824.49,1.5,2644.93,0
3000,4,20,555.26,1.7,6781.65,1
3001,13,13,1408.73,4.9,8559.82,0
3002,12,1,354.06,3.3,3763.58,0
3003,12,5,292.17,2.5,4209.18,0
3004,12,5,1190.81,4.3,6039.39,1
3005,13,14,125.25,5.7,8038.11,1
3006,14,23,173.31,3.7,8997.03,1
3007,4,14,143.0,6.6,7341.78,1
3008,2,8,1026.11,6.2,6249.44,1
3009,13,4,105.33,6.1,5338.1,1
3010,12,7,1089.01,7.9,7970.02,1
3011,6,20,400.07,3.1,7505.34,0
3012,13,19,102.02,5.5,9138.32,1
3013,11,15,356.79,7.0,8678.78,1
3014,14,22,203.39,5.1,9802.54,1
3015,2,4,589.62,6.5,4773.15,1
3016,12,19,668.72,3.9,8764.66,1
3017,7,9,434.25,5.1,6057.55,1
3018,3,21,120.68,1.4,6549.09,0
3019,3,13,633.74,7.9,7724.7,1
3020,5,14,1022.7,6.6,8418.59,1
3021,3,23,737.06,7.1,10159.34,1
3022,2,14,985.85,5.9,7614.86,1
3023,10,22,211.89,2.3,7911.13,0
3024,9,10,1198.61,1.2,5794.94,1
3025,2,16,294.45,7.1,7806.03,1
3026,14,5,106.75,3.8,4668.34,0
3027,11,23,1027.0,2.8,9510.24,1
3028,2,6,1522.12,4.9,5914.72,1
3029,13,2,632.92,3.9,4703.56,1
3030,8,13,231.62,5.6,7002.77,1
3031,9,13,245.01,4.4,6539.93,1
3032,7,19,414.24,5.9,8876.64,1
3033,3,18,1240.56,7.0,9408.03,1
3034,9,19,181.02,2.4,7026.76,0
3035,3,1,974.27,3.3,3645.76,0
3036,5,8,272.16,4.1,4809.37,0
3037,9,22,926.66,7.7,11160.14,1
3038,12,16,1364.56,3.6,8611.63,1
3039,14,2,378.87,3.7,4253.56,0
3040,14,8,327.11,5.6,6768.14,0
3041,3,6,910.3,3.9,4847.13,0
3042,7,16,476.96,7.7,8761.37,1
3043,12,23,676.72,7.3,11220.13,1
3044,1,11,587.53,4.6,5444.96,0
3045,4,17,182.96,5.5,7470.07,1
3046,4,23,1031.49,1.4,7505.43,1
3047,7,19,208.94,5.9,8251.12,1
3048,8,11,1446.2,6.0,8136.97,1
3049,1,8,244.22,3.5,3600.86,0
3050,5,22,761.91,2.5,8498.92,0
3051,7,4,267.5,7.4,5360.49,1
3052,12,11,291.21,4.0,6406.14,1
3053,4,8,285.53,5.6,5521.98,1
3054,13,9,788.95,1.2,5352.01,0
3055,4,2,506.88,3.9,3341.81,0
3056,4,16,1172.59,6.7,8826.3,1
3057,12,6,283.63,3.7,4753.51,1
3058,6,21,688.82,5.2,9075.19,1
3059,7,21,799.08,2.5,8175.4,1
3060,2,19,182.13,3.9,6966.72,1
3061,5,8,355.9,7.5,6255.91,1
3062,4,14,429.68,5.0,6889.46,0
3063,14,24,319.79,7.3,11140.24,1
3064,13,16,294.39,7.3,9293.86,1
3065,3,12,679.85,7.6,7727.49,1
3066,7,5,221.59,7.3,5662.09,0
3067,11,24,717.89,1.0,8891.38,1
3068,12,24,1467.02,7.5,12653.41,1
3069,6,19,516.43,2.0,7179.53,1
3070,14,18,572.65,1.3,7042.92,0
3071,7,9,135.71,1.4,4018.02,0
3072,5,2,1099.31,3.4,4056.11,0
3073,13,20,268.05,5.3,9367.42,1
3074,6,12,577.32,3.8,6222.64,1
3075,5,2,2034.29,1.2,3999.48,0
3076,14,10,552.55,4.3,6907.82,1
3077,7,1,744.96,4.1,4093.88,0
3078,2,4,394.68,6.3,4266.02,0
3079,14,12,131.13,3.0,6346.63,1
3080,11,9,898.75,2.5,5764.4,0
3081,5,4,117.81,2.8,2898.65,1
3082,6,9,703.08,3.1,5038.9,0
3083,6,6,111.59,5.2,4748.26,1
3084,5,1,1091.36,4.3,4332.32,0
3085,10,10,185.77,3.4,5375.8,0
3086,7,14,461.05,3.6,6622.36,0
3087,10,22,554.6,3.6,8982.35,1
3088,8,18,405.83,7.8,9213.55,1
3089,7,6,308.34,2.6,3867.04,1
3090,5,18,415.38,6.7,8525.65,1
3091,1,20,286.56,6.0,7992.71,1
3092,13,16,388.24,1.0,6428.88,1
3093,5,15,322.3,8.0,8267.51,1
3094,10,16,517.59,6.3,8804.88,0
3095,2,8,235.85,5.8,5126.28,0
3096,13,13,2339.56,3.8,9133.52,0
3097,5,23,447.44,4.9,9266.81,1
3098,5,11,207.94,2.8,4905.09,1
3099,2,7,424.15,1.2,3102.89,0
3100,5,17,1106.51,6.9,9392.31,1
3101,13,18,111.02,7.3,9463.91,1
3102,4,22,669.02,2.1,7664.15,1
3103,1,23,497.0,6.5,9447.61,1
3104,3,19,192.9,6.2,8219.55,1
3105,1,13,950.44,2.2,5579.62,1
3106,12,15,330.13,4.0,7486.57,1
3107,11,23,273.93,4.0,9195.47,1
3108,5,22,980.49,6.3,9971.14,1
3109,4,22,608.78,6.9,9704.79,1
3110,7,1,1242.66,1.7,3535.63,1
3111,5,16,596.97,4.9,7544.63,1
3112,10,5,775.11,6.3,6060.52,0
3113,14,3,1005.31,6.5,6379.59,1
3114,4,23,128.15,2.0,7099.11,1
3115,2,10,848.16,4.7,5986.72,1
3116,4,19,575.58,7.0,9118.47,1
3117,12,5,136.02,3.2,4583.27,1
3118,2,7,455.23,4.0,4411.81,0
3119,8,14,143.03,6.6,7710.81,1
3120,3,3,765.8,1.6,3058.8,0
3121,9,13,495.38,7.0,7936.54,1
3122,13,13,1634.94,3.2,7977.04,0
3123,4,10,201.14,1.0,3758.87,0
3124,13,2,565.74,2.6,3889.89,0
3125,6,6,218.86,1.6,3259.19,0
3126,10,8,576.04,1.6,4815.98,0
3127,5,4,741.24,5.8,5236.15,1
3128,10,12,740.61,2.5,6440.24,1
3129,13,15,943.9,7.5,9700.91,1
3130,1,8,1060.54,4.6,5604.05,1
3131,9,7,140.21,4.2,4781.69,1
3132,1,14,310.24,4.0,6060.62,1
3133,8,23,680.97,5.8,10226.04,1
3134,9,19,445.16,4.2,8314.85,1
3135,9,14,205.78,1.9,5594.72,1
3136,1,22,502.27,7.2,9365.56,1
3137,2,13,361.65,4.0,5784.22,0
3138,12,21,347.18,1.5,8051.97,1
3139,13,1,929.72,4.7,5280.52,1
3140,1,19,361.79,5.5,7847.06,1
3141,10,1,113.41,2.9,2840.98,0
3142,2,4,129.91,6.6,4452.9,1
3143,10,10,1069.82,5.7,7731.75,1
3144,12,3,1717.01,5.6,6780.75,1
3145,8,20,683.03,3.9,8497.15,1
3146,5,9,326.57,7.7,6823.78,1
3147,12,3,1495.18,2.9,5261.95,0
3148,11,6,643.54,5.0,5808.76,0
3149,7,6,1030.02,3.2,4991.13,0
3150,2,23,825.9,6.2,9877.21,1
3151,8,12,338.32,1.3,4933.15,0
3152,11,23,425.72,1.3,8169.84,1
3153,6,1,202.98,6.7,4239.31,0
3154,8,16,272.67,4.0,7047.87,1
3155,1,24,852.82,3.4,8900.54,0
3156,1,5,1222.06,5.3,5476.61,1
3157,12,9,744.51,5.9,7198.98,1
3158,7,10,412.91,2.4,4799.63,0
3159,8,13,145.24,2.3,5348.8,1
3160,13,15,129.32,7.7,9000.23,1
3161,3,12,334.46,5.1,6055.9,1
3162,5,5,411.64,3.7,3831.02,0
3163,12,5,569.68,6.6,6324.78,1
3164,1,18,103.26,4.7,6909.22,1
3165,7,12,2388.92,2.7,8065.64,0
3166,5,3,326.23,2.4,3106.23,0
3167,8,7,1042.25,3.8,5593.59,1
3168,13,17,482.82,7.0,9454.55,1
3169,8,19,169.88,1.4,6519.84,1
3170,9,18,898.67,2.5,7654.93,1
3171,7,1,718.64,7.3,5110.76,0
3172,11,24,474.79,1.9,8619.07,0
3173,1,5,461.34,5.4,4405.97,1
3174,13,2,145.77,2.5,3232.56,0
3175,3,1,633.34,5.2,3852.19,0
3176,8,7,1310.94,3.7,6112.27,1
3177,3,11,148.94,1.7,3890.14,0
3178,8,11,252.93,5.1,6102.57,0
3179,1,18,1262.97,5.8,8656.75,1
3180,5,17,267.28,5.8,7703.39,1
3181,4,2,630.58,5.5,4383.26,0
3182,5,7,482.66,4.5,4947.35,0
3183,8,7,553.58,4.6,5523.59,1
3184,10,10,368.75,5.4,6657.44,1
3185,14,22,278.33,5.8,10006.23,1
3186,4,21,124.88,5.6,8355.11,1
3187,11,3,781.84,5.1,5305.16,0
3188,4,12,785.39,2.1,5420.0,1
3189,3,3,655.43,2.5,2794.82,0
3190,7,11,615.9,2.8,5509.6,0
3191,3,12,239.67,7.4,6996.26,1
3192,12,4,111.3,6.3,5349.71,0
3193,3,16,927.0,4.9,7453.6,1
3194,11,20,437.79,2.8,7980.95,0
3195,10,18,283.25,1.8,6630.33,1
3196,5,4,153.75,7.3,5272.74,0
3197,5,22,132.39,7.2,9472.82,1
3198,14,6,314.52,1.8,4346.29,0
3199,6,21,916.7,6.6,9884.44,1
3200,8,15,1354.95,4.1,8227.48,1
3201,10,1,1235.31,3.3,4507.13,0
3202,6,3,1362.87,6.2,5746.19,0
3203,12,5,1291.49,5.3,6490.87,1
3204,1,22,474.57,6.5,9022.24,1
3205,8,17,223.86,1.5,5952.75,1
3206,8,14,899.86,3.2,7050.41,1
3207,9,9,220.22,3.2,5163.96,1
3208,9,3,255.45,3.3,3410.37,1
3209,2,13,232.8,4.5,5934.32,1
3210,2,3,461.79,3.0,3017.89,1
3211,3,11,294.18,4.1,4886.69,1
3212,1,2,183.71,3.6,2283.39,0
3213,4,24,401.81,6.1,9637.37,1
3214,14,15,1135.37,5.2,9228.73,1
3215,4,13,522.63,5.6,6931.78,1
3216,14,19,1153.24,2.5,8788.49,1
3217,9,22,209.0,3.3,8549.82,1
3218,9,16,191.35,1.1,5721.27,0
3219,9,18,528.51,1.8,6880.31,1
3220,10,7,411.18,2.9,4554.21,0
3221,7,13,639.66,1.5,5487.02,0
3222,14,4,891.46,5.2,6233.67,1
3223,2,9,795.77,8.0,6903.84,0
3224,10,10,1525.91,1.7,6329.93,0
3225,5,9,353.96,6.7,6342.13,0
3226,4,7,215.58,1.8,3308.25,0
3227,12,15,500.27,5.7,8398.87,1
3228,11,8,158.68,5.5,6122.28,1
3229,8,19,270.44,7.3,9369.03,1
3230,2,11,216.53,1.8,4215.78,1
3231,6,5,352.56,3.2,3671.71,0
3232,13,2,158.95,1.6,2920.37,0
3233,5,10,116.18,3.9,4807.85,1
3234,12,16,634.71,7.4,9605.36,1
3235,2,23,571.12,6.5,9770.42,1
3236,11,13,716.12,6.1,8110.02,1
3237,10,8,639.97,4.7,6139.24,1
3238,1,9,160.69,7.2,5571.62,0
3239,8,11,272.01,4.1,5905.38,1
3240,2,11,169.36,2.0,3863.77,1
3241,7,23,1025.67,6.9,10918.29,1
3242,9,16,786.99,3.0,7066.75,1
3243,9,10,212.53,1.4,4708.15,0
3244,8,24,308.75,1.9,8169.92,1
3245,11,12,1799.82,5.3,8834.85,0
3246,14,6,550.9,5.2,6489.64,0
3247,12,12,907.62,2.8,6808.63,1
3248,10,10,253.66,6.1,6503.59,1
3249,9,18,217.89,6.4,8663.82,1
3250,2,18,866.05,7.4,9420.61,1
3251,6,4,678.98,5.1,4693.04,1
3252,4,9,671.25,6.5,6374.6,1
3253,14,7,502.19,6.3,7086.9,1
3254,4,18,514.57,2.8,6743.93,0
3255,5,8,765.33,3.2,4931.3,1
3256,12,11,257.36,4.3,6658.62,1
3257,3,7,317.53,1.1,2914.94,1
3258,14,9,1126.45,3.1,6548.75,0
3259,1,8,284.71,4.3,4127.93,0
3260,8,3,495.17,1.8,2929.18,0
3261,5,17,706.4,1.9,6412.94,0
3262,3,2,4847.86,4.2,8532.16,1
3263,10,15,385.72,6.1,8219.0,1
3264,14,14,379.39,6.8,8704.88,1
3265,7,18,1024.45,4.8,8555.49,1
3266,7,16,918.67,4.3,8091.93,1
3267,1,20,756.66,3.7,7523.18,1
3268,12,22,411.09,2.4,8761.65,0
3269,9,4,295.74,2.0,3369.24,0
3270,2,20,569.18,6.5,9024.29,1
3271,5,6,1144.64,4.3,5467.82,0
3272,13,6,1176.12,6.5,7636.72,1
3273,14,11,157.42,5.9,7280.27,0
3274,5,17,379.61,2.4,6326.32,1
3275,14,24,412.48,4.6,10278.16,1
3276,8,3,1999.69,4.1,5916.99,0
3277,14,13,666.6,4.0,7583.16,0
3278,8,22,361.49,4.8,9285.36,1
3279,14,3,113.2,7.9,5855.83,1
3280,7,16,516.65,6.7,8459.21,1
3281,7,15,150.5,7.3,8397.39,1
3282,12,11,999.24,1.2,5873.91,0
3283,11,18,798.21,2.0,7821.97,1
3284,6,15,408.56,1.6,5807.88,1
3285,6,5,380.37,2.8,3489.94,0
3286,11,16,1238.16,4.1,8692.28,1
3287,9,16,270.16,5.5,7909.61,1
3288,6,17,243.19,4.5,7766.8,1
3289,12,9,1500.06,7.3,8391.2,1
3290,13,23,928.38,7.6,11591.52,1
3291,13,3,959.14,2.1,4391.75,0
3292,2,20,208.58,7.0,8573.32,1
3293,2,13,177.33,4.4,5537.7,1
3294,13,22,113.19,4.2,8950.85,1
3295,5,3,235.28,6.5,4657.53,1
3296,4,7,844.03,1.7,3860.2,0
3297,11,6,237.24,7.2,6253.38,1
3298,2,9,753.01,5.7,6106.38,1
3299,3,12,245.11,7.1,6987.68,1
3300,7,15,351.51,8.0,8522.77,0
3301,8,21,2142.07,4.6,10642.35,1
3302,12,20,240.39,1.7,7604.14,1
3303,13,3,336.1,2.2,3546.89,0
3304,6,10,279.11,3.3,5218.11,1
3305,11,1,158.06,1.7,2598.77,0
3306,5,19,436.57,6.7,8863.22,1
3307,13,19,337.96,3.1,8166.46,1
3308,1,23,693.54,7.8,9933.48,1
3309,8,23,950.76,5.9,10736.11,1
3310,3,13,492.91,2.2,5166.41,1
3311,6,12,116.36,4.3,5834.21,1
3312,3,1,582.38,4.3,3143.07,0
3313,7,19,128.49,4.4,7719.99,1
3314,13,24,579.02,4.7,10631.95,1
3315,14,16,677.64,1.2,7000.86,1
3316,7,23,210.18,5.8,9391.42,1
3317,12,23,955.59,4.4,10423.84,1
3318,9,15,1310.04,6.5,9390.15,1
3319,5,16,938.56,6.7,8977.68,1
3320,8,11,282.0,2.6,4922.16,1
3321,10,24,541.72,1.3,8383.52,0
3322,10,6,1331.47,5.9,6749.22,1
3323,8,11,293.32,7.8,7776.64,1
3324,1,3,957.48,4.1,3682.11,1
3325,12,15,104.76,2.8,6632.96,1
3326,5,1,101.83,2.1,1719.68,0
3327,3,7,812.96,3.0,4366.1,0
3328,1,1,816.58,3.3,2683.55,0
3329,4,17,877.89,4.0,7567.65,1
3330,8,9,1429.82,5.6,7744.53,0
3331,3,23,162.73,2.9,7401.92,1
3332,10,13,231.97,1.4,5168.3,0
3333,2,11,1270.27,3.6,6229.7,1
3334,11,20,197.54,7.0,9679.36,1
3335,9,6,673.21,4.5,5216.77,0
3336,10,1,478.0,7.8,5442.02,1
3337,5,7,143.43,4.5,4331.48,1
3338,14,12,267.92,2.9,6247.06,0
3339,7,22,467.37,2.4,7814.01,1
3340,11,20,1056.46,5.9,10272.14,1
3341,11,23,714.71,4.8,10163.72,1
3342,2,19,586.28,5.2,7648.04,1
3343,9,17,442.62,6.3,8705.86,1
3344,13,4,277.4,6.1,5284.0,0
3345,9,3,163.49,1.3,2613.73,0
3346,4,1,363.03,6.6,4382.47,1
3347,4,18,114.47,4.7,7193.12,1
3348,6,21,218.53,3.7,7954.5,1
3349,10,15,383.24,4.8,7663.69,1
3350,10,8,371.16,5.3,6140.63,1
3351,10,1,122.65,2.0,2643.29,0
3352,6,20,544.65,3.9,8203.72,1
3353,12,14,498.9,3.3,6932.72,1
3354,1,4,140.66,3.5,2939.25,1
3355,14,5,1533.78,1.6,5731.74,0
3356,14,23,152.34,2.1,8639.05,1
3357,9,13,1064.94,2.1,6596.22,1
3358,2,24,100.15,3.6,7734.61,1
3359,5,15,1169.73,7.3,8861.86,1
3360,9,6,109.96,2.4,3703.12,0
3361,4,1,809.02,3.9,3297.03,0
3362,11,23,324.47,3.2,8866.28,1
3363,3,19,770.12,6.5,8825.12,1
3364,7,13,356.87,1.4,5256.08,0
3365,6,6,136.77,2.4,3393.43,0
3366,8,15,829.45,2.5,6651.51,1
3367,3,16,136.96,8.0,7963.78,1
3368,5,24,1376.3,5.0,10509.76,1
3369,10,23,126.16,2.0,7946.79,1
3370,4,16,426.31,2.9,6305.27,1
3371,13,10,741.93,2.2,5891.97,1
3372,4,22,349.82,1.9,7499.98,1
3373,4,9,222.46,6.6,6086.57,1
3374,10,9,811.67,4.5,6306.61,0
3375,8,17,866.92,5.4,8396.76,1
3376,6,17,1380.0,3.3,8065.44,1
3377,3,17,335.93,4.9,7036.7,1
3378,10,24,452.86,2.8,8745.51,1
3379,5,12,325.59,3.2,5506.79,0
3380,6,13,248.58,5.6,6771.3,1
3381,5,12,795.22,2.1,5646.25,0
3382,6,14,307.49,5.3,6972.15,1
3383,8,10,379.44,7.0,7017.08,1
3384,7,23,358.48,1.8,7658.33,1
3385,5,19,723.55,7.3,9401.36,0
3386,10,2,1349.27,1.6,3750.23,1
3387,6,4,649.44,3.4,4204.23,0
3388,14,19,418.93,5.3,9108.3,1
3389,4,7,855.26,4.9,5501.58,1
3390,12,15,612.18,1.7,6641.24,1
3391,9,15,131.26,6.6,8012.39,1
3392,13,24,150.28,7.8,11260.93,1
3393,4,6,119.33,2.3,2945.65,0
3394,1,3,405.15,7.3,4575.94,0
3395,7,6,973.93,4.9,5902.68,1
3396,7,16,287.77,7.6,8460.04,1
3397,4,2,342.38,2.2,2569.15,0
3398,13,7,1301.08,6.5,7915.4,0
3399,14,11,1006.71,1.4,6297.25,0
3400,3,7,646.88,7.2,6007.44,0
3401,8,4,255.17,5.7,4880.68,0
3402,5,24,162.24,3.6,8334.44,1
3403,10,20,108.09,2.3,7545.38,1
3404,7,7,156.59,6.7,5606.88,1
3405,4,4,273.08,5.2,4204.1,1
3406,4,12,501.25,3.5,5671.12,1
3407,8,5,133.07,4.1,4267.05,1
3408,14,23,173.22,6.8,10799.14,1
3409,8,19,199.88,3.4,7334.24,1
3410,2,5,599.81,1.6,2808.75,0
3411,14,19,578.28,7.4,10476.78,1
3412,2,21,500.11,3.7,7904.95,1
3413,3,3,244.18,3.4,2913.05,0
3414,12,11,331.91,2.4,5897.83,0
3415,12,7,150.84,7.3,6602.9,1
3416,3,17,228.39,2.5,5912.47,1
3417,1,9,1239.95,5.5,6381.6,0
3418,14,21,2048.36,7.2,12530.52,1
3419,3,9,621.58,1.2,3835.82,0
3420,6,10,1343.39,6.8,7931.77,1
3421,8,13,614.65,3.9,6830.75,1
3422,13,15,116.88,5.6,8018.23,0
3423,12,22,2966.49,3.6,12139.11,1
3424,14,5,152.1,5.9,6041.93,1
3425,10,3,673.86,2.8,4114.13,1
3426,6,8,245.74,1.2,3483.19,1
3427,5,20,348.77,7.6,9619.47,1
3428,4,10,619.14,1.1,4188.59,1
3429,3,13,386.78,6.8,7210.59,1
3430,13,3,244.21,2.2,3666.85,1
3431,4,22,303.57,3.7,8030.18,1
3432,14,8,308.93,6.8,6982.95,0
3433,7,9,1701.06,2.4,6225.82,1
3434,1,22,901.26,7.1,9807.38,1
3435,7,21,406.75,4.5,8635.54,1
3436,1,12,211.46,3.6,5040.51,0
3437,2,11,933.05,5.6,6350.74,1
3438,4,2,185.5,3.4,2778.63,1
3439,1,18,218.15,3.4,6864.53,1
3440,11,9,327.86,6.1,6676.53,0
3441,12,2,1161.58,3.2,4908.21,0
3442,11,2,170.66,2.4,3218.52,0
3443,11,3,165.19,6.7,5015.97,0
3444,9,16,440.58,6.6,8670.28,1
3445,12,19,261.77,4.5,8395.42,1
3446,6,4,520.51,4.7,4423.95,0
3447,13,23,400.41,5.9,10214.24,1
3448,1,18,385.43,4.6,7203.07,1
3449,1,20,159.38,3.9,7023.77,1
3450,6,18,176.02,8.0,9216.94,1
3451,4,10,960.4,2.0,4843.61,0
3452,4,11,1185.26,5.1,7105.71,0
3453,11,17,233.73,7.2,9154.15,1
3454,6,24,160.21,5.8,9398.24,1
3455,14,23,127.45,7.2,10576.01,1
3456,12,24,568.63,3.4,9588.32,1
3457,11,20,728.25,2.9,8536.18,1
3458,7,16,333.25,7.0,8211.58,1
3459,9,20,669.21,3.8,8432.16,1
3460,10,13,724.06,6.0,8152.95,0
3461,5,2,1469.32,2.0,3661.37,0
3462,9,24,133.54,6.3,10158.12,1
3463,4,2,206.78,4.8,3590.26,1
3464,13,14,135.49,2.9,6398.08,1
3465,10,4,1112.45,4.5,5355.2,1
3466,2,17,886.52,5.9,8330.0,1
3467,3,13,527.41,1.1,4685.51,1
3468,13,4,143.69,5.5,5124.62,0
3469,11,3,259.63,4.8,4751.86,0
3470,1,12,276.71,2.5,4555.78,0
3471,14,22,511.34,6.3,10657.14,1
3472,14,23,249.23,3.1,8893.26,1
3473,6,8,137.88,2.9,4196.11,0
3474,13,2,756.08,4.3,4769.44,0
3475,6,6,277.68,5.7,5057.04,1
3476,1,22,401.08,7.5,9392.28,1
3477,11,10,168.29,2.0,5112.43,0
3478,13,12,911.13,3.8,7252.76,0
3479,3,21,516.82,1.5,6810.98,1
3480,5,10,1259.28,6.3,7680.75,1
3481,3,10,442.07,4.1,5197.31,1
3482,10,23,1518.73,5.9,11356.23,1
3483,3,3,1212.2,3.3,4194.56,0
3484,14,20,529.55,6.9,10427.46,1
3485,10,10,1458.24,4.7,7597.76,0
3486,3,9,295.11,7.6,6431.33,1
3487,5,20,327.57,1.6,6892.29,1
3488,13,19,123.27,4.6,8372.81,1
3489,5,14,544.83,6.4,7789.79,1
3490,4,2,739.93,5.2,3984.34,0
3491,1,5,842.55,1.2,2781.81,0
3492,5,20,181.15,7.8,9195.75,1
3493,10,8,393.64,3.1,5040.74,1
3494,5,7,197.32,2.7,3709.47,1
3495,4,6,642.54,4.4,4921.53,0
3496,6,11,185.96,4.8,5928.96,1
3497,10,12,1272.56,6.4,8588.68,1
3498,4,18,231.09,3.8,6814.4,1
3499,14,19,272.23,4.1,8802.76,0
3500,7,10,1051.59,4.7,6751.79,1
3501,7,21,406.68,3.8,8232.71,1
3502,2,14,112.14,7.4,7184.99,1
3503,3,3,441.19,7.0,4737.59,1
3504,1,18,144.17,4.2,6803.08,1
3505,8,24,2211.48,1.0,10233.94,1
3506,9,15,543.5,7.3,8631.25,1
3507,4,6,248.22,1.9,3021.68,0
3508,6,10,514.73,2.7,4967.53,1
3509,9,12,139.99,2.1,5225.91,1
3510,6,7,904.45,2.3,4721.47,1
3511,14,17,1397.33,6.6,10379.9,1
3512,12,1,1137.5,5.1,5173.48,1
3513,12,18,309.09,7.7,9721.07,1
3514,12,15,297.09,2.6,6805.65,1
3515,9,19,117.86,4.4,7810.03,1
3516,4,1,626.92,7.8,4953.29,1
3517,8,5,482.76,6.8,5734.38,0
3518,9,15,407.49,6.1,8177.75,1
3519,4,3,1290.98,2.3,3808.02,0
3520,5,1,191.89,6.4,3844.59,1
3521,14,8,104.86,3.4,5174.21,0
3522,8,12,138.07,4.7,6187.47,1
3523,12,22,226.4,5.3,9540.94,1
3524,10,19,116.93,5.3,8586.9,0
3525,14,12,449.43,6.1,8110.59,1
3526,6,13,288.5,5.6,6673.11,1
3527,12,1,199.52,1.5,2742.48,0
3528,7,19,793.32,4.2,8539.51,1
3529,3,6,214.36,5.6,4579.25,1
3530,7,8,681.74,3.1,5154.16,0
3531,12,4,314.83,3.2,4135.1,0
3532,14,5,458.54,1.9,4383.49,1
3533,8,22,1458.04,3.9,10342.07,1
3534,10,7,119.03,7.9,6685.94,0
3535,6,23,446.84,3.0,8303.69,1
3536,10,4,1063.52,4.7,5403.19,1
3537,9,20,543.33,6.2,9535.52,1
3538,13,4,262.08,1.1,3516.7,0
3539,6,15,353.48,7.3,8074.16,1
3540,12,21,670.13,3.7,9242.93,1
3541,9,5,1207.34,7.1,6927.03,0
3542,13,24,120.97,1.3,8218.08,1
3543,4,9,137.11,2.0,3876.77,1
3544,8,2,296.56,3.3,2997.86,0
3545,11,7,232.49,3.4,4858.49,0
3546,4,17,253.9,6.9,8303.28,1
3547,2,16,225.05,1.1,4967.62,0
3548,10,17,208.97,5.5,8171.32,0
3549,11,20,169.99,1.9,7367.71,1
3550,9,23,1458.7,6.8,11910.47,1
3551,5,2,177.85,6.5,4273.66,1
3552,4,11,214.33,4.5,5320.54,1
3553,2,2,241.36,2.5,2019.7,0
3554,1,1,1451.64,5.4,4574.72,1
3555,11,2,804.71,2.1,3916.54,0
3556,7,23,879.61,2.3,8793.27,1
3557,6,9,155.33,5.4,5729.33,1
3558,2,22,1004.89,7.9,10348.77,1
3559,8,2,362.29,7.2,5246.2,1
3560,11,15,252.46,5.2,7580.58,1
3561,4,10,528.72,4.8,5742.85,1
3562,8,15,963.5,8.0,9588.63,1
3563,7,10,854.01,4.8,6453.82,0
3564,5,23,1203.63,3.9,9351.68,1
3565,10,17,1416.46,7.4,10409.64,1
3566,10,9,235.98,2.6,4939.02,0
3567,12,18,375.7,1.7,7250.48,0
3568,8,4,107.37,5.4,4402.86,1
3569,14,9,1157.31,1.7,5987.59,0
3570,9,16,183.96,3.6,6958.45,1
3571,5,4,1088.35,4.0,4772.16,0
3572,10,16,299.78,4.8,7764.92,1
3573,5,19,329.54,7.9,9297.19,1
3574,2,1,119.96,2.5,1669.11,0
3575,5,23,297.91,3.6,8474.2,1
3576,3,6,1196.25,1.9,4344.09,1
3577,7,10,112.94,5.3,5751.84,1
3578,10,16,360.71,6.1,8303.87,1
3579,5,4,115.95,4.4,3810.23,0
3580,8,22,331.75,2.7,8107.56,1
3581,1,22,194.76,5.3,8346.79,1
3582,3,13,245.32,4.8,6093.39,1
3583,3,16,1150.22,2.2,6786.46,1
3584,9,20,386.39,3.8,8210.49,1
3585,5,6,259.96,4.0,3933.13,1
3586,12,11,544.99,7.9,8418.24,1
3587,9,24,176.64,6.9,10520.7,1
3588,13,3,250.14,6.1,5416.31,0
3589,9,20,495.1,7.2,9811.87,1
3590,1,10,235.59,6.1,5582.67,1
3591,2,1,668.36,7.3,4956.31,1
3592,5,20,438.14,1.4,6800.37,0
3593,4,11,839.18,4.2,5771.47,1
3594,10,12,1580.61,6.2,8813.33,1
3595,9,14,161.54,5.1,7028.67,1
3596,7,8,303.73,2.2,4020.5,0
3597,6,11,292.5,3.4,5324.07,0
3598,7,4,181.96,3.2,3435.4,0
3599,1,7,931.16,2.8,4290.02,1
3600,1,10,813.31,3.4,5084.12,0
3601,8,19,431.24,4.6,8194.27,1
3602,13,4,485.85,7.0,6235.03,0
3603,13,2,130.7,6.2,5131.3,1
3604,2,21,505.41,6.8,9187.14,1
3605,12,18,883.53,7.2,10201.31,1
3606,10,14,526.46,3.9,7145.31,0
3607,11,16,254.15,3.4,7164.73,0
3608,9,22,650.63,1.4,7826.29,0
3609,7,11,324.31,7.5,7463.2,0
3610,6,10,493.59,1.5,4376.0,0
3611,1,17,434.29,6.2,7624.34,1
3612,1,14,339.97,3.6,5441.96,0
3613,2,22,734.48,7.6,10183.33,1
3614,6,4,1176.55,3.9,4922.3,0
3615,14,19,102.61,6.7,9618.18,1
3616,6,2,1456.15,3.0,4429.82,0
3617,2,7,458.22,3.1,4055.36,1
3618,1,9,703.21,5.2,5434.09,0
3619,10,19,1067.67,8.0,10826.67,1
3620,5,16,414.71,4.6,7165.13,1
3621,5,22,1000.83,7.6,10673.27,1
3622,2,16,197.78,6.5,7283.34,1
3623,6,18,186.68,6.6,8614.74,1
3624,9,23,635.7,4.1,9568.24,0
3625,2,21,1120.66,3.7,8568.91,1
3626,10,21,1214.79,2.3,9165.82,0
3627,2,11,616.05,7.7,7286.84,1
3628,3,7,472.74,7.7,6103.91,0
3629,13,9,301.28,6.2,6911.58,1
3630,7,4,2056.02,3.1,5748.28,0
3631,6,13,292.61,2.7,5336.73,0
3632,12,4,781.65,7.9,7072.11,1
3633,8,19,479.62,1.5,6700.89,1
3634,8,2,568.9,6.9,5415.26,1
3635,6,9,350.01,3.5,5034.21,1
3636,12,12,1773.68,3.9,8630.47,0
3637,11,2,523.95,6.8,5546.48,1
3638,10,6,1488.6,1.6,5320.11,0
3639,3,5,103.81,3.5,3404.76,0
3640,3,5,525.1,7.7,5556.16,1
3641,1,20,731.48,5.9,8489.73,1
3642,7,22,783.4,6.3,9968.08,1
3643,5,5,1276.82,6.3,6213.41,0
3644,4,4,102.21,1.4,2242.35,1
3645,10,9,100.17,2.4,4665.41,0
3646,4,22,419.58,4.4,8555.1,1
3647,14,10,114.87,3.6,5816.09,1
3648,4,16,1935.18,3.9,8672.43,1
3649,6,10,225.56,6.5,6466.81,0
3650,8,10,419.96,1.1,4697.29,0
3651,8,19,131.54,5.6,8463.04,1
3652,5,10,469.12,1.0,4102.88,0
3653,6,6,338.98,1.4,3597.54,0
3654,4,17,122.84,3.9,6600.92,1
3655,12,5,304.08,6.9,6197.31,1
3656,14,6,348.33,2.0,4569.91,0
3657,11,24,2398.67,4.9,12535.13,1
3658,13,15,216.52,5.7,8169.95,0
3659,9,19,493.49,2.6,8010.27,1
3660,8,18,2283.69,4.6,10178.27,0
3661,10,4,885.15,7.4,6806.56,0
3662,12,8,2607.89,4.6,8413.63,0
3663,10,16,1825.69,2.1,8188.72,1
3664,1,24,436.22,5.4,8837.65,1
3665,2,19,695.98,5.1,8001.83,1
3666,9,20,158.52,1.2,6559.72,1
3667,8,3,390.94,1.6,2930.72,0
3668,14,10,927.79,2.1,6103.28,1
3669,3,2,451.94,2.0,2508.85,0
3670,8,4,706.51,2.8,4150.52,0
3671,12,6,784.72,4.2,5772.09,0
3672,1,11,246.16,3.6,4826.16,0
3673,10,14,1142.53,7.2,9423.48,0
3674,4,16,407.93,5.3,7526.57,1
3675,3,21,217.98,7.1,9006.84,1
3676,6,19,1102.78,4.7,8801.27,1
3677,7,2,370.49,1.6,2579.89,0
3678,4,17,793.77,4.2,7827.22,1
3679,7,9,497.07,6.8,6521.6,1
3680,9,17,340.53,2.4,6859.94,1
3681,11,15,930.04,1.6,7117.02,0
3682,2,7,539.1,3.3,4216.99,1
3683,11,22,347.61,3.7,8961.96,1
3684,3,23,158.04,3.1,7795.42,0
3685,5,19,1229.02,1.9,7971.34,1
3686,3,3,118.06,2.8,2611.06,0
3687,11,1,1094.57,5.8,5250.01,0
3688,8,4,323.11,3.7,4000.73,1
3689,12,18,609.91,5.4,9127.55,1
3690,10,8,1376.81,4.8,7145.4,0
3691,8,19,182.26,4.8,8120.73,1
3692,8,23,518.45,2.7,8567.48,1
3693,12,23,822.88,4.7,10276.72,1
3694,12,6,808.55,1.2,4470.56,0
3695,9,1,472.89,4.0,3693.45,0
3696,4,8,590.07,5.0,5378.97,1
3697,5,1,808.43,2.3,2821.25,0
3698,5,19,1019.51,2.8,7877.34,0
3699,8,11,817.35,2.5,5925.44,0
3700,7,21,318.48,1.5,7554.9,1
3701,9,24,2960.93,3.4,11979.49,1
3702,14,15,385.02,7.9,9513.85,1
3703,8,23,112.38,3.5,8630.95,1
3704,2,11,325.19,4.2,5164.9,1
3705,10,19,168.36,5.6,8761.96,1
3706,12,21,164.74,5.5,9325.72,1
3707,4,10,265.32,7.6,6663.09,1
3708,6,24,127.43,7.0,9914.27,1
3709,12,12,683.2,6.6,8197.18,1
3710,2,1,138.43,7.7,4084.52,1
3711,7,24,213.63,2.6,8386.26,0
3712,3,7,148.75,5.3,4465.6,0
3713,13,17,132.63,7.2,9341.32,1
3714,3,10,255.82,5.4,5707.19,1
3715,11,6,524.2,7.8,7024.25,1
3716,2,17,1771.73,1.7,7725.36,0
3717,11,18,1141.95,4.1,9209.25,1
3718,8,5,1143.47,7.8,7035.72,1
3719,6,18,196.83,3.7,6923.41,0
3720,1,17,253.88,6.2,7351.08,1
3721,12,22,139.73,1.2,7566.3,1
3722,1,16,853.59,5.9,7508.82,1
3723,7,8,136.19,7.5,6471.64,1
3724,8,24,506.75,3.7,9026.54,1
3725,5,13,242.43,1.1,4692.96,1
3726,12,24,239.49,1.2,8405.98,0
3727,11,16,2440.22,7.2,11718.06,1
3728,5,11,806.89,6.1,7006.49,1
3729,4,6,1006.82,1.7,3866.8,0
3730,14,3,524.3,1.4,3881.58,0
3731,6,1,1124.03,6.6,5530.0,1
3732,14,18,618.51,6.7,10025.67,1
3733,6,5,1561.0,1.8,4569.05,0
3734,3,13,265.18,3.1,5130.46,1
3735,9,10,552.33,6.5,7317.31,1
3736,12,5,685.8,4.7,5608.77,0
3737,11,14,349.56,7.7,8888.68,1
3738,14,17,1158.92,4.4,9186.26,1
3739,7,1,2051.11,5.7,6300.06,0
3740,1,2,440.38,4.6,3415.4,1
3741,13,7,347.67,7.6,7111.25,1
3742,7,10,419.27,3.8,5595.19,1
3743,5,20,1057.77,2.6,7869.0,1
3744,5,7,618.48,3.3,4400.67,0
3745,14,24,122.9,7.0,11011.32,1
3746,13,16,490.63,4.5,8086.24,1
3747,2,5,108.73,3.5,3222.47,0
3748,4,12,853.75,4.8,6693.49,0
3749,12,17,298.98,1.9,7016.32,1
3750,6,16,419.34,1.0,5769.54,0
3751,10,20,901.43,3.0,8753.63,1
3752,11,16,123.78,5.2,7858.36,1
3753,7,19,186.31,6.0,8551.46,1
3754,11,15,353.72,6.8,8547.97,1
3755,5,12,230.63,7.5,7403.21,1
3756,9,21,306.17,3.9,8721.62,1
3757,3,10,3253.02,6.2,9658.7,1
3758,1,22,972.67,1.5,7547.04,0
3759,4,2,1176.66,1.4,2990.61,1
3760,9,7,1482.74,1.9,5488.85,0
3761,4,13,308.47,4.1,5903.9,1
3762,2,3,276.25,2.5,2344.66,0
3763,10,15,233.33,3.0,6554.38,0
3764,14,1,986.32,5.5,5872.85,1
3765,14,3,669.02,3.5,4799.45,1
3766,5,10,234.71,4.9,5830.88,0
3767,3,15,336.6,3.9,6117.17,1
3768,13,22,453.33,2.2,8607.09,1
3769,12,6,475.54,1.5,4301.91,0
3770,13,20,1197.89,2.7,9307.42,1
3771,9,15,339.47,1.4,5706.68,1
3772,4,24,1295.84,5.3,10251.27,1
3773,6,21,391.13,6.6,9488.78,1
3774,2,7,785.94,3.4,4370.33,0
3775,6,21,1431.45,3.7,9452.31,1
3776,3,5,1290.68,6.7,6395.19,1
3777,12,4,129.32,2.6,3648.0,0
3778,12,22,215.15,1.8,7945.2,1
3779,9,18,424.0,4.5,7813.39,1
3780,11,3,382.42,5.5,5134.57,0
3781,2,17,612.07,5.2,7882.95,0
3782,12,18,1547.57,6.0,10308.76,1
3783,12,18,159.62,1.4,6946.9,1
3784,9,24,400.61,4.0,9559.89,1
3785,5,24,206.85,2.7,8167.32,1
3786,8,2,1222.67,6.3,5677.6,1
3787,2,13,1770.24,7.1,8776.88,1
3788,6,22,425.72,3.0,8149.93,1
3789,3,15,154.91,1.7,5124.3,0
3790,12,5,869.24,2.8,4943.81,0
3791,12,3,697.24,1.7,3873.38,0
3792,14,5,319.0,3.3,4724.26,0
3793,10,5,1191.99,4.8,6008.83,0
3794,5,5,1961.36,7.8,7690.3,1
3795,12,3,508.06,3.8,4671.91,0
3796,8,3,517.04,2.5,3259.3,1
3797,10,20,276.56,2.2,7604.79,1
3798,14,23,539.14,2.2,9125.94,0
3799,1,18,389.59,2.3,5803.81,0
3800,5,20,279.9,6.3,8917.68,1
3801,3,4,134.77,1.4,2313.33,0
3802,4,1,245.65,8.0,4555.82,0
3803,2,16,210.23,4.7,6661.46,1
3804,9,8,490.49,4.8,5873.19,1
3805,3,17,560.24,3.5,7193.4,0
3806,2,8,568.98,5.8,5622.44,1
3807,10,7,345.66,4.3,5315.74,1
3808,11,8,373.42,3.3,5418.89,1
3809,9,21,998.6,2.9,9054.66,1
3810,7,24,423.35,7.5,11024.63,1
3811,6,12,2302.07,3.0,7759.46,1
3812,1,16,389.57,4.1,6476.59,1
3813,5,12,624.31,3.5,5809.58,1
3814,12,19,125.84,1.6,7410.64,1
3815,11,10,629.71,2.3,5618.44,0
3816,14,7,1053.34,2.3,5884.5,0
3817,11,12,1527.62,5.9,8763.34,1
3818,3,20,3061.08,3.8,10838.91,1
3819,1,5,265.77,6.5,4331.24,0
3820,4,16,528.27,6.0,7953.14,1
3821,13,9,399.57,2.3,5539.84,0
3822,2,7,514.85,4.9,4742.12,1
3823,2,20,185.66,6.2,7981.48,0
3824,3,22,1069.49,5.4,9809.9,1
3825,8,14,1301.58,5.2,8565.36,1
3826,8,11,398.61,6.2,7086.76,1
3827,12,7,264.55,1.4,4108.55,0
3828,7,10,175.9,6.1,6263.05,1
3829,6,9,675.63,2.9,5289.73,1
3830,9,4,287.15,5.0,4627.87,1
3831,4,16,1301.42,2.7,7278.58,0
3832,12,10,655.87,6.9,7818.53,1
3833,1,19,618.78,4.4,7625.5,1
3834,8,24,509.81,5.5,10030.94,1
3835,7,17,123.43,6.6,8190.93,1
3836,7,9,1443.55,7.3,8361.23,1
3837,3,13,594.35,6.1,7157.92,1
3838,4,1,2663.19,2.0,4901.85,0
3839,10,2,485.4,7.0,5547.52,1
3840,9,13,719.13,5.3,7423.65,1
3841,6,24,128.93,5.3,9397.12,1
3842,5,9,599.48,7.4,6967.03,1
3843,3,7,823.34,2.7,4239.27,0
3844,9,16,853.7,2.7,7294.7,1
3845,5,19,835.08,4.6,8498.63,1
3846,5,7,228.27,6.3,5452.08,1
3847,14,6,1952.47,4.1,7544.7,1
3848,4,18,2767.71,5.4,10635.28,1
3849,14,19,139.3,4.2,8303.86,1
3850,4,11,1477.94,5.3,7261.94,1
3851,12,12,270.86,6.8,7743.7,1
3852,1,10,684.44,2.3,4479.95,0
3853,7,13,306.33,5.9,7048.32,1
3854,9,12,1817.19,6.5,9012.94,1
3855,3,21,153.52,4.1,7449.66,1
3856,12,10,444.33,3.3,5749.62,0
3857,13,20,379.35,1.1,7464.63,1
3858,2,18,297.28,6.6,7935.95,1
3859,3,4,618.57,3.3,3527.72,0
3860,1,24,170.24,3.5,8098.94,1
3861,6,5,730.56,3.4,4179.64,1
3862,11,5,2071.04,4.5,7121.21,0
3863,11,12,916.25,5.9,7904.65,1
3864,7,3,1083.12,6.4,5570.87,0
3865,11,8,322.86,3.7,5449.72,1
3866,11,22,296.44,5.6,9815.74,0
3867,2,2,463.92,6.0,4135.21,1
3868,8,18,123.4,3.1,7160.02,1
3869,14,9,1553.48,1.7,6521.94,0
3870,6,13,177.62,7.3,7492.58,1
3871,14,7,1266.59,5.7,7475.02,1
3872,4,10,143.64,5.5,5837.86,0
3873,5,9,964.74,1.4,4506.54,0
3874,8,22,182.42,6.7,9780.32,1
3875,14,15,119.44,5.0,7646.61,1
3876,3,5,735.57,6.9,5630.02,1
3877,3,12,264.44,7.8,6956.23,1
3878,14,1,726.75,7.7,6300.96,1
3879,14,12,504.94,7.0,8728.72,1
3880,11,22,157.6,1.1,7409.8,0
3881,4,6,1445.08,7.2,6917.79,1
3882,1,19,401.03,1.5,6167.68,0
3883,9,19,762.97,7.0,9883.52,1
3884,8,16,447.6,3.0,7012.98,1
3885,8,19,563.63,5.3,8817.1,1
3886,14,3,280.32,1.3,3467.63,0
3887,10,23,211.8,6.4,9786.72,1
3888,6,10,491.07,1.8,4624.95,0
3889,7,18,390.1,3.9,7385.62,1
3890,6,13,347.24,6.7,7352.4,1
3891,9,18,658.24,5.9,9075.04,1
3892,3,3,686.41,1.0,2368.28,0
3893,14,23,123.5,3.8,9180.13,1
3894,3,3,306.81,1.3,2248.36,0
3895,3,23,365.31,5.7,9270.98,1
3896,10,12,150.96,7.8,7677.55,1
3897,3,20,234.53,5.6,8269.88,1
3898,9,7,126.51,2.6,4164.11,0
3899,12,24,2891.95,3.5,12514.7,1
3900,4,8,766.96,7.8,7160.13,1
3901,13,9,145.76,2.6,5163.91,0
3902,7,14,110.23,4.9,6798.22,1
3903,14,5,735.21,3.8,5555.79,1
3904,9,21,389.19,6.4,9700.15,1
3905,11,19,872.75,7.1,10160.78,1
3906,12,21,1385.08,3.4,10243.81,1
3907,7,16,557.27,5.6,7577.64,1
3908,9,24,203.58,4.8,9394.96,1
3909,12,12,862.08,2.9,6728.28,1
3910,3,21,1659.65,2.9,9044.45,0
3911,4,4,534.03,4.8,4055.87,0
3912,14,8,672.85,2.1,5396.19,1
3913,8,7,305.85,6.7,6199.1,1
3914,6,15,340.25,1.5,5362.99,1
3915,5,6,763.36,1.7,3743.4,0
3916,13,5,1413.96,3.4,6009.55,0
3917,4,14,595.76,1.8,5427.2,1
3918,8,21,879.96,4.3,9219.92,1
3919,1,13,194.15,3.8,5248.13,1
3920,14,10,219.1,6.1,7311.77,1
3921,9,18,479.68,7.7,9686.99,1
3922,1,4,197.13,6.3,4152.61,1
3923,8,8,603.92,2.3,4709.85,0
3924,4,24,272.41,7.5,10145.42,1
3925,9,11,883.99,3.7,6776.52,0
3926,14,17,925.42,4.3,9052.03,1
3927,11,18,411.61,4.0,8070.91,1
3928,5,21,199.72,3.0,7489.17,0
3929,3,11,620.32,7.3,7407.1,1
3930,9,16,2565.94,3.3,9552.86,0
3931,11,12,587.21,5.1,7429.92,1
3932,14,13,118.22,2.7,6340.1,1
3933,14,16,108.72,6.6,8739.78,1
3934,9,23,293.1,6.4,9961.0,1
3935,4,21,208.94,3.1,7492.99,0
3936,11,1,938.46,5.8,5336.67,0
3937,4,16,1031.54,5.9,8601.62,1
3938,12,15,249.62,4.9,7886.65,1
3939,8,6,297.0,5.2,5203.35,1
3940,2,12,234.76,5.0,5672.94,1
3941,9,8,1295.07,1.6,5650.1,1
3942,13,7,449.23,5.7,6317.52,1
3943,14,2,633.76,4.3,4994.88,0
3944,6,12,368.48,4.1,5727.56,1
3945,9,21,598.5,7.0,10442.8,1
3946,8,14,343.76,1.2,5090.6,0
3947,7,16,307.51,2.8,6403.63,1
3948,13,11,603.22,1.8,5706.96,0
3949,14,20,547.1,1.2,8107.17,0
3950,1,9,273.74,2.9,3905.54,1
3951,14,10,180.88,7.9,8040.07,1
3952,12,17,329.89,2.9,7427.13,1
3953,3,12,368.24,5.6,6125.81,1
3954,11,6,595.35,1.8,4511.41,0
3955,14,19,1329.79,5.2,10369.17,1
3956,2,11,118.43,7.9,6909.38,1
3957,5,9,239.63,3.0,4598.87,0
3958,5,21,207.66,6.9,9106.63,1
3959,5,6,448.87,8.0,6200.83,1
3960,4,24,380.8,5.1,9206.46,1
3961,5,16,752.89,3.2,7044.78,1
3962,3,20,238.81,5.7,8329.98,1
3963,12,16,551.32,6.9,9111.87,1
3964,1,6,1176.47,2.2,4163.59,0
3965,5,5,1307.75,4.2,5355.72,1
3966,13,21,1694.47,3.2,10399.22,1
3967,9,4,841.98,3.0,4510.63,0
3968,13,2,1282.17,7.0,6884.54,1
3969,9,6,233.63,4.0,4498.65,0
3970,4,9,210.06,3.4,4528.68,0
3971,3,17,103.25,5.2,7236.08,1
3972,1,14,713.53,2.5,5784.7,1
3973,2,7,1486.03,2.6,5114.53,0
3974,8,22,203.47,4.6,8660.19,1
3975,1,19,606.6,3.9,7648.86,0
3976,8,1,786.12,3.1,3797.3,1
3977,13,20,1412.87,1.4,8745.57,1
3978,7,15,620.45,4.6,7380.12,0
3979,8,18,1858.2,6.7,10814.93,1
3980,12,3,311.31,7.0,5587.19,1
3981,6,18,315.34,2.6,6877.3,1
3982,12,2,491.55,5.2,4900.49,0
3983,14,10,341.85,7.0,7929.55,1
3984,9,11,100.71,3.9,5752.8,0
3985,3,24,757.96,7.5,10351.2,1
3986,10,3,796.59,7.3,6329.69,0
3987,4,7,787.13,2.5,4464.63,0
3988,13,8,311.58,2.8,5190.17,0
3989,6,19,469.38,2.3,7073.82,1
3990,8,18,323.12,2.4,6937.98,0
3991,5,13,108.08,7.4,7201.67,0
3992,3,13,513.28,7.5,7979.45,1
3993,6,24,166.06,1.4,7415.39,0
3994,4,19,141.71,5.2,7859.1,1
3995,9,23,804.27,4.9,10160.95,1
3996,13,12,104.78,3.7,6297.28,1
3997,3,17,1697.19,5.4,8946.02,1
3998,4,22,462.07,7.6,9952.72,1
3999,7,12,2137.75,2.2,7496.2,1
4000,7,13,129.87,1.8,5121.16,1
4001,12,12,537.97,1.2,5913.12,0
4002,12,19,314.87,3.5,8075.78,1
4003,4,14,1027.29,3.4,6641.77,1
4004,6,7,324.1,4.0,4798.25,1
4005,12,13,250.88,4.5,6776.24,1
4006,13,6,1074.39,6.3,7101.95,0
4007,3,24,334.72,3.7,8427.24,1
4008,6,19,108.49,3.3,7089.48,1
4009,12,19,347.39,6.8,9585.38,1
4010,2,4,631.41,6.9,4850.93,1
4011,8,19,246.76,2.6,7401.52,1
4012,2,9,382.81,3.2,4594.87,1
4013,11,16,129.19,6.8,8274.47,1
4014,7,4,543.48,1.6,3293.39,0
4015,9,6,805.9,3.3,5003.23,0
4016,1,8,366.63,4.1,4506.18,1
4017,8,24,372.56,2.3,8488.44,0
4018,7,16,146.21,2.3,5813.6,0
4019,6,5,212.79,4.0,4133.96,0
4020,6,21,184.02,6.3,8934.77,1
4021,6,22,428.59,6.9,9441.58,1
4022,9,10,476.72,7.9,7716.53,1
4023,2,23,1587.38,1.5,8343.43,0
4024,1,13,138.03,2.5,4839.9,1
4025,13,14,557.98,6.3,8519.31,1
4026,12,7,473.8,4.8,5923.28,1
4027,6,20,463.08,3.3,7835.83,1
4028,10,6,1132.41,2.4,5172.24,0
4029,11,7,215.05,3.0,4572.9,0
4030,8,5,120.81,4.0,4326.67,1
4031,3,21,657.78,2.2,7391.09,1
4032,12,18,311.68,7.7,9632.7,1
4033,10,23,108.87,1.8,7922.77,1
4034,1,12,244.76,7.9,6956.2,0
4035,9,6,285.04,6.9,6020.57,1
4036,13,1,579.65,4.0,4307.37,0
4037,13,4,194.72,6.2,5582.49,0
4038,1,19,366.41,5.7,8093.59,1
4039,3,12,429.35,2.5,4876.92,1
4040,8,15,407.39,3.4,6404.81,1
4041,14,3,1923.69,4.6,6804.85,0
4042,3,23,123.29,5.5,8841.93,1
4043,13,20,1607.64,4.8,10414.66,1
4044,4,8,536.06,4.3,5117.86,1
4045,8,11,894.15,4.1,6417.92,1
4046,1,16,381.4,4.5,6723.78,1
4047,13,9,402.42,4.0,6112.73,0
4048,13,3,1157.33,4.8,5722.01,0
4049,6,5,1231.37,7.2,6454.26,1
4050,1,20,236.36,5.4,8174.2,1
4051,14,14,211.1,6.1,8505.36,1
4052,1,15,442.82,5.2,6571.6,0
4053,14,6,1252.68,5.5,6993.33,1
4054,8,4,294.57,5.0,4597.14,0
4055,11,8,627.8,1.2,4550.15,0
4056,4,19,715.76,8.0,9638.74,1
4057,12,5,854.06,1.2,4313.3,0
4058,1,13,514.97,3.8,5970.34,0
4059,10,16,357.46,1.7,6614.39,1
4060,7,1,1805.87,1.7,3964.33,0
4061,5,13,572.51,6.6,7594.94,1
4062,5,22,752.02,4.0,8517.03,1
4063,1,11,311.55,6.6,6237.83,1
4064,14,21,654.25,2.9,8988.89,1
4065,10,8,249.07,2.8,4901.26,0
4066,11,8,240.58,2.8,4943.37,0
4067,6,24,727.15,5.3,10029.77,1
4068,14,14,468.44,6.7,8828.41,1
4069,9,13,674.86,4.2,6949.43,1
4070,9,3,256.97,3.7,3928.15,0
4071,8,4,556.55,7.8,6213.66,1
4072,5,20,393.43,1.8,6865.56,1
4073,1,15,554.36,4.4,6532.94,1
4074,9,15,271.87,3.9,7019.59,1
4075,1,21,728.42,1.7,7144.01,0
4076,8,13,919.77,2.9,6557.22,0
4077,5,9,250.5,1.2,3556.13,0
4078,3,10,278.78,7.1,6338.6,1
4079,11,12,641.11,5.3,7393.43,1
4080,7,14,694.68,6.7,8209.41,1
4081,7,1,708.87,4.7,4213.15,1
4082,9,14,673.95,5.2,7656.62,1
4083,7,14,349.45,5.9,7475.24,1
4084,13,8,351.14,7.4,7263.97,1
4085,11,16,247.06,1.6,6358.36,0
4086,14,14,185.3,3.3,6940.29,1
4087,3,1,689.77,6.0,4301.39,0
4088,11,16,148.91,7.7,9004.6,1
4089,13,18,1488.64,7.9,10998.67,1
4090,14,7,976.33,5.5,7031.75,0
4091,13,15,1074.23,2.4,7894.27,0
4092,1,24,1285.8,1.8,8659.78,0
4093,8,17,362.64,7.6,9193.79,1
4094,12,19,1037.68,4.0,9428.99,1
4095,3,23,186.02,2.4,7520.5,1
4096,12,13,110.94,7.5,8388.88,1
4097,8,9,868.31,1.7,4863.59,1
4098,8,24,138.87,6.1,9865.82,1
4099,13,24,2333.78,5.4,12802.24,1
4100,5,15,661.65,1.6,5878.45,0
4101,13,3,800.09,3.4,4700.61,0
4102,12,24,241.05,2.0,8673.49,1
4103,13,1,660.22,5.2,4701.4,1
4104,1,16,122.09,4.3,6287.39,0
4105,13,8,1009.54,1.0,5133.85,0
4106,10,23,192.94,7.8,10378.61,1
4107,7,13,697.6,3.4,6480.79,1
4108,12,8,227.11,2.8,5208.09,1
4109,10,17,135.45,2.6,6478.11,1
4110,5,22,428.4,2.1,7527.9,1
4111,8,23,192.73,8.0,10295.25,1
4112,9,14,753.64,3.1,6902.52,1
4113,11,21,235.62,3.8,8710.77,1
4114,14,21,309.63,7.1,10374.95,1
4115,7,7,519.02,5.5,5621.22,1
4116,14,15,267.71,3.6,7340.34,1
4117,13,16,337.4,7.3,9430.52,1
4118,7,19,945.38,6.2,9326.37,1
4119,1,6,198.74,2.6,2958.3,0
4120,4,23,142.89,5.5,9114.85,1
4121,2,1,299.01,7.5,4095.27,1
4122,2,12,376.15,4.5,5646.06,1
4123,2,18,491.16,6.1,8117.29,1
4124,4,16,332.95,7.8,8737.59,1
4125,14,12,880.11,5.8,8193.33,0
4126,1,20,120.06,1.7,6150.05,1
4127,4,13,382.61,2.7,5231.33,0
4128,2,8,340.84,5.2,4822.43,1
4129,5,22,621.46,2.9,8086.74,1
4130,3,1,1794.78,7.7,6299.71,1
4131,12,21,457.06,3.8,8882.87,1
4132,8,7,2266.69,4.2,7340.24,1
4133,4,15,279.95,5.9,7118.36,1
4134,1,22,115.68,4.7,7872.42,1
4135,1,13,190.56,3.7,5057.78,0
4136,12,13,351.37,1.5,5612.12,1
4137,10,9,290.14,5.2,6049.94,1
4138,3,24,151.05,7.1,9815.8,1
4139,9,15,383.4,5.8,7929.3,1
4140,7,4,306.33,3.7,3743.15,1
4141,2,13,165.41,1.9,4371.09,0
4142,13,12,275.57,6.7,8067.22,1
4143,9,5,1187.69,7.6,7376.23,1
4144,10,7,279.8,3.7,5034.98,1
4145,2,8,725.8,6.1,5909.52,0
4146,3,5,573.44,3.9,3721.36,1
4147,11,9,378.59,4.5,6145.5,0
4148,13,14,236.58,6.9,8667.06,1
4149,10,12,330.24,1.6,5469.9,0
4150,14,4,548.38,4.7,5611.32,0
4151,2,20,315.97,2.5,6496.92,1
4152,3,8,220.97,3.4,4039.91,1
4153,6,17,161.91,5.5,7622.52,1
4154,9,8,1159.16,1.2,4900.02,0
4155,9,21,390.19,5.2,8944.79,1
4156,7,1,590.69,3.0,3204.54,0
4157,12,20,437.07,5.7,9672.88,1
4158,3,2,1130.08,2.0,2902.62,0
4159,4,4,495.86,6.2,4998.53,1
4160,6,24,427.72,5.5,9750.51,1
4161,11,21,1392.48,7.8,11993.84,1
4162,5,1,735.93,7.4,5172.73,0
4163,2,7,159.14,3.0,3542.85,0
4164,13,1,197.83,1.2,2604.1,0
4165,6,9,873.52,5.6,6532.95,0
4166,3,3,1003.49,5.2,4936.07,0
4167,14,12,493.94,1.2,5900.94,0
4168,8,19,504.23,1.9,7096.31,0
4169,2,15,599.75,5.1,7086.9,1
4170,1,22,389.12,7.4,9479.11,1
4171,9,16,670.03,7.3,9126.09,1
4172,14,10,157.41,2.1,5173.05,0
4173,12,22,1725.69,3.7,10849.53,1
4174,3,6,793.46,1.3,3358.88,0
4175,11,17,598.72,4.3,8168.88,1
4176,1,21,290.13,6.3,8627.65,1
4177,7,22,187.75,6.5,9426.04,1
4178,13,24,363.26,4.5,10052.02,1
4179,10,17,641.73,1.7,6915.03,1
4180,5,21,602.16,3.7,7837.0,1
4181,5,19,341.15,7.5,9203.46,1
4182,14,18,575.04,2.6,8082.6,1
4183,1,11,940.33,3.2,5508.69,1
4184,9,24,113.32,6.2,9707.16,1
4185,7,7,399.48,6.1,5627.56,1
4186,8,10,810.56,7.4,7930.48,1
4187,9,7,494.99,3.7,5107.64,0
4188,6,5,627.02,4.6,4509.39,0
4189,12,12,463.53,4.3,6931.22,1
4190,5,16,2506.38,7.5,10744.6,1
4191,6,21,128.08,6.4,8911.1,1
4192,11,18,437.7,6.8,9452.32,1
4193,2,3,147.93,1.9,2075.03,0
4194,4,20,187.05,6.5,8799.8,1
4195,3,15,341.47,4.0,6403.44,1
4196,13,5,184.53,1.2,3634.19,0
4197,7,13,1757.79,1.4,6781.41,0
4198,9,19,1566.75,5.7,10167.95,1
4199,5,12,304.82,3.6,5594.96,1
4200,6,23,610.48,7.1,10540.15,1
4201,10,21,481.52,6.1,9914.69,1
4202,14,5,945.29,1.2,4552.47,0
4203,12,6,593.69,5.8,6257.18,0
4204,12,7,100.13,2.3,4230.7,1
4205,2,10,820.22,4.0,5677.97,1
4206,3,16,786.88,5.4,7964.44,1
4207,3,8,456.39,7.1,6172.63,0
4208,12,9,1266.1,4.2,6850.68,1
4209,12,4,1295.41,6.7,7092.25,1
4210,9,21,471.08,6.5,10059.81,1
4211,7,21,568.23,3.9,8359.9,1
4212,8,8,2930.66,4.5,8631.76,0
4213,11,7,277.5,5.9,6031.32,1
4214,10,15,296.24,1.2,6040.18,1
4215,11,21,200.92,7.2,9893.49,1
4216,9,3,1231.04,6.4,6117.12,1
4217,6,17,782.24,2.7,6909.16,1
4218,4,11,155.83,7.9,7008.64,1
4219,12,9,2102.27,2.3,7310.77,0
4220,1,5,756.45,7.4,5658.71,0
4221,8,10,1050.3,3.3,6115.1,1
4222,7,15,124.67,6.3,7527.61,1
4223,2,14,451.56,4.2,6120.38,1
4224,8,4,699.66,6.2,5702.26,1
4225,12,21,491.48,2.1,8002.59,1
4226,5,20,649.28,2.9,7626.99,1
4227,7,2,951.53,1.7,3025.54,1
4228,4,12,334.47,7.1,6995.18,1
4229,5,1,1044.14,3.1,3484.16,0
4230,8,24,188.92,5.9,10139.37,1
4231,1,20,257.96,6.7,8363.1,1
4232,1,5,122.16,7.3,4960.12,1
4233,4,6,326.61,1.7,2900.22,0
4234,3,24,338.94,7.3,10035.7,1
4235,13,11,918.07,2.4,6488.68,1
4236,10,8,629.4,6.2,6838.31,0
4237,12,7,386.99,6.1,6318.33,1
4238,2,4,627.94,1.1,2352.58,0
4239,12,6,127.11,2.5,3925.49,1
4240,3,16,199.39,4.4,6648.44,1
4241,11,20,593.02,3.9,8708.42,1
4242,11,15,612.73,7.4,9302.59,1
4243,14,14,843.91,3.5,7852.64,1
4244,11,23,357.92,7.6,11078.83,1
4245,1,12,741.06,4.2,5775.45,0
4246,1,12,675.98,7.8,7449.56,0
4247,6,16,1753.76,6.2,9625.68,1
4248,5,15,221.12,6.8,7603.33,1
4249,8,13,501.12,1.7,5776.27,1
4250,2,11,560.36,5.1,6075.97,0
4251,4,17,3403.04,2.0,10017.77,1
4252,8,21,212.31,3.1,7956.48,1
4253,12,15,470.35,5.4,8448.98,1
4254,6,14,312.47,6.1,7609.49,1
4255,1,10,473.16,1.3,3687.49,1
4256,4,12,232.07,4.7,5660.52,1
4257,1,16,124.39,5.0,6753.0,1
4258,13,15,524.98,1.6,6742.35,0
4259,2,10,304.63,4.5,5210.91,1
4260,5,4,200.41,6.0,4471.8,1
4261,14,23,295.73,1.4,8462.12,1
4262,8,9,125.27,6.3,6357.72,1
4263,8,21,1602.31,5.0,10497.3,1
4264,11,20,535.12,6.8,9944.73,1
4265,3,9,943.07,2.5,5109.94,1
4266,11,21,375.06,6.8,10113.61,1
4267,13,24,1268.15,1.7,9931.52,1
4268,4,20,430.16,3.8,7844.35,1
4269,10,11,526.59,2.4,5980.05,0
4270,11,11,438.43,7.1,7867.76,1
4271,14,7,760.77,5.9,7005.59,1
4272,6,21,518.11,1.2,7408.68,1
4273,11,10,258.45,1.1,4776.34,0
4274,11,4,178.64,3.0,3947.72,0
4275,10,5,565.86,2.0,4066.84,0
4276,3,5,435.87,5.4,4274.49,0
4277,2,11,150.45,5.6,5698.38,1
4278,6,9,351.77,7.6,6598.91,1
4279,11,16,461.57,7.7,8922.36,1
4280,13,9,976.92,5.6,7418.44,1
4281,5,22,139.58,1.0,6528.15,0
4282,14,4,314.24,3.5,4584.66,0
4283,10,2,964.83,4.6,4970.4,0
4284,5,14,622.66,4.5,6945.99,1
4285,10,3,271.22,5.2,4609.59,0
4286,13,18,1033.25,7.7,10582.32,1
4287,5,21,439.91,7.2,9598.08,1
4288,10,6,444.93,1.8,3867.11,0
4289,12,11,1977.24,2.9,8061.03,1
4290,5,21,1569.83,6.8,10785.95,1
4291,3,18,322.0,6.8,8122.09,1
4292,7,12,175.75,2.9,5210.66,1
4293,6,5,297.02,6.1,5078.81,0
4294,4,9,115.48,5.7,5444.22,1
4295,2,20,110.49,4.3,7285.16,1
4296,12,18,351.7,2.4,7595.69,1
4297,9,19,1515.28,7.2,10753.31,1
4298,1,3,1125.36,5.7,4956.2,1
4299,13,9,458.15,2.2,5328.01,0
4300,13,4,516.46,5.9,5979.27,1
4301,11,17,102.98,6.2,8385.25,1
4302,14,17,221.36,7.2,9556.02,1
4303,4,23,112.54,2.6,7395.95,1
4304,1,23,802.31,7.9,10644.45,1
4305,13,2,178.7,2.1,3195.64,0
4306,6,9,1116.46,5.2,6587.3,1
4307,4,9,615.46,5.6,5812.61,1
4308,5,5,230.31,3.9,3921.36,0
4309,5,15,185.82,4.3,6497.06,0
4310,9,15,593.93,7.2,8598.52,1
4311,1,3,1255.5,5.5,4748.76,0
4312,13,19,733.56,4.5,8912.7,1
4313,2,3,314.27,1.9,2051.98,1
4314,13,6,542.62,1.1,4165.81,0
4315,6,4,286.08,1.9,2959.99,0
4316,5,24,3634.88,7.7,14375.27,1
4317,11,13,790.83,6.3,8446.61,0
4318,7,13,576.45,7.8,8134.37,1
4319,3,11,375.18,1.2,4189.26,0
4320,3,5,581.37,5.8,4888.75,0
4321,10,1,308.98,1.3,2379.4,1
4322,2,9,114.64,6.5,5540.52,1
4323,13,17,351.34,3.7,7791.71,1
4324,3,22,1433.08,1.7,8101.2,1
4325,10,1,592.15,5.0,4243.15,0
4326,1,3,143.85,3.0,2163.22,0
4327,5,15,1181.38,5.6,8261.14,1
4328,14,21,256.59,5.6,9863.56,1
4329,12,23,239.7,5.9,10370.96,1
4330,5,10,276.26,7.9,6938.61,1
4331,12,8,530.43,3.7,5720.5,1
4332,11,12,493.39,4.3,7110.2,1
4333,7,22,438.06,6.6,9789.79,1
4334,4,15,732.1,5.0,7286.38,1
4335,3,9,290.29,1.3,3506.15,0
4336,1,24,861.78,6.9,10196.16,1
4337,12,10,196.38,1.4,4686.09,1
4338,8,20,863.06,2.2,7772.59,1
4339,13,9,645.04,1.7,5594.49,1
4340,3,15,674.76,1.5,5697.78,1
4341,13,23,428.46,1.2,8597.53,1
4342,2,21,649.81,1.4,7036.31,1
4343,11,21,141.58,4.1,8585.92,1
4344,4,1,1053.76,2.8,2990.47,0
4345,3,2,128.57,1.9,1726.51,0
4346,13,19,180.52,5.6,8999.25,1
4347,1,14,529.94,2.6,5273.6,1
4348,3,8,772.41,1.1,3523.63,0
4349,12,6,139.66,3.9,4741.98,0
4350,2,12,1367.67,3.2,6279.95,1
4351,8,15,1917.34,3.2,8702.9,1
4352,6,14,565.64,4.1,6650.4,1
4353,9,21,428.16,5.7,9499.18,1
4354,8,1,776.23,5.3,4386.87,1
4355,10,11,299.01,7.6,7677.53,1
4356,3,3,439.88,4.6,3713.51,0
4357,5,19,1339.37,4.3,9135.86,1
4358,7,18,1657.88,2.5,8051.17,1
4359,5,20,1409.12,6.3,9998.69,1
4360,8,2,252.21,2.0,2693.13,0
4361,12,7,232.29,4.4,5528.52,1
4362,5,8,276.67,3.9,4532.61,1
4363,1,19,391.08,5.6,7857.17,1
4364,5,22,288.56,7.4,9788.71,1
4365,4,15,334.37,7.6,8283.76,0
4366,6,10,584.63,2.2,4931.39,1
4367,3,22,818.85,2.8,8096.07,0
4368,11,1,765.07,6.7,5389.17,1
4369,5,6,942.14,4.6,5404.3,0
4370,2,13,116.36,4.2,5468.46,1
4371,11,14,124.46,6.0,7572.83,1
4372,6,3,878.86,5.2,4723.67,1
4373,13,11,480.8,7.8,8350.17,1
4374,12,3,531.54,5.1,5222.15,1
4375,6,19,127.01,4.3,7463.27,0
4376,5,10,247.4,4.8,5561.92,1
4377,6,15,608.55,6.7,8113.62,1
4378,11,11,1080.14,5.3,7771.66,0
4379,7,15,1344.36,5.5,8703.92,1
4380,12,24,446.99,7.8,11368.35,1
4381,5,13,494.25,5.3,6965.82,0
4382,1,5,995.03,3.7,3993.52,0
4383,8,4,485.69,5.8,5340.79,0
4384,4,13,463.72,5.6,6863.14,1
4385,9,9,1277.38,1.1,5444.66,0
4386,14,17,880.16,4.3,8660.69,1
4387,10,2,1298.85,6.2,6041.11,0
4388,12,24,223.11,4.5,9959.77,1
4389,6,5,471.56,6.5,5419.88,1
4390,1,16,1024.08,4.2,7238.72,1
4391,3,7,158.91,7.9,5676.53,1
4392,3,1,891.55,3.1,2836.61,1
4393,10,12,201.04,1.6,5215.99,0
4394,12,21,925.44,4.0,9503.35,1
4395,12,11,573.38,4.8,6951.37,1
4396,4,12,207.36,3.4,5287.96,1
4397,6,19,420.61,2.7,7290.88,1
4398,7,12,672.7,5.7,7293.09,1
4399,10,12,602.36,3.6,6575.72,1
4400,4,14,378.65,5.4,7006.26,1
4401,6,2,1248.14,6.5,5778.42,1
4402,11,2,466.22,6.3,5206.88,1
4403,1,4,452.48,3.6,3545.44,0
4404,14,20,132.14,5.0,8914.36,1
4405,8,23,1376.3,4.1,9998.03,1
4406,7,16,197.47,7.1,8477.51,1
4407,11,10,475.75,7.2,7503.98,1
4408,11,13,913.72,3.4,6798.38,0
4409,9,2,221.32,1.6,2535.68,0
4410,3,3,474.72,2.2,2841.85,0
4411,2,19,237.67,3.6,6835.14,1
4412,1,6,812.92,4.9,4556.61,1
4413,3,19,515.45,5.6,8203.98,1
4414,5,21,1068.89,3.3,8598.63,1
4415,14,20,1224.8,5.7,10651.97,1
4416,11,19,623.11,7.6,10113.74,1
4417,2,8,746.2,5.6,5538.53,0
4418,12,14,498.39,2.1,6596.71,0
4419,3,10,342.6,5.1,5460.1,1
4420,4,3,622.23,4.8,4157.86,0
4421,7,6,1294.55,7.1,7109.85,1
4422,13,15,369.51,3.5,7214.43,1
4423,3,23,288.74,4.0,8125.91,1
4424,9,23,345.87,5.2,9591.31,1
4425,8,18,385.82,4.7,7777.08,1
4426,4,14,138.2,6.0,7159.83,1
4427,13,19,445.02,1.3,7335.34,0
4428,1,10,440.92,4.9,5315.59,0
4429,1,15,543.9,1.9,5466.44,0
4430,1,4,325.35,3.2,2927.86,0
4431,1,23,574.8,5.6,9031.25,1
4432,8,2,1152.75,2.1,3588.56,0
4433,3,3,1655.81,3.2,4535.11,0
4434,6,7,538.07,5.9,5698.13,1
4435,3,23,121.76,5.6,9068.35,1
4436,11,16,1840.71,1.6,8234.82,1
4437,5,10,711.85,5.0,5882.58,1
4438,13,19,304.71,2.0,7732.03,1
4439,14,17,179.59,2.8,7240.16,1
4440,13,19,177.4,4.2,8435.34,1
4441,7,5,191.81,1.8,3325.34,0
4442,2,23,123.32,8.0,9671.65,1
4443,6,20,1262.18,2.2,8174.82,1
4444,13,13,489.1,6.5,8448.25,1
4445,6,13,701.92,6.8,8090.13,0
4446,11,11,980.45,8.0,8808.5,1
4447,3,11,884.01,4.0,6274.46,0
4448,6,16,1171.11,7.1,9067.94,1
4449,10,15,1809.5,7.7,10452.25,1
4450,10,17,389.08,2.2,6839.88,0
4451,14,22,1601.23,4.4,11220.18,1
4452,5,18,742.39,1.4,6664.47,0
4453,12,19,136.64,5.3,8658.0,1
4454,2,4,672.51,5.1,4159.55,1
4455,9,22,680.32,2.4,8265.35,1
4456,8,22,1281.49,6.6,11038.61,1
4457,3,23,333.35,1.3,7019.01,0
4458,8,5,539.63,6.6,5999.33,0
4459,14,7,106.13,1.2,3876.26,0
4460,9,2,301.79,5.6,4525.24,1
4461,14,1,132.13,1.6,2780.32,0
4462,3,12,468.94,2.8,5072.06,0
4463,3,10,950.36,6.1,6643.31,1
4464,2,8,215.61,3.0,3847.45,0
4465,8,1,474.8,4.6,3835.23,0
4466,10,12,214.08,7.4,7656.19,1
4467,1,2,164.31,1.3,1500.86,0
4468,8,10,457.69,6.7,7194.89,1
4469,7,22,141.23,1.5,7128.5,1
4470,14,17,542.58,1.9,7517.75,0
4471,7,3,115.92,1.8,2531.05,0
4472,3,7,156.42,8.0,6240.67,1
4473,1,12,499.25,2.3,4738.77,1
4474,4,8,547.52,7.3,6517.04,1
4475,9,20,114.71,7.9,9964.18,1
4476,5,12,525.93,3.7,5793.91,0
4477,1,3,1011.63,5.4,4627.66,0
4478,5,17,740.64,6.5,8772.26,1
4479,13,9,170.31,3.7,5765.69,0
4480,8,10,548.83,2.1,5192.79,1
4481,8,22,657.76,4.0,8968.44,1
4482,5,6,118.97,6.4,5446.31,0
4483,12,1,1066.71,6.5,5519.69,0
4484,9,22,1283.65,2.6,9170.4,1
4485,1,12,1050.07,2.2,5180.57,1
4486,4,5,970.43,7.4,6502.72,1
4487,3,13,783.18,1.3,5118.77,0
4488,2,15,601.79,6.1,7334.87,1
4489,8,22,667.58,1.3,7766.48,0
4490,7,11,920.97,6.9,7555.81,1
4491,9,8,643.09,7.3,7247.88,1
4492,2,5,298.55,3.1,3344.33,0
4493,14,2,335.77,1.5,3311.35,0
4494,14,12,1236.79,4.4,8020.92,1
4495,4,2,108.64,3.1,2729.44,1
4496,14,16,700.02,3.9,8401.29,1
4497,6,21,1648.08,5.7,10230.7,1
4498,11,3,712.48,2.5,4006.85,0
4499,3,10,2650.72,3.5,7441.73,0
4500,8,19,681.65,6.5,9663.83,1
4501,3,8,117.48,5.5,4911.57,1
4502,14,7,977.26,3.3,5873.59,0
4503,12,1,267.48,5.7,4531.6,1
4504,13,12,395.35,6.4,8133.62,1
4505,13,5,287.05,5.1,5600.46,1
4506,2,16,256.37,2.7,5673.85,0
4507,13,4,382.29,1.0,3443.42,0
4508,13,17,338.01,6.6,9343.83,1
4509,3,24,601.66,6.8,10332.48,1
4510,11,21,938.73,5.9,10111.32,1
4511,6,2,276.26,1.5,2265.78,0
4512,2,12,220.22,5.1,5744.49,0
4513,8,1,649.65,6.7,4952.66,1
4514,1,12,654.82,3.7,5784.54,1
4515,7,12,1256.98,2.4,6218.83,1
4516,2,12,108.04,5.1,5791.42,0
4517,10,19,1058.8,6.8,9931.11,1
4518,12,17,468.03,1.3,6746.81,1
4519,6,20,585.51,5.2,8758.07,1
4520,12,24,147.91,5.5,9896.81,1
4521,2,24,383.36,5.2,9378.06,1
4522,2,11,228.93,5.6,5654.74,1
4523,10,13,246.67,5.4,7065.18,1
4524,13,8,450.69,1.9,4857.56,0
4525,8,10,936.87,2.6,5861.84,1
4526,12,8,780.86,5.3,6912.97,1
4527,2,20,547.02,1.1,6336.43,0
4528,7,8,487.63,5.4,5922.1,1
4529,3,9,378.7,5.7,5669.58,1
4530,8,7,1900.62,2.7,5977.95,0
4531,7,14,510.71,5.2,7269.1,1
4532,14,2,246.49,4.7,4513.59,1
4533,8,11,230.74,2.8,5024.58,1
4534,14,8,572.54,4.2,6307.4,1
4535,7,13,469.94,7.4,8121.47,1
4536,11,21,103.86,4.0,8495.02,1
4537,6,15,986.17,5.4,7701.66,1
4538,13,3,708.9,1.2,3653.5,0
4539,7,23,642.1,1.5,7921.56,1
4540,5,14,135.63,1.6,5235.84,1
4541,7,15,324.75,6.4,7830.29,1
4542,1,2,1469.63,3.5,3694.79,0
4543,1,19,1092.39,2.6,7340.97,0
4544,9,12,268.12,6.2,7301.14,1
4545,14,20,185.43,2.2,7902.73,1
4546,5,4,398.09,2.7,3183.76,0
4547,13,3,319.9,4.0,4432.51,0
4548,5,5,673.21,3.3,4266.71,0
4549,3,3,1797.13,5.1,5575.72,1
4550,5,15,325.49,3.4,6558.56,1
4551,3,19,132.12,3.8,6971.05,0
4552,9,2,1239.5,7.0,6006.29,0
4553,9,12,119.34,7.2,7429.53,1
4554,6,5,1626.32,6.8,6894.38,1
4555,1,22,646.19,7.1,9336.78,1
4556,7,17,1520.98,5.0,9179.4,1
4557,7,14,211.36,5.5,7016.55,1
4558,14,22,120.78,4.9,9552.44,1
4559,10,10,434.92,6.5,7421.02,1
4560,10,3,399.49,4.9,4595.64,1
4561,4,4,301.35,1.8,2795.2,0
4562,8,6,1680.97,6.7,7448.6,0
4563,6,24,964.63,6.3,10785.71,1
4564,4,22,641.74,6.7,9802.0,1
4565,4,16,188.88,2.3,5796.62,0
4566,2,7,762.74,2.9,4191.14,0
4567,14,15,749.16,3.1,7928.17,1
4568,2,21,376.75,4.6,8087.34,1
4569,12,20,1393.71,1.9,9001.51,1
4570,14,11,191.35,3.7,6459.85,1
4571,4,22,255.54,2.3,7329.72,1
4572,5,21,132.66,2.9,7460.69,1
4573,8,1,893.47,5.9,4780.33,0
4574,6,5,586.11,7.0,6135.73,1
4575,14,13,289.12,1.2,5824.95,1
4576,4,21,189.45,5.0,8018.73,1
4577,13,14,120.49,1.3,5880.53,1
4578,11,9,191.21,1.6,4712.03,0
4579,7,17,401.91,5.9,8089.58,1
4580,8,15,241.96,6.1,7696.75,1
4581,2,21,249.87,6.7,8956.12,1
4582,12,7,1142.03,4.3,6588.98,0
4583,7,22,461.95,7.0,9986.71,1
4584,14,22,753.28,2.2,9022.1,1
4585,2,12,118.18,2.7,4430.86,0
4586,2,23,327.19,1.9,7108.14,1
4587,8,6,426.17,6.6,5682.71,1
4588,2,21,203.15,2.6,6851.86,1
4589,11,16,164.03,2.1,6558.33,1
4590,9,5,1121.28,5.4,6048.37,1
4591,12,9,1501.99,1.5,6352.68,0
4592,1,14,141.04,1.3,4283.8,0
4593,9,8,314.64,1.7,4020.07,0
4594,1,14,1688.45,1.0,6270.13,0
4595,10,12,143.41,5.9,7072.7,0
4596,13,10,615.91,4.9,7204.25,1
4597,10,20,1891.74,2.5,9530.7,1
4598,2,20,2013.47,2.6,9078.7,1
4599,6,21,418.59,6.7,9315.36,1
4600,6,13,188.82,4.5,6184.22,1
4601,1,19,212.88,5.9,7836.97,0
4602,7,15,1201.83,4.2,7838.0,0
4603,8,8,1313.41,2.7,5769.04,0
4604,2,23,568.09,7.8,10365.64,1
4605,8,21,826.59,5.0,9490.21,1
4606,9,10,773.4,1.9,5343.93,1
4607,6,3,642.09,3.8,4153.64,0
4608,5,21,978.03,3.3,8587.92,1
4609,12,3,678.24,2.5,4127.06,0
4610,9,5,481.79,7.5,6286.5,1
4611,13,16,235.22,7.2,9012.01,1
4612,12,17,781.07,2.4,7831.06,0
4613,11,6,420.69,3.5,5016.19,0
4614,9,20,274.63,6.3,9450.65,1
4615,1,20,909.61,2.5,7382.86,1
4616,11,16,696.54,5.1,8387.63,1
4617,3,24,1485.01,5.9,10845.98,1
4618,9,2,190.43,5.6,4234.18,0
4619,11,20,623.75,5.9,9768.0,1
4620,2,15,240.02,5.9,7165.59,1
4621,12,18,1269.54,7.8,11129.77,1
4622,4,1,152.4,3.4,2590.15,0
4623,4,19,633.79,7.2,9204.71,1
4624,2,12,882.92,1.2,4952.58,0
4625,3,8,319.19,3.0,4004.75,0
4626,13,6,1641.06,1.3,5413.27,0
4627,3,12,1051.0,5.6,7163.28,1
4628,1,7,274.51,1.7,2910.59,0
4629,6,18,103.78,6.9,8726.15,1
4630,8,22,275.96,5.5,9522.76,1
4631,12,14,265.16,1.2,5695.62,0
4632,3,8,1203.48,6.0,6609.92,1
4633,5,24,1807.46,7.0,11638.18,1
4634,1,20,136.52,5.6,7867.26,1
4635,10,22,418.66,1.2,7795.62,1
4636,7,14,497.4,7.0,7940.38,1
4637,10,5,148.76,6.1,5410.54,0
4638,13,9,337.0,3.6,5717.28,1
4639,1,8,290.69,3.3,4081.8,0
4640,12,2,484.0,4.4,4510.16,1
4641,11,16,641.16,7.1,9494.67,1
4642,9,13,707.83,2.8,6193.75,0
4643,8,7,173.53,1.7,3556.06,1
4644,7,16,938.18,7.1,9066.67,1
4645,10,7,667.44,1.2,4357.32,0
4646,7,14,1199.45,7.4,9139.62,1
4647,5,14,398.32,3.1,6054.85,1
4648,5,12,1221.64,4.6,7019.5,1
4649,11,1,1104.12,1.9,3476.23,0
4650,13,1,388.49,7.3,5454.3,0
4651,5,12,339.94,6.2,7031.14,1
4652,1,20,1450.13,7.5,10128.19,1
4653,8,21,727.92,5.8,9712.26,1
4654,12,15,1417.25,2.3,7931.63,0
4655,11,4,897.21,3.2,4845.25,0
4656,1,7,569.9,4.4,4337.16,1
4657,4,16,161.57,5.3,7159.45,0
4658,9,3,272.29,7.5,5510.19,1
4659,14,7,1834.35,3.7,7637.21,0
4660,9,24,292.41,5.9,10039.62,1
4661,5,22,148.95,7.7,9902.48,1
4662,4,6,714.74,2.1,3709.48,0
4663,3,16,762.14,7.0,8729.98,1
4664,3,24,268.06,3.9,8566.5,1
4665,12,8,276.68,6.1,6336.35,1
4666,5,23,416.4,3.1,8435.38,1
4667,10,22,111.01,3.3,8451.56,1
4668,1,6,878.71,1.2,3139.85,0
4669,5,10,290.7,7.8,6716.78,1
4670,6,16,1061.26,6.7,9185.59,1
4671,7,11,911.34,1.7,5688.59,0
4672,12,13,641.47,8.0,9226.09,1
4673,9,6,296.43,5.2,5421.99,1
4674,3,24,463.16,7.0,10138.68,1
4675,2,1,394.24,1.5,1781.93,0
4676,14,21,306.91,3.7,8935.77,1
4677,3,19,1042.39,5.7,8648.07,1
4678,12,12,430.35,1.7,5855.55,0
4679,9,24,994.05,4.4,10321.8,1
4680,12,6,155.59,4.1,4760.6,1
4681,7,18,176.01,2.5,6352.81,1
4682,9,13,1993.14,3.1,8129.83,1
4683,13,7,543.09,7.8,7434.81,1
4684,2,23,456.44,3.0,7860.97,1
4685,5,13,470.28,2.5,5623.57,0
4686,13,21,221.21,4.8,9102.74,1
4687,4,8,734.17,5.7,6027.61,1
4688,2,21,144.3,6.1,8501.38,1
4689,9,17,525.86,6.3,8387.83,1
4690,9,9,522.88,1.3,4513.18,0
4691,6,20,1327.8,3.8,9033.72,1
4692,11,13,473.47,6.4,8138.34,1
4693,6,2,173.71,7.3,4811.08,1
4694,8,4,525.2,5.2,4674.53,0
4695,6,2,147.89,1.4,2026.58,0
4696,1,4,213.95,3.8,3037.25,0
4697,4,18,115.8,1.5,5964.01,1
4698,13,5,460.05,6.2,5990.16,1
4699,7,19,144.16,1.4,6412.65,1
4700,13,10,416.87,2.3,5725.99,0
4701,13,18,1451.12,3.9,9678.83,1
4702,2,21,736.06,4.2,8257.45,1
4703,9,10,140.29,3.8,5655.73,0
4704,8,5,226.94,4.2,4282.36,1
4705,8,17,659.91,6.0,8808.42,1
4706,7,22,1225.48,3.6,9558.5,1
4707,4,13,116.74,4.8,5840.27,1
4708,2,23,936.86,3.1,8715.28,1
4709,3,17,512.56,3.5,6541.71,0
4710,12,9,494.93,5.3,6723.44,1
4711,6,24,1682.82,4.4,10664.12,1
4712,12,12,788.46,6.1,8265.57,1
4713,12,14,1048.96,4.9,8463.91,1
4714,5,14,318.47,6.6,7732.06,1
4715,12,8,504.13,4.1,6062.2,0
4716,8,23,577.78,4.4,9419.87,1
4717,6,5,294.0,5.7,5063.96,1
4718,6,19,522.27,2.5,7228.17,1
4719,1,14,235.02,3.7,5404.32,0
4720,4,9,177.38,5.4,5292.49,1
4721,5,7,334.18,1.2,3274.76,0
4722,12,8,772.17,4.1,5726.89,0
4723,11,14,1339.58,5.2,8971.43,1
4724,3,22,405.98,7.8,9829.86,1
4725,13,14,614.76,7.1,9154.92,1
4726,9,11,154.37,3.0,5373.66,1
4727,1,14,1274.12,4.6,6965.47,1
4728,6,21,520.36,1.4,7234.06,0
4729,6,8,857.83,2.7,4939.8,0
4730,10,3,891.01,6.4,5807.16,1
4731,5,23,248.18,1.9,7427.71,1
4732,12,18,476.63,2.8,7777.66,1
4733,5,3,1715.47,7.6,6464.16,1
4734,10,13,146.95,6.8,7725.5,1
4735,14,12,674.51,6.5,8492.76,1
4736,13,15,1738.57,7.1,10644.78,1
4737,5,18,278.75,6.2,8203.54,1
4738,6,5,1088.25,1.8,4400.37,0
4739,8,7,1456.46,4.6,6611.57,1
4740,2,11,787.35,4.1,5721.51,1
4741,6,11,231.55,3.2,4992.15,1
4742,1,15,303.23,6.8,7106.37,1
4743,4,10,118.23,4.2,5093.9,0
4744,14,15,990.27,1.4,7366.54,0
4745,10,13,1047.27,2.9,7041.5,0
4746,3,14,600.8,2.6,5742.63,0
4747,9,17,317.34,7.2,8905.5,1
4748,3,13,139.96,5.5,6341.28,0
4749,6,10,799.3,4.9,6277.95,1
4750,1,1,748.27,4.5,3310.94,1
4751,12,1,1318.64,5.6,5784.12,1
4752,6,15,755.65,6.3,8291.16,1
4753,4,16,982.15,4.9,7732.15,1
4754,8,12,785.12,7.6,8157.1,1
4755,13,24,598.06,7.8,11812.16,1
4756,11,6,378.41,8.0,6890.47,1
4757,9,6,1261.99,5.7,6652.18,1
4758,4,12,626.3,7.5,7212.24,1
4759,10,15,354.04,3.8,7148.85,0
4760,12,4,143.58,7.0,6155.27,0
4761,10,24,271.74,7.4,10977.72,1
4762,6,4,492.33,7.3,5315.42,0
4763,1,2,261.23,6.8,3939.83,1
4764,4,24,225.02,3.8,8451.52,1
4765,7,12,474.75,2.1,5312.12,0
4766,12,7,193.06,3.3,4737.79,0
4767,1,20,905.75,6.4,8939.9,1
4768,8,9,431.18,2.6,5051.08,1
4769,12,9,526.5,4.3,6390.43,0
4770,10,8,179.72,5.0,5629.93,1
4771,12,14,296.21,5.2,7789.82,1
4772,11,1,363.89,7.6,5305.68,0
4773,6,23,925.68,5.6,10063.1,1
4774,5,21,835.18,6.5,9724.36,1
4775,10,23,226.14,5.1,9271.58,1
4776,11,12,578.79,6.8,8051.95,1
4777,14,2,239.5,2.8,3993.62,1
4778,9,13,2321.83,2.5,8456.59,1
4779,2,4,1619.57,7.5,6568.97,0
4780,5,20,514.21,5.9,8818.71,1
4781,6,18,700.16,5.7,8890.84,1
4782,7,19,908.31,4.3,8564.95,1
4783,5,16,738.27,3.6,7044.75,1
4784,9,14,701.7,4.9,7766.03,1
4785,1,8,1691.68,1.8,4723.14,0
4786,7,12,553.74,4.2,6370.18,1
4787,10,9,605.72,4.2,6051.42,0
4788,7,6,1046.13,4.8,5818.41,0
4789,4,18,654.17,5.4,8125.42,1
4790,9,2,760.13,7.7,5932.2,1
4791,14,23,233.4,5.6,10228.44,1
4792,12,8,332.02,7.2,7033.99,1
4793,11,24,179.67,4.9,9710.14,1
4794,5,14,452.37,5.4,7192.59,1
4795,4,6,404.15,1.5,3222.12,1
4796,13,10,3032.47,1.9,8646.45,0
4797,7,8,572.36,5.1,5556.26,0
4798,4,17,871.93,3.8,7537.28,1
4799,3,12,303.24,6.6,6564.05,0
4800,9,17,990.54,4.8,8978.39,0
4801,11,13,577.37,7.2,8490.68,1
4802,8,19,697.0,7.8,10029.83,1
4803,1,12,274.38,2.0,4592.15,0
4804,7,16,497.74,3.8,7312.29,1
4805,9,5,602.61,5.7,5562.24,1
4806,8,16,544.7,3.1,6849.43,1
4807,8,6,1333.69,2.9,5087.04,0
4808,13,11,1242.73,6.7,8657.43,1
4809,6,17,1869.95,7.9,10800.29,1
4810,11,23,650.45,6.4,10715.87,1
4811,4,14,1886.24,4.7,8202.54,1
4812,8,6,993.32,4.1,5437.07,1
4813,3,23,257.93,4.8,8826.95,1
4814,13,11,378.82,4.2,6840.47,0
4815,9,12,236.16,4.5,6660.4,1
4816,13,13,102.1,2.4,5919.93,1
4817,2,4,204.16,7.3,4902.82,1
4818,2,7,102.03,6.3,5044.71,1
4819,12,2,736.19,5.8,5638.77,0
4820,13,6,377.16,7.6,6956.59,1
4821,12,6,287.4,3.0,4513.31,0
4822,7,18,817.16,1.6,6890.98,0
4823,12,20,993.35,6.8,10682.36,1
4824,10,8,1950.47,8.0,9147.18,0
4825,4,8,613.63,5.0,5529.32,1
4826,10,8,409.51,1.4,4117.28,0
4827,8,8,282.11,6.5,6401.09,1
4828,9,1,225.72,1.5,2080.25,0
4829,7,2,219.72,4.8,3948.31,0
4830,5,12,363.13,2.9,5311.55,0
4831,8,15,2500.98,7.4,11320.34,1
4832,4,4,100.43,4.2,3210.33,1
4833,2,3,209.83,7.3,4698.28,1
4834,11,14,204.37,3.1,6302.73,0
4835,12,22,731.37,3.7,9322.47,1
4836,6,23,317.31,7.6,10532.61,1
4837,9,8,405.56,2.4,4763.75,1
4838,1,13,180.45,5.0,5637.14,0
4839,11,23,359.59,3.7,9205.61,1
4840,10,19,154.46,6.4,9234.7,1
4841,12,22,480.76,1.9,8457.96,1
4842,7,5,151.54,4.1,4103.71,0
4843,10,13,881.54,5.9,8332.11,1
4844,9,20,518.05,3.8,8489.06,1
4845,10,1,743.62,1.4,2727.78,1
4846,9,16,371.09,5.9,8210.81,1
4847,10,23,340.22,4.5,9465.97,1
4848,11,24,151.69,1.1,8021.03,1
4849,13,2,471.02,5.3,4944.38,0
4850,3,7,461.29,7.4,6079.85,1
4851,11,6,415.65,1.8,4146.06,0
4852,13,5,774.53,5.1,5751.28,1
4853,5,4,993.4,6.1,5338.45,0
4854,8,2,794.73,1.5,3133.14,0
4855,8,10,177.66,1.2,4306.3,0
4856,4,22,586.51,4.2,8479.34,1
4857,12,5,141.87,6.5,5913.04,1
4858,11,18,693.1,2.1,7683.06,0
4859,11,10,340.5,6.9,7285.66,1
4860,1,23,171.07,5.6,8657.53,1
4861,1,22,1090.44,3.3,8485.57,1
4862,4,15,575.97,4.6,7127.5,1
4863,6,9,319.04,7.8,6983.03,1
4864,8,11,115.6,2.5,4824.21,0
4865,6,21,485.35,4.5,8466.02,1
4866,12,17,1383.44,5.4,9988.75,1
4867,9,21,553.64,2.0,8011.55,1
4868,9,9,1881.57,1.3,6270.77,1
4869,14,23,173.35,1.1,8249.59,1
4870,2,16,520.02,3.3,6507.52,0
4871,10,6,900.05,1.5,4483.05,0
4872,1,22,472.79,6.6,9112.36,1
4873,2,11,147.74,8.0,6843.01,1
4874,5,23,537.2,1.4,7633.79,1
4875,4,17,573.04,4.0,7463.12,1
4876,4,4,752.28,1.2,3143.95,0
4877,9,15,816.09,1.9,6815.02,1
4878,11,1,836.52,3.3,3849.5,0
4879,8,22,644.5,3.8,8759.28,1
4880,6,20,221.55,7.6,9198.91,1
4881,1,1,358.96,3.8,2525.61,0
4882,2,9,848.34,4.5,5659.74,1
4883,6,12,1633.37,2.7,6857.46,0
4884,11,4,141.12,1.0,2842.79,0
4885,2,22,483.44,7.3,9618.6,1
4886,13,13,287.36,1.6,5744.65,0
4887,10,7,227.7,7.7,6750.5,1
4888,5,8,452.42,1.9,3968.58,0
4889,14,13,565.82,5.2,7865.79,0
4890,5,11,104.91,8.0,7091.33,1
4891,6,9,857.53,2.0,5018.33,0
4892,6,24,957.07,4.0,9426.04,1
4893,14,16,1783.55,6.5,10753.82,1
4894,6,10,199.62,1.2,3696.09,0
4895,14,11,551.38,5.8,7676.27,1
4896,2,12,378.11,1.6,4501.19,0
4897,14,14,303.85,2.7,6893.01,0
4898,10,19,516.93,2.1,7445.85,1
4899,14,12,862.51,7.4,8942.81,1
4900,13,18,111.66,2.3,7177.94,1
4901,14,21,1843.38,1.3,9554.06,1
4902,3,17,930.05,5.1,8051.48,1
4903,14,3,795.46,3.4,4774.63,0
4904,6,1,814.37,3.8,3758.69,1
4905,13,19,346.38,1.8,7443.19,1
4906,8,4,796.4,6.2,5674.67,0
4907,12,23,344.51,5.2,10023.21,1
4908,13,16,1244.87,3.5,8746.44,1
4909,11,12,197.53,2.2,5636.0,1
4910,12,21,272.9,5.2,9376.4,1
4911,1,21,500.74,6.5,8710.48,1
4912,1,13,292.25,3.2,5150.03,1
4913,11,17,376.03,1.2,6526.57,0
4914,13,8,439.05,2.5,5148.94,0
4915,2,13,1070.2,5.8,7384.9,1
4916,11,20,470.32,7.9,10320.76,1
4917,12,5,325.07,1.1,3567.01,0
4918,12,18,242.33,3.1,7600.22,1
4919,6,15,362.7,1.4,5481.99,0
4920,9,12,462.56,3.2,5914.11,1
4921,4,17,785.44,3.8,7229.71,1
4922,3,15,164.51,7.4,7859.48,1
4923,12,2,225.26,1.6,2931.3,0
4924,8,6,338.74,6.4,6036.3,1
4925,11,17,323.45,3.8,7933.35,0
4926,10,16,348.58,6.7,8808.22,1
4927,14,17,888.78,4.6,8871.48,1
4928,9,20,295.9,1.3,7220.47,0
4929,12,9,448.48,7.6,7639.75,1
4930,11,5,588.96,1.6,3945.72,1
4931,5,23,232.1,5.2,8898.15,1
4932,9,1,734.16,7.1,5373.06,1
4933,2,6,496.05,1.6,3096.45,1
4934,3,24,396.0,4.9,9374.93,1
4935,7,14,929.8,6.8,8256.37,1
4936,7,17,239.52,7.9,9225.86,1
4937,6,19,1173.54,6.1,9836.25,1
4938,6,1,511.68,2.9,2884.12,0
4939,2,1,569.75,5.9,3752.69,0
4940,10,13,1139.96,5.9,8289.05,1
4941,6,14,950.73,5.9,7879.55,1
4942,4,6,560.1,7.0,5701.96,1
4943,12,6,799.56,1.6,4609.25,0
4944,3,1,383.98,1.8,1857.86,0
4945,13,14,496.35,5.5,8237.73,1
4946,11,3,132.04,7.7,5780.88,1
4947,13,23,147.08,4.3,9439.69,1
4948,2,10,984.29,7.7,7390.38,1
4949,1,19,130.76,7.6,8603.35,1
4950,11,19,192.8,7.3,9721.46,1
4951,11,19,894.41,7.4,10526.06,1
4952,5,23,100.57,7.3,9689.53,1
4953,2,4,265.92,6.7,4757.61,0
4954,2,20,538.58,5.9,8650.71,1
4955,7,19,552.49,1.2,6742.98,1
4956,8,10,850.63,1.9,5059.74,1
4957,13,2,452.54,1.9,3490.12,0
4958,10,4,456.06,1.2,3167.58,0
4959,8,24,746.06,1.8,8780.47,1
4960,14,6,445.2,7.4,7093.83,1
4961,4,7,568.87,5.6,5202.72,0
4962,14,16,1240.28,3.2,8645.59,1
4963,1,7,356.62,6.6,5504.3,1
4964,11,18,343.17,4.4,8197.25,1
4965,7,20,101.78,2.0,6858.58,1
4966,1,22,575.22,7.2,9494.98,1
4967,11,19,115.11,3.4,7735.73,0
4968,4,9,450.74,5.9,6153.31,1
4969,8,20,915.42,3.0,8582.2,1
4970,2,10,499.17,4.5,5277.85,1
4971,6,13,257.11,6.7,7288.81,1
4972,13,18,871.28,2.1,8048.22,1
4973,6,16,257.16,7.8,8618.69,1
4974,12,22,760.31,1.5,8588.07,1
4975,9,17,571.14,4.7,8133.11,1
4976,5,22,193.16,7.4,9480.55,1
4977,10,13,1277.64,7.6,9394.91,1
4978,4,12,211.97,2.6,4861.14,1
4979,5,10,2382.35,2.0,6727.76,1
4980,12,1,103.67,6.1,4664.53,1
4981,12,8,252.91,1.3,4328.59,0
4982,10,21,211.48,4.4,8527.37,1
4983,11,22,107.05,6.6,10203.97,1
4984,5,18,759.07,4.9,8288.16,1
4985,8,2,691.15,2.3,3450.41,0
4986,10,16,885.95,4.4,8404.54,1
4987,12,12,248.33,7.4,8024.59,1
4988,8,9,393.79,5.3,6158.32,1
4989,2,3,638.1,6.1,4188.94,0
4990,7,22,389.7,3.4,8461.23,1
4991,8,21,697.55,2.3,8080.57,1
4992,11,4,602.52,2.8,4377.31,0
4993,6,2,160.88,4.7,3532.04,1
4994,5,8,859.44,3.0,5236.68,0
4995,11,10,737.69,4.8,7046.05,1
4996,9,16,633.32,6.0,8127.89,1
4997,13,23,184.26,6.1,10377.38,1
4998,3,11,255.98,2.2,4343.64,0
4999,12,18,349.76,6.3,9262.41,1
5000,13,22,264.2,5.7,10032.77,0
5001,13,14,229.26,1.1,5711.48,0
5002,10,8,918.3,1.4,4920.03,0
5003,4,23,608.38,5.5,9292.83,1
5004,9,15,516.75,3.7,7331.67,1
5005,6,17,228.06,2.0,6202.99,0
5006,8,21,1350.99,1.3,8485.9,1
5007,7,18,206.09,2.1,6585.01,0
5008,11,6,892.25,7.7,7197.9,1
5009,2,23,1800.69,6.1,10987.58,1
5010,3,14,749.31,4.7,7139.22,1
5011,1,23,2570.94,7.6,12137.56,1
5012,9,3,626.41,5.3,4993.94,0
5013,13,7,222.61,6.1,6426.85,1
5014,7,15,213.96,3.0,6074.83,1
5015,1,21,296.2,5.1,8140.58,1
5016,3,24,103.58,2.0,7392.99,1
5017,4,16,672.38,3.8,6904.09,1
5018,4,16,256.44,1.2,4966.0,1
5019,5,8,944.2,2.5,4850.51,0
5020,14,7,322.5,1.5,4491.84,0
5021,3,6,426.92,3.7,4240.94,0
5022,3,2,1786.14,6.9,6159.76,0
5023,1,22,238.65,3.6,7467.38,1
5024,7,13,738.73,6.8,7810.44,1
5025,11,12,803.49,5.6,7933.34,1
5026,10,15,224.87,4.6,7292.48,1
5027,14,9,447.57,2.7,5604.19,0
5028,1,2,315.55,7.5,4272.27,1
5029,2,17,839.0,1.4,6304.05,1
5030,13,5,587.07,5.8,6343.25,0
5031,4,11,423.12,5.3,6050.64,1
5032,13,22,855.62,4.1,9581.28,1
5033,4,19,234.04,2.7,6685.85,0
5034,5,24,800.44,4.0,9401.14,1
5035,11,7,1102.63,7.1,7603.25,1
5036,2,2,1154.42,6.9,4974.97,1
5037,4,16,865.48,7.6,9163.89,1
5038,1,12,362.14,3.2,4695.05,0
5039,2,23,2103.39,3.7,10071.1,1
5040,1,15,338.69,1.1,4632.12,0
5041,10,1,608.92,7.6,5439.78,1
5042,10,13,187.82,3.3,5835.57,1
5043,13,23,2067.36,3.8,11523.05,1
5044,4,6,708.67,7.4,6352.17,1
5045,4,13,799.95,4.7,6774.02,1
5046,7,18,134.02,5.0,7583.13,1
5047,10,3,820.73,2.2,4151.45,0
5048,11,1,845.21,4.5,4730.93,0
5049,11,15,657.02,7.4,9074.11,1
5050,9,13,272.59,4.9,6915.42,1
5051,9,5,436.37,2.8,4269.11,0
5052,5,13,158.51,1.2,4452.85,1
5053,10,22,418.94,3.4,8730.33,1
5054,1,5,239.74,5.0,3853.08,0
5055,1,19,314.7,1.3,5652.99,1
5056,6,21,188.73,5.3,8592.25,0
5057,2,24,230.72,4.7,8680.47,0
5058,8,18,139.83,6.5,8552.22,1
5059,13,21,1362.25,1.2,8863.26,0
5060,9,22,477.95,6.5,10378.32,1
5061,13,10,352.71,4.6,6500.57,1
5062,4,24,482.89,3.6,8760.4,0
5063,5,8,594.82,7.8,6925.85,1
5064,11,15,1374.75,2.1,7300.43,1
5065,8,21,198.43,4.8,8727.69,1
5066,3,20,275.17,3.2,7152.64,1
5067,5,23,1960.48,4.7,10774.69,1
5068,3,22,331.97,4.9,8429.58,0
5069,12,4,111.41,1.6,3392.89,1
5070,10,2,179.88,5.6,4106.04,0
5071,3,24,113.35,5.4,8949.42,1
5072,3,6,2398.76,6.4,7676.99,0
5073,13,3,263.47,1.6,3685.9,0
5074,12,7,1385.51,3.1,6036.45,1
5075,7,10,2846.71,5.6,9320.41,1
5076,7,23,557.95,2.0,8067.64,0
5077,7,6,116.88,5.7,5137.37,1
5078,10,16,142.56,1.4,6137.0,0
5079,8,2,428.49,3.3,3368.95,1
5080,5,24,360.58,6.9,10443.11,1
5081,5,17,565.93,6.4,8616.37,1
5082,14,13,388.88,5.5,7995.89,1
5083,4,1,1459.63,7.1,5619.99,0
5084,7,6,482.58,6.0,5520.11,1
5085,10,5,691.64,4.6,5431.94,0
5086,4,13,1234.02,7.9,8687.81,1
5087,2,23,179.42,5.9,8765.55,1
5088,4,18,230.51,5.2,7888.2,1
5089,13,12,156.76,3.9,6568.19,0
5090,13,7,175.2,7.3,6936.37,1
5091,8,15,459.32,3.1,6924.16,1
5092,9,3,293.7,1.1,2673.95,1
5093,3,16,375.11,2.4,5784.99,1
5094,7,1,2122.49,1.8,4271.44,0
5095,14,16,185.22,3.2,7560.26,0
5096,12,24,489.15,6.8,11022.57,1
5097,14,12,152.05,5.6,6921.64,1
5098,9,19,291.73,2.2,6763.1,1
5099,11,8,474.89,6.5,6603.33,0
5100,4,23,1565.27,4.5,10090.26,1
5101,10,12,348.16,4.6,6648.86,1
5102,3,15,133.55,3.5,5939.82,1
5103,5,2,345.64,7.1,4517.77,1
5104,1,17,178.76,3.2,6070.0,1
5105,3,7,230.68,1.7,3265.97,0
5106,8,13,581.29,3.1,6289.54,1
5107,11,1,134.9,6.0,4365.54,0
5108,8,6,412.49,5.6,5346.37,1
5109,13,13,570.11,2.3,6708.28,1
5110,4,11,373.97,1.8,4275.39,1
5111,2,10,109.66,5.6,5639.85,1
5112,13,16,2217.47,5.7,10798.17,1
5113,8,24,328.73,3.6,8802.05,1
5114,8,23,853.84,6.9,10965.55,1
5115,10,20,297.0,7.8,10163.97,1
5116,4,17,422.19,2.4,6396.77,1
5117,3,17,345.89,5.0,7398.44,1
5118,2,4,309.69,1.0,2102.76,1
5119,9,5,111.05,6.0,5228.19,1
5120,1,23,323.16,3.9,8216.89,1
5121,7,14,1201.32,2.4,6870.77,1
5122,5,20,686.23,6.3,9365.92,1
5123,8,10,178.57,6.7,6347.89,1
5124,4,14,547.21,1.8,5485.47,0
5125,7,1,1213.88,1.3,3504.22,0
5126,13,11,702.04,3.3,6386.78,1
5127,5,23,180.49,5.4,9288.51,1
5128,14,18,1111.84,6.6,10571.64,1
5129,5,16,279.44,4.8,6850.85,0
5130,14,18,402.64,5.1,8948.59,1
5131,9,8,473.42,6.6,6677.99,1
5132,9,10,1050.25,4.7,7092.85,1
5133,13,10,1441.25,5.3,8099.33,1
5134,9,5,1427.16,4.6,6223.11,0
5135,12,10,103.99,7.2,7496.02,1
5136,6,18,1374.81,2.6,8194.62,1
5137,6,21,127.96,2.8,7584.11,1
5138,5,24,254.47,1.9,7691.61,1
5139,9,6,461.79,6.7,6268.27,1
5140,10,3,426.89,3.9,4554.34,0
5141,8,8,564.07,3.4,5020.76,0
5142,7,9,426.43,7.9,7206.27,1
5143,7,5,1461.9,7.5,7046.46,1
5144,6,2,237.58,7.8,5205.06,1
5145,5,2,260.12,2.0,2013.86,0
5146,13,7,1367.5,7.2,8123.25,1
5147,4,17,139.92,3.3,6729.38,0
5148,3,10,570.24,1.1,3959.97,0
5149,3,12,672.44,3.7,5840.36,1
5150,6,2,452.15,4.6,4003.51,1
5151,4,10,692.46,1.8,4581.06,0
5152,12,20,194.83,4.8,8512.63,1
5153,12,1,1057.41,6.7,5829.67,1
5154,6,4,175.43,3.6,3767.83,1
5155,3,13,356.09,3.5,5818.86,0
5156,4,12,139.12,3.4,4863.12,0
5157,9,11,493.96,7.5,7638.08,1
5158,5,10,653.95,1.3,4387.48,0
5159,13,15,1516.99,4.1,8925.27,0
5160,7,5,772.26,2.9,4160.87,0
5161,10,17,489.46,7.3,9318.74,1
5162,2,5,1448.68,1.7,3895.03,0
5163,14,2,425.46,3.9,4372.32,0
5164,14,9,511.86,3.8,6105.79,0
5165,5,6,553.29,7.2,6129.96,1
5166,9,18,363.8,2.5,6937.29,1
5167,11,14,1011.57,5.5,8572.57,1
5168,3,19,202.39,1.9,6376.74,0
5169,14,14,504.66,7.7,9539.26,1
5170,9,8,740.49,5.2,6361.65,1
5171,14,17,1271.58,5.4,9912.53,1
5172,11,3,1176.73,4.0,5044.91,1
5173,6,10,455.39,3.4,5515.57,1
5174,4,17,615.24,2.5,6609.66,1
5175,7,11,350.63,5.2,6409.72,1
5176,8,8,415.72,7.7,6975.05,1
5177,6,1,1283.65,3.5,4110.85,0
5178,5,13,1434.68,7.2,8804.75,1
5179,6,21,1228.87,2.0,8308.61,1
5180,5,4,174.47,7.6,5317.2,1
5181,8,7,1048.84,3.5,5297.6,1
5182,1,14,1581.77,3.7,6936.01,1
5183,11,5,324.12,4.2,4739.83,1
5184,7,24,465.58,6.0,10298.47,1
5185,10,11,855.01,6.0,7759.71,1
5186,10,17,512.86,4.4,7930.94,1
5187,11,5,2616.71,4.7,7687.89,1
5188,2,20,404.14,1.2,6257.59,0
5189,14,3,725.78,3.1,4769.51,0
5190,9,5,886.53,3.4,5137.93,0
5191,1,15,440.71,4.9,6916.76,1
5192,11,19,1072.4,4.9,9546.64,1
5193,10,16,495.0,6.0,8810.5,1
5194,6,8,365.22,6.0,5878.84,1
5195,9,13,157.05,2.6,5754.72,1
5196,1,16,349.95,6.4,7562.85,1
5197,4,3,762.01,1.1,2824.74,0
5198,4,1,1370.97,6.0,5317.38,0
5199,9,9,244.96,1.7,4202.59,0
5200,11,9,319.44,6.1,6720.05,0
5201,5,22,183.59,4.7,8619.0,1
5202,5,17,686.76,4.1,7341.26,1
5203,6,24,1711.8,5.8,11118.95,1
5204,1,2,612.15,1.3,1696.22,0
5205,1,9,579.96,2.6,4201.63,0
5206,9,24,503.15,5.3,10378.81,1
5207,3,19,146.31,6.9,8178.03,1
5208,4,13,753.75,3.7,6110.12,1
5209,1,5,560.71,2.8,3232.46,1
5210,9,9,641.58,4.6,6034.92,0
5211,8,13,1245.38,5.4,7938.59,1
5212,2,1,866.15,3.9,2996.91,1
5213,8,15,859.15,7.1,8873.39,1
5214,7,4,1409.91,4.7,5924.75,1
5215,11,4,2399.34,1.3,5845.27,0
5216,6,20,535.28,2.6,7691.4,1
5217,1,10,157.64,4.2,4587.98,0
5218,7,6,407.29,5.9,5350.2,1
5219,10,24,874.64,2.5,9470.01,0
5220,7,12,114.06,7.8,7514.67,1
5221,13,20,129.28,3.2,8160.27,1
5222,14,16,134.76,4.7,8220.62,1
5223,9,3,756.59,1.1,3126.88,0
5224,1,14,447.74,7.2,7253.19,1
5225,2,1,330.14,6.5,3948.74,0
5226,11,10,155.81,2.4,5180.22,0
5227,9,15,758.83,7.5,8973.68,1
5228,13,7,293.58,3.2,5119.05,1
5229,9,4,254.16,5.8,4746.36,1
5230,13,14,628.24,6.7,8888.36,1
5231,6,24,509.37,6.2,10044.88,1
5232,6,16,325.03,7.4,8413.54,1
5233,4,14,612.9,7.0,7716.95,1
5234,4,3,258.19,8.0,5302.07,0
5235,5,17,891.96,2.3,6984.93,1
5236,3,21,230.24,3.1,7445.33,1
5237,1,14,186.49,5.5,6282.16,1
5238,1,18,862.64,6.1,8592.72,1
5239,12,3,715.32,4.7,4902.19,0
5240,13,22,200.84,1.5,7984.75,0
5241,7,19,161.79,6.9,9064.44,1
5242,1,3,1011.31,7.7,5263.18,1
5243,1,12,849.39,3.8,5886.04,1
5244,3,22,298.2,2.6,7462.57,1
5245,10,5,636.76,1.1,3667.29,0
5246,4,10,166.29,2.7,4526.22,1
5247,4,9,453.67,5.9,6079.85,1
5248,2,1,109.45,7.4,3850.13,0
5249,1,13,348.46,1.7,4474.7,0
5250,3,3,138.9,4.9,3295.22,0
5251,11,19,422.32,5.9,9265.35,1
5252,4,11,373.82,2.9,5029.55,1
5253,3,16,393.84,5.0,7078.13,1
5254,8,6,123.2,6.0,5325.97,0
5255,14,24,324.41,6.9,11029.53,1
5256,10,3,806.29,4.2,4578.59,0
5257,1,19,330.16,6.2,8138.57,1
5258,14,6,727.93,3.1,5424.42,1
5259,2,8,330.6,2.5,3603.16,1
5260,13,22,375.16,2.3,8441.48,1
5261,7,13,514.93,3.5,6426.15,0
5262,4,12,1604.73,1.3,6097.92,0
5263,8,10,157.63,3.0,5090.02,0
5264,11,3,116.73,5.6,4708.39,0
5265,13,4,568.19,5.5,5630.47,1
5266,3,1,1588.92,1.5,3396.74,0
5267,6,13,2388.93,3.0,8143.57,0
5268,9,24,430.98,5.0,9881.88,1
5269,1,4,415.63,3.2,2944.62,1
5270,1,22,617.77,3.9,8092.25,1
5271,8,11,505.55,6.0,6612.05,1
5272,3,19,602.68,1.1,6218.1,0
5273,5,11,1135.73,2.9,5804.98,0
5274,1,12,785.81,2.0,4994.03,0
5275,5,11,443.46,1.9,4644.76,1
5276,11,6,409.82,7.7,6737.52,1
5277,6,12,610.27,3.6,6408.05,1
5278,8,9,404.13,4.7,5652.08,0
5279,13,10,406.04,6.1,7327.08,1
5280,14,3,108.22,1.3,3192.23,1
5281,3,3,195.62,2.7,2411.49,1
5282,3,20,435.22,6.8,9119.05,1
5283,12,23,964.82,7.0,11760.01,1
5284,11,16,263.37,3.6,7440.76,0
5285,11,3,469.75,3.6,4121.43,1
5286,10,10,311.53,6.3,6802.64,1
5287,9,24,155.36,3.1,8341.87,0
5288,4,11,1688.61,1.8,6047.92,0
5289,4,8,1064.39,2.8,5001.98,0
5290,12,6,140.87,3.7,4896.1,0
5291,7,20,736.1,1.4,7602.27,0
5292,2,11,313.53,4.4,5135.26,1
5293,8,21,2734.36,6.2,12293.02,1
5294,6,12,280.05,4.6,6090.48,1
5295,3,16,236.39,1.5,5297.43,1
5296,9,18,519.54,4.1,8274.56,1
5297,5,13,1001.29,6.0,7748.95,1
5298,8,22,206.92,1.4,7423.77,1
5299,7,3,717.91,1.4,3161.11,0
5300,14,15,131.69,3.6,7238.13,1
5301,8,22,1356.25,2.4,9036.57,1
5302,7,21,142.28,7.5,9936.04,1
5303,3,14,1328.05,5.1,7729.79,1
5304,2,18,437.46,3.0,6699.7,1
5305,7,14,397.19,5.9,7524.74,0
5306,3,5,1911.68,3.6,5218.3,0
5307,3,21,2422.17,1.9,9226.45,1
5308,2,14,625.17,2.7,5704.58,1
5309,4,8,167.98,5.5,5028.79,1
5310,8,23,452.78,1.4,7927.2,1
5311,12,15,476.62,2.9,6934.39,0
5312,1,15,461.23,2.5,5532.2,1
5313,1,19,521.39,2.4,6323.13,1
5314,12,20,109.45,5.8,9297.43,1
5315,14,6,721.06,6.8,7164.24,1
5316,5,19,723.08,6.0,8997.33,1
5317,11,8,161.35,5.5,5984.06,1
5318,5,6,522.26,7.4,5958.97,1
5319,11,20,520.08,1.4,7814.73,1
5320,12,23,673.56,2.2,9225.82,1
5321,1,15,144.63,3.9,5788.23,0
5322,6,3,592.42,3.6,3718.43,0
5323,1,10,264.77,3.9,4445.32,0
5324,5,15,453.63,2.4,6028.46,1
5325,9,24,842.12,2.0,8911.2,1
5326,12,16,711.49,4.6,8275.8,1
5327,14,17,163.29,7.5,9643.92,1
5328,5,19,547.25,3.7,7547.05,1
5329,6,11,1838.77,1.3,6550.91,1
5330,8,16,185.26,5.9,7704.18,0
5331,11,5,1058.35,3.0,4899.95,0
5332,1,5,706.25,2.7,3340.84,0
5333,14,14,843.62,3.3,7717.27,1
5334,2,18,265.61,6.1,7809.25,1
5335,9,8,269.76,6.7,6460.44,1
5336,3,5,1282.33,5.1,5409.62,1
5337,6,7,323.01,3.3,4248.26,0
5338,5,16,132.54,3.2,6001.13,1
5339,11,23,558.89,1.9,8601.66,1
5340,2,14,166.66,7.5,7488.41,0
5341,14,5,896.28,5.5,6467.8,1
5342,7,24,613.26,1.2,7996.76,1
5343,4,9,1138.63,5.6,6654.7,0
5344,1,4,868.18,4.1,4239.92,0
5345,13,4,159.46,7.8,6234.3,1
5346,4,16,339.88,6.7,7732.43,1
5347,6,24,844.85,2.2,8756.44,1
5348,7,17,370.08,6.0,8340.88,1
5349,7,15,1894.34,4.4,8972.83,1
5350,14,4,765.41,2.3,4742.27,0
5351,7,6,107.81,5.9,5145.32,1
5352,3,16,1160.07,4.8,7801.29,1
5353,6,4,153.13,1.2,2301.94,0
5354,13,6,175.72,5.5,5706.89,1
5355,8,5,763.06,5.4,5668.16,0
5356,4,16,1101.12,2.0,6607.63,1
5357,13,16,484.31,3.4,7616.89,0
5358,8,10,270.58,5.1,5947.46,1
5359,2,9,316.4,2.0,3990.97,0
5360,10,4,309.95,7.0,5674.71,1
5361,9,14,297.77,1.2,5574.65,1
5362,9,4,239.14,1.7,3377.95,1
5363,8,12,569.35,1.8,5316.21,0
5364,10,24,1253.32,4.7,10931.37,1
5365,14,10,283.42,5.3,6909.49,1
5366,13,4,203.32,3.8,4736.62,0
5367,10,18,1011.87,3.0,8154.69,0
5368,1,13,776.98,6.7,7333.87,1
5369,2,13,1435.64,1.5,5973.03,0
5370,6,14,190.47,3.0,5678.81,1
5371,10,18,177.89,1.3,6455.53,0
5372,5,1,489.82,1.1,1910.43,0
5373,12,21,576.52,3.5,9109.04,1
5374,14,16,427.13,2.4,7588.95,1
5375,9,15,556.86,2.9,7030.11,1
5376,5,22,199.46,6.7,9591.05,1
5377,2,5,426.59,2.1,2337.38,1
5378,10,6,636.61,6.5,6391.57,1
5379,4,6,383.44,5.7,5026.13,1
5380,9,3,668.85,3.3,4231.03,1
5381,1,16,400.0,4.8,6555.53,1
5382,11,12,302.93,4.1,6642.28,1
5383,1,4,280.92,1.9,1998.75,0
5384,12,1,364.58,7.4,5589.25,0
5385,7,4,111.68,5.0,3971.06,1
5386,11,1,652.1,7.2,5759.01,1
5387,3,21,1032.51,6.8,10070.28,1
5388,10,8,318.96,1.6,4233.99,0
5389,2,24,123.56,2.5,7556.93,1
5390,9,5,2262.85,2.0,5952.51,0
5391,3,2,253.06,6.8,4008.82,1
5392,2,12,167.69,7.0,6692.35,1
5393,12,22,330.82,4.7,9628.18,1
5394,8,17,770.77,1.7,6864.71,1
5395,10,7,274.01,1.9,4251.8,1
5396,6,11,527.48,6.7,6984.1,1
5397,6,4,368.55,7.5,5676.93,1
5398,10,5,162.65,2.4,3725.05,0
5399,11,6,300.45,1.1,3663.39,0
5400,7,11,745.26,3.3,6047.19,1
5401,7,1,573.38,1.2,2553.51,0
5402,11,10,163.79,6.8,7153.65,1
5403,13,20,189.16,4.4,8622.92,1
5404,6,24,611.85,5.5,9818.35,1
5405,4,21,939.44,3.9,8592.71,1
5406,11,11,314.99,3.4,6060.76,1
5407,9,24,552.32,2.6,8718.46,1
5408,6,17,193.55,6.4,8131.84,1
5409,4,8,286.53,5.9,5598.18,1
5410,12,13,110.24,3.5,6333.55,1
5411,3,20,831.1,3.2,8114.48,1
5412,4,18,356.26,1.0,5750.03,0
5413,3,22,946.75,1.4,7676.52,0
5414,2,16,716.14,5.4,7199.34,1
5415,14,2,982.3,4.6,5382.26,0
5416,5,5,268.2,4.0,3969.14,1
5417,2,18,202.35,6.8,7975.27,1
5418,6,3,1886.09,4.5,5660.03,0
5419,3,22,731.73,3.7,8321.64,0
5420,6,17,998.01,2.1,7220.62,1
5421,11,16,106.61,6.7,8195.36,1
5422,10,6,318.84,5.0,5068.73,0
5423,9,19,778.98,1.6,7432.3,1
5424,1,7,140.6,5.5,4514.43,1
5425,6,18,518.9,4.0,7514.26,1
5426,9,14,380.25,6.7,8051.65,1
5427,11,6,108.89,7.4,6388.28,1
5428,4,8,234.58,5.2,5249.78,0
5429,11,15,267.59,6.1,8344.18,0
5430,12,15,159.31,1.4,5810.78,1
5431,2,15,599.21,4.9,6808.15,1
5432,13,16,238.8,6.3,8544.3,1
5433,4,1,262.6,4.5,3211.57,0
5434,1,11,1242.56,5.2,6585.86,1
5435,3,5,414.73,7.3,5435.42,1
5436,10,5,348.9,2.4,3730.44,0
5437,9,21,743.44,1.7,7885.06,1
5438,10,6,1301.83,5.8,6753.2,1
5439,5,2,112.68,6.8,4379.7,1
5440,11,6,397.32,7.0,6238.83,1
5441,6,14,571.81,5.5,7645.04,1
5442,3,11,291.78,6.8,6567.09,1
5443,5,4,840.1,5.9,5155.98,1
5444,11,24,1878.52,1.6,10350.66,0
5445,8,9,1536.11,6.3,7781.72,1
5446,6,24,254.61,2.3,7881.17,1
5447,4,3,228.31,2.7,2804.03,0
5448,2,16,1679.01,3.8,8153.31,1
5449,14,11,406.82,3.2,6416.22,0
5450,9,4,216.78,3.3,3619.01,1
5451,13,1,713.79,2.2,3527.29,0
5452,12,21,267.33,3.1,8615.85,1
5453,1,22,255.47,1.1,6557.66,0
5454,1,16,1157.01,4.3,7278.96,1
5455,13,19,188.65,6.4,9300.43,1
5456,4,16,133.28,7.0,7834.13,1
5457,7,11,256.8,6.7,6910.92,1
5458,1,8,566.9,3.9,4875.48,0
5459,9,23,165.67,6.1,9669.91,1
5460,4,1,418.95,3.0,2679.49,0
5461,3,21,593.54,1.4,6991.87,1
5462,1,9,1044.37,5.7,5953.59,1
5463,10,12,230.6,5.5,6611.44,1
5464,4,22,950.08,6.6,10037.53,1
5465,9,8,233.88,5.3,5814.15,1
5466,13,17,664.69,2.1,7790.31,1
5467,14,10,381.65,7.0,7658.05,1
5468,10,7,160.9,5.4,5640.12,1
5469,6,19,726.34,6.7,9292.05,1
5470,6,6,222.8,6.4,5634.9,1
5471,1,21,197.17,3.1,6988.88,1
5472,10,24,321.84,1.5,8205.06,0
5473,2,24,629.63,2.2,8027.11,1
5474,11,19,233.28,1.7,7121.38,0
5475,6,18,201.46,2.7,6887.96,1
5476,2,15,105.0,4.2,6014.29,1
5477,3,2,418.99,7.3,4733.79,1
5478,4,14,379.87,7.1,7384.6,1
5479,11,21,233.2,6.0,9390.12,1
5480,5,10,127.57,1.2,3722.58,0
5481,9,16,380.41,3.4,7077.43,1
5482,12,7,876.07,5.8,6726.43,1
5483,4,8,728.13,1.9,4252.72,1
5484,13,10,1085.9,6.6,8258.01,1
5485,11,15,104.81,7.4,8781.43,1
5486,9,8,1796.9,3.5,6770.71,0
5487,11,13,308.83,5.9,7678.62,1
5488,10,12,2422.88,2.0,7991.56,0
5489,3,8,245.59,5.8,5266.83,0
5490,8,15,418.89,1.2,5812.21,1
5491,12,12,318.42,2.1,5767.73,1
5492,1,11,319.84,6.0,5861.68,1
5493,11,19,1023.47,6.0,10040.75,1
5494,9,14,786.04,5.5,7969.13,1
5495,9,18,2523.71,4.3,10649.55,0
5496,10,13,575.33,5.7,7888.5,1
5497,2,4,411.12,6.4,4769.62,1
5498,4,17,147.2,7.8,8241.73,1
5499,13,19,2936.35,7.2,12628.53,1
5500,8,9,500.96,6.6,7102.57,1
5501,7,23,702.78,5.9,10150.52,1
5502,1,7,361.06,5.0,4618.46,0
5503,5,1,496.72,1.8,2169.22,0
5504,7,7,1528.66,2.2,5088.39,0
5505,4,7,191.01,6.7,5192.65,1
5506,1,20,272.92,6.6,8377.34,1
5507,9,7,182.47,5.3,5457.47,1
5508,14,8,885.63,4.1,6827.88,1
5509,5,16,132.03,1.2,5326.91,1
5510,11,3,142.58,3.3,3822.16,0
5511,2,13,277.26,3.9,5517.84,1
5512,8,10,460.97,4.4,5924.81,1
5513,11,18,360.67,7.5,9409.18,1
5514,13,7,122.93,1.8,4065.7,0
5515,2,21,1679.03,4.6,9403.54,1
5516,3,21,1627.42,3.6,9117.35,0
5517,14,5,263.81,7.9,6565.8,0
5518,10,23,757.5,7.0,10902.18,1
5519,1,24,532.06,4.1,8584.77,1
5520,11,22,235.56,8.0,10341.26,1
5521,2,7,252.02,4.6,4584.06,0
5522,14,22,437.8,2.2,8949.01,1
5523,7,17,371.71,4.9,7892.0,1
5524,10,4,272.11,2.6,3747.86,0
5525,2,24,923.86,5.5,9851.92,1
5526,6,23,428.37,7.6,10466.7,1
5527,3,16,631.89,6.5,8057.71,1
5528,4,19,204.91,2.9,6813.66,1
5529,11,10,481.26,3.1,5533.45,1
5530,13,3,291.35,1.5,3345.3,0
5531,8,3,473.71,3.0,3703.73,1
5532,14,17,858.94,1.6,7753.25,0
5533,3,10,832.48,4.5,6054.45,0
5534,10,17,318.65,6.0,8734.07,1
5535,6,22,692.54,6.3,9788.46,0
5536,1,17,1517.57,1.4,6658.48,1
5537,7,21,591.31,3.4,8508.81,1
5538,8,4,180.33,3.0,3633.92,0
5539,11,21,669.26,1.7,8065.75,0
5540,14,23,155.41,3.5,9174.77,1
5541,8,6,1128.29,3.1,5161.22,0
5542,3,12,463.52,5.4,6405.52,1
5543,14,22,343.18,7.2,11039.72,1
5544,10,20,129.35,4.2,8103.63,1
5545,1,17,339.65,6.2,7623.47,1
5546,9,17,1267.59,2.0,7799.44,0
5547,13,10,110.6,7.3,7163.83,1
5548,6,7,421.84,2.1,4282.61,1
5549,11,16,1437.97,2.3,8132.1,0
5550,9,13,351.13,1.7,5710.2,1
5551,7,3,379.46,3.2,3228.17,0
5552,1,2,532.04,4.9,3737.62,0
5553,12,16,410.82,7.9,9442.31,1
5554,12,6,192.32,6.6,5774.4,1
5555,1,6,109.36,3.7,3186.27,1
5556,6,13,570.56,5.0,6734.29,0
5557,5,7,1367.93,5.4,6288.93,0
5558,9,5,156.23,6.8,5365.59,1
5559,2,24,218.46,6.2,9393.55,1
5560,8,7,331.2,5.0,5377.56,1
5561,11,2,927.07,5.7,5567.1,1
5562,5,17,256.85,6.2,8022.37,1
5563,2,13,1168.77,1.9,5725.16,1
5564,13,21,128.26,2.4,7811.44,1
5565,10,21,1514.74,5.8,10660.04,1
5566,11,16,511.34,7.0,8842.13,1
5567,11,20,637.61,3.9,8660.51,1
5568,12,2,329.19,7.9,6125.69,0
5569,6,5,861.62,2.5,3910.19,0
5570,10,18,191.1,3.9,7913.65,1
5571,8,7,125.07,3.6,4344.31,1
5572,4,11,351.69,7.5,6829.19,1
5573,2,11,1061.03,3.0,5675.42,1
5574,12,22,803.1,4.3,10026.79,1
5575,11,17,464.03,2.3,6922.98,1
5576,5,16,524.48,4.6,7307.91,1
5577,12,13,169.57,7.0,8222.37,1
5578,2,22,1018.42,3.1,8506.47,1
5579,2,5,873.14,6.7,5310.02,1
5580,6,20,634.24,7.4,9770.98,1
5581,11,16,413.86,1.5,6255.09,0
5582,10,22,1768.54,6.3,11711.1,1
5583,9,22,1156.11,2.8,9246.5,1
5584,13,16,617.02,2.2,7387.46,0
5585,4,16,332.45,5.2,7079.22,1
5586,6,14,581.2,5.9,7485.23,1
5587,7,6,528.35,3.8,4815.79,1
5588,13,2,350.64,1.3,3208.81,0
5589,11,14,283.13,7.4,8723.01,1
5590,6,16,361.29,6.1,8118.56,0
5591,8,23,526.55,2.9,8400.31,1
5592,4,20,379.43,4.5,8134.05,1
5593,12,13,252.97,1.2,5525.95,0
5594,1,15,815.57,3.4,6476.55,1
5595,7,12,479.07,4.7,6460.16,1
5596,3,9,135.04,4.6,4714.05,1
5597,14,18,329.68,2.5,7638.7,1
5598,6,21,1181.04,6.4,10293.68,1
5599,2,14,803.73,3.1,6139.41,1
5600,9,20,295.22,5.1,8858.61,1
5601,1,4,1491.79,2.9,4059.78,0
5602,6,8,139.85,4.0,4508.38,0
5603,6,8,1725.11,2.5,5649.35,1
5604,5,22,240.99,5.4,8799.84,1
5605,13,22,104.57,4.0,8844.88,0
5606,5,16,384.41,1.1,5512.4,0
5607,1,24,322.34,1.2,7049.22,0
5608,10,10,487.28,4.3,5951.41,1
5609,12,21,896.72,2.3,8709.89,1
5610,5,17,1023.95,5.1,8426.02,0
5611,2,1,356.44,3.9,2663.85,0
5612,7,18,380.92,5.6,8252.42,1
5613,3,10,180.19,7.7,6520.93,1
5614,13,21,124.36,4.7,9033.96,1
5615,4,4,612.52,6.5,4995.81,1
5616,3,1,133.3,6.3,3417.28,1
5617,3,4,761.81,7.5,6030.91,1
5618,4,4,487.28,2.5,3283.19,1
5619,5,4,210.69,6.8,5071.1,0
5620,1,17,487.75,7.3,8348.25,1
5621,4,9,201.06,3.7,4867.42,0
5622,12,19,388.78,3.2,8181.05,1
5623,12,13,903.62,7.7,8907.52,1
5624,11,4,409.87,5.4,5113.15,0
5625,8,5,180.49,3.7,4111.16,0
5626,10,13,743.37,6.5,8317.65,1
5627,7,23,203.37,3.1,8262.85,1
5628,9,16,770.76,2.2,6843.23,0
5629,5,22,426.34,4.8,8690.91,1
5630,13,5,402.33,5.0,5563.5,1
5631,10,8,1053.37,6.8,7520.59,1
5632,4,16,716.54,4.2,7345.8,1
5633,8,1,116.73,6.7,4204.8,0
5634,9,23,275.61,3.2,8664.29,0
5635,13,6,1123.66,5.0,6584.87,0
5636,7,11,109.25,2.5,4774.38,1
5637,14,16,494.01,3.7,7928.6,1
5638,7,5,750.66,7.0,5882.32,1
5639,5,16,586.24,2.5,6452.92,0
5640,4,7,814.67,6.7,6398.51,1
5641,14,19,746.75,3.0,8484.74,1
5642,10,1,688.88,1.2,3113.96,0
5643,1,9,961.7,1.8,4223.2,0
5644,10,18,618.79,6.2,9330.43,1
5645,10,13,357.43,2.8,5955.96,1
5646,7,15,419.24,5.6,7927.52,1
5647,1,3,730.67,5.9,4240.25,1
5648,1,24,1144.97,3.4,9062.16,1
5649,5,10,258.88,4.3,5276.25,1
5650,13,9,309.33,3.8,5895.58,0
5651,9,13,1434.94,7.6,9502.89,1
5652,6,16,531.98,3.2,6767.29,1
5653,3,3,198.59,2.3,2273.81,0
5654,13,22,644.87,3.6,9428.38,1
5655,3,23,2442.22,5.7,11589.3,1
5656,7,15,967.09,5.9,8445.77,1
5657,6,17,784.7,7.5,9345.09,1
5658,9,14,216.63,7.2,8189.13,1
5659,6,7,1144.3,3.0,5285.62,1
5660,5,20,473.05,4.2,8071.26,1
5661,10,16,1200.42,6.2,9405.93,1
5662,7,21,300.11,7.4,9557.29,1
5663,1,8,132.03,3.4,3813.8,1
5664,12,4,423.11,4.1,4961.89,0
5665,7,20,257.24,7.3,9316.99,1
5666,3,24,728.04,3.5,8712.64,1
5667,14,15,1674.52,4.4,9598.86,1
5668,9,5,687.17,7.3,6698.66,1
5669,6,13,1189.89,6.6,8249.7,1
5670,9,6,401.68,2.7,4661.54,0
5671,13,5,838.42,3.3,5351.83,0
5672,5,17,1025.89,3.5,7781.41,1
5673,7,7,720.45,7.4,6726.84,1
5674,13,6,454.41,8.0,7240.66,1
5675,14,2,591.57,6.4,5841.87,0
5676,4,11,702.83,4.4,5914.1,0
5677,7,7,245.9,1.1,3615.15,0
5678,13,22,929.26,5.9,10816.32,1
5679,1,21,1601.12,3.7,8892.82,1
5680,7,8,412.97,5.4,5605.65,1
5681,8,5,703.77,5.2,5499.96,1
5682,5,18,767.85,4.4,8024.42,1
5683,2,22,642.72,7.6,9789.74,1
5684,5,16,496.06,1.2,5739.19,1
5685,6,14,1167.05,6.0,8386.86,1
5686,12,12,397.94,3.9,6599.28,0
5687,2,17,131.52,6.0,7402.3,1
5688,14,5,1030.74,5.7,6744.54,1
5689,6,14,660.4,1.1,5461.79,0
5690,6,6,1046.09,3.0,4680.13,1
5691,1,15,174.57,2.3,5154.98,0
5692,14,7,115.62,2.2,4233.64,1
5693,1,14,1461.9,6.1,8334.69,1
5694,14,18,179.92,2.7,7778.59,0
5695,11,1,929.45,4.3,4477.09,0
5696,10,6,966.4,2.7,4871.85,0
5697,3,3,716.71,5.1,4423.17,1
5698,14,5,170.36,6.0,5829.32,0
5699,10,12,650.41,3.3,6482.35,0
5700,10,11,1199.5,5.2,7742.5,1
5701,12,13,377.16,6.8,7993.77,1
5702,3,16,366.81,1.7,5664.79,1
5703,4,18,392.47,6.0,8206.91,1
5704,2,17,142.93,3.3,6132.23,1
5705,9,17,1212.93,1.9,7281.53,0
5706,10,11,1116.98,4.8,7534.73,1
5707,12,20,3185.13,2.6,11481.62,1
5708,11,10,539.96,6.7,7491.08,1
5709,14,16,795.54,1.3,7364.55,0
5710,7,2,213.24,1.7,2525.99,0
5711,7,17,650.6,4.6,8012.21,1
5712,6,22,624.53,5.1,9047.79,0
5713,3,20,1257.37,6.1,9428.19,1
5714,6,10,988.32,2.8,5567.99,0
5715,14,13,1494.09,6.9,9787.16,1
5716,12,12,1115.64,7.7,9357.4,1
5717,8,15,1115.11,4.5,8119.53,1
5718,8,7,132.92,6.3,5690.32,1
5719,11,22,1035.28,4.7,10259.95,1
5720,13,21,567.58,1.5,8043.61,1
5721,9,13,339.38,3.3,6308.54,0
5722,1,12,129.09,1.6,4034.65,0
5723,14,12,666.1,7.9,9122.77,1
5724,1,2,298.9,2.6,2277.05,1
5725,3,5,415.35,5.5,4554.36,0
5726,3,2,672.43,3.0,2713.94,1
5727,10,23,1313.93,5.6,10935.57,1
5728,8,20,972.73,2.5,8357.29,1
5729,10,13,399.46,6.5,7768.23,1
5730,1,3,345.33,1.8,1983.79,0
5731,13,11,237.07,7.3,7873.55,1
5732,2,16,332.95,6.9,7900.87,0
5733,2,1,158.86,5.8,3337.57,0
5734,3,19,1872.05,1.5,8279.94,1
5735,13,11,526.56,2.5,6109.09,1
5736,6,9,168.37,7.0,6383.46,0
5737,1,14,317.55,1.9,4800.23,1
5738,2,9,495.97,2.1,3793.65,1
5739,13,7,480.59,4.8,6072.41,0
5740,13,16,118.07,2.9,7021.58,1
5741,1,3,1606.35,2.6,4046.69,1
5742,5,19,261.05,5.0,7972.8,1
5743,13,4,108.16,3.6,4353.79,0
5744,13,7,139.76,2.0,4540.81,0
5745,7,23,533.98,4.7,9326.4,1
5746,8,12,174.13,3.7,5963.83,1
5747,10,18,121.31,6.1,8802.57,1
5748,1,5,338.72,1.7,2467.1,1
5749,7,23,587.44,5.3,9638.64,1
5750,13,23,159.3,4.1,9210.9,1
5751,5,22,287.95,3.8,7971.01,1
5752,10,10,370.44,2.6,5602.81,0
5753,1,12,186.86,1.2,4367.83,1
5754,3,8,452.68,6.9,6055.01,1
5755,7,19,144.53,3.3,7192.04,1
5756,10,15,123.82,5.8,7954.7,1
5757,1,1,466.81,7.6,4455.23,0
5758,7,3,242.44,5.0,3997.52,0
5759,5,18,150.12,3.8,6849.42,1
5760,1,18,375.75,2.9,6488.79,0
5761,1,2,1333.38,7.5,5669.76,1
5762,14,5,744.03,5.8,6589.72,0
5763,1,1,945.37,5.7,4155.64,0
5764,11,10,1127.53,4.0,6782.34,1
5765,9,20,1899.11,6.9,11354.79,1
5766,11,10,820.37,6.0,7370.83,1
5767,13,5,568.77,3.0,4867.1,0
5768,3,18,327.4,5.2,7573.06,0
5769,13,21,200.23,4.0,8787.03,1
5770,5,15,680.23,1.0,5590.39,0
5771,11,20,2744.18,6.7,12708.14,1
5772,10,8,414.95,1.9,4507.72,1
5773,12,17,743.1,4.6,8535.92,1
5774,9,12,441.69,3.4,5923.35,1
5775,6,21,382.76,3.4,7821.45,1
5776,12,12,364.08,4.3,6990.82,1
5777,9,1,451.22,8.0,5361.86,1
5778,8,4,328.56,3.9,4362.73,0
5779,8,8,790.7,2.3,5027.61,0
5780,1,1,1136.82,5.3,3994.57,0
5781,13,15,1172.3,2.7,7819.17,1
5782,9,18,229.19,1.7,6321.19,1
5783,6,1,1231.25,1.4,2989.58,0
5784,9,11,308.93,1.2,5015.08,0
5785,3,23,285.03,4.0,8505.19,1
5786,12,2,748.7,4.0,4873.88,0
5787,3,1,281.7,2.3,2073.9,0
5788,6,12,127.21,6.5,6765.63,1
5789,9,16,333.9,1.9,6352.55,0
5790,7,22,739.11,7.4,10641.88,1
5791,14,22,297.97,5.1,9835.99,1
5792,13,10,596.53,1.2,5194.92,1
5793,3,18,639.58,7.7,9100.07,1
5794,3,15,761.63,3.2,6241.06,0
5795,2,17,1237.15,4.1,7931.21,1
5796,9,10,383.31,3.0,5249.1,1
5797,13,3,191.02,6.1,5369.2,0
5798,3,21,292.04,4.4,7778.32,1
5799,11,16,382.96,1.9,6621.59,1
5800,5,6,725.69,1.7,3790.32,0
5801,14,3,106.6,6.1,5268.26,0
5802,14,9,289.74,2.7,5570.47,0
5803,9,11,856.71,2.0,5809.25,1
5804,8,21,655.63,4.5,8956.69,1
5805,2,13,757.9,6.6,7289.7,1
5806,3,18,935.15,3.0,7211.17,1
5807,2,22,864.47,2.9,7977.39,1
5808,8,24,673.14,6.8,11159.06,1
5809,6,22,389.61,2.0,7508.61,1
5810,6,4,2155.19,5.3,6862.73,0
5811,12,22,520.91,7.7,11047.94,1
5812,9,24,213.31,6.9,10382.77,1
5813,8,8,273.23,1.4,3961.72,0
5814,4,13,691.37,3.2,6055.56,0
5815,12,10,1393.4,2.0,6246.89,1
5816,4,2,198.45,7.6,4646.59,1
5817,9,8,142.97,7.9,6808.24,1
5818,1,6,1166.55,2.6,4160.73,1
5819,13,16,1334.19,5.7,9402.15,1
5820,2,18,261.74,6.9,8105.42,1
5821,2,17,336.83,2.6,6322.32,1
5822,13,6,639.68,2.3,4951.39,0
5823,13,13,300.19,1.1,5497.65,1
5824,6,23,1148.43,3.9,9729.78,1
5825,4,14,156.91,7.3,7285.45,1
5826,13,21,119.36,7.3,10287.95,1
5827,11,10,216.9,1.9,4974.27,1
5828,10,24,268.5,2.4,8560.85,1
5829,13,11,159.91,3.9,6393.58,1
5830,3,13,133.97,6.5,6792.79,1
5831,3,12,804.49,5.3,6586.42,1
5832,3,9,189.73,4.6,4862.79,1
5833,6,4,1326.25,5.1,5497.58,1
5834,14,7,329.43,1.7,4492.33,0
5835,8,24,655.25,4.3,9798.46,1
5836,11,22,227.71,7.9,10666.22,1
5837,7,2,237.43,1.6,2507.94,0
5838,14,7,527.49,4.6,5911.51,0
5839,4,9,511.22,3.1,4766.16,1
5840,11,5,832.08,4.8,5843.9,1
5841,12,15,809.02,5.0,8433.57,1
5842,4,18,655.37,5.0,7831.05,1
5843,11,4,398.13,7.0,5774.71,1
5844,10,19,1206.56,3.7,9211.85,1
5845,11,20,587.2,4.6,9021.21,1
5846,11,7,2412.61,1.1,6332.63,0
5847,14,8,955.65,6.5,7713.04,0
5848,11,17,122.66,2.8,6946.59,0
5849,2,13,293.27,6.7,7042.0,1
5850,14,24,524.17,2.9,9333.99,1
5851,1,21,739.11,1.1,6827.3,1
5852,9,23,499.63,2.1,8586.38,1
5853,12,11,871.19,7.9,8932.13,1
5854,12,1,266.1,3.2,3815.26,0
5855,2,2,201.62,1.8,1706.14,0
5856,13,17,127.71,1.8,6921.17,0
5857,8,5,525.85,3.2,4255.7,0
5858,9,6,683.34,1.3,3890.75,0
5859,4,24,297.37,4.6,8565.03,1
5860,8,7,575.42,2.5,4454.07,1
5861,9,21,126.78,4.6,8727.73,1
5862,10,15,152.29,2.0,5768.8,1
5863,10,19,704.92,4.0,8914.6,1
5864,5,16,329.49,5.2,7390.29,1
5865,13,13,656.36,1.4,6077.11,0
5866,14,5,991.07,3.8,5859.64,1
5867,7,3,1057.38,3.1,4364.82,0
5868,10,3,194.47,2.7,3317.17,0
5869,4,19,433.04,5.2,8010.34,1
5870,1,14,761.99,5.1,7134.42,0
5871,3,16,843.57,5.4,7758.0,1
5872,5,22,867.81,2.1,8070.3,0
5873,3,17,229.49,3.0,6433.88,0
5874,12,4,206.93,2.5,3787.87,0
5875,13,13,545.81,4.8,7732.24,1
5876,11,8,775.63,4.2,6082.34,1
5877,7,19,292.2,3.3,7326.41,1
5878,12,5,155.3,6.5,5859.44,1
5879,9,2,730.71,1.7,3055.72,0
5880,12,15,278.12,7.8,9105.74,1
5881,6,2,190.98,1.8,2128.63,0
5882,13,11,179.92,6.4,7470.72,1
5883,10,13,289.1,3.6,6592.1,1
5884,1,23,549.08,7.1,9405.45,1
5885,7,10,321.9,1.5,4348.24,0
5886,3,3,110.44,3.6,2578.94,1
5887,5,5,150.97,3.3,3493.81,1
5888,10,3,271.6,8.0,5904.8,1
5889,4,6,638.97,7.9,6250.24,0
5890,10,13,151.86,2.3,5358.97,0
5891,5,10,511.24,5.4,6282.64,1
5892,5,19,163.85,4.7,7464.55,1
5893,6,8,218.88,2.1,4044.28,0
5894,14,18,194.48,2.2,7279.87,1
5895,10,3,134.8,7.9,5547.35,0
5896,12,24,656.35,4.2,10105.35,1
5897,10,24,411.25,1.9,8699.72,1
5898,13,17,989.09,2.5,8416.83,1
5899,13,8,152.06,2.9,4976.25,0
5900,11,10,178.17,4.6,5897.9,1
5901,6,2,282.97,3.3,3118.42,0
5902,8,12,825.93,4.2,6633.52,1
5903,8,23,282.47,2.2,8135.0,1
5904,11,6,362.48,3.3,4800.7,0
5905,9,2,279.48,1.5,2790.09,1
5906,8,21,141.81,7.2,9790.79,1
5907,13,23,1502.01,2.4,10209.42,1
5908,11,24,497.63,6.3,10756.07,1
5909,2,3,875.19,3.4,3458.23,0
5910,14,17,636.99,4.3,8502.66,0
5911,14,7,461.03,3.0,5344.52,0
5912,12,21,146.98,5.9,9348.59,1
5913,10,5,614.64,6.9,6257.71,1
5914,12,23,184.43,3.0,8692.49,1
5915,11,1,367.54,2.7,3312.92,0
5916,1,8,595.93,5.8,5428.29,1
5917,10,12,862.16,2.4,6448.57,1
5918,2,14,677.66,5.5,6973.43,0
5919,2,16,656.66,1.7,5600.04,0
5920,12,10,180.7,5.3,6642.63,1
5921,3,15,312.42,4.6,6533.53,0
5922,10,21,121.93,1.8,7364.61,1
5923,7,24,735.55,5.5,10154.02,1
5924,2,15,1624.42,4.1,7794.23,1
5925,14,10,253.34,2.5,5577.36,1
5926,1,21,145.89,3.5,7185.75,1
5927,14,7,422.72,4.4,6048.38,0
5928,6,3,1071.4,1.6,3438.52,0
5929,9,2,501.45,7.7,5948.16,1
5930,3,6,123.95,5.7,4469.72,1
5931,6,21,1930.09,1.7,9061.8,1
5932,3,9,982.02,6.8,6587.09,1
5933,14,10,170.55,3.3,5835.03,1
5934,13,4,1374.23,5.2,6508.46,1
5935,1,3,399.54,2.9,2665.01,0
5936,14,9,332.53,6.1,7235.81,1
5937,13,24,409.07,6.1,11030.27,1
5938,12,22,999.61,4.9,10494.68,1
5939,5,17,638.64,2.7,6809.88,1
5940,10,14,130.54,2.8,6135.33,0
5941,14,10,1680.36,3.7,8080.91,1
5942,13,13,179.96,2.0,5782.57,0
5943,11,12,784.36,3.4,6892.58,1
5944,4,1,605.49,5.8,3929.1,0
5945,7,22,203.84,6.8,9823.23,1
5946,6,19,193.61,3.3,7179.88,1
5947,10,19,1121.37,2.6,8349.51,1
5948,7,6,372.1,6.8,5760.68,1
5949,5,13,631.49,7.2,7788.66,0
5950,4,19,450.66,3.9,7655.3,0
5951,7,13,749.79,1.2,5725.41,0
5952,7,22,426.24,5.9,9430.32,1
5953,6,21,269.4,6.5,9082.12,1
5954,8,4,325.79,1.1,3162.2,0
5955,4,24,1079.77,5.2,10222.93,1
5956,10,2,415.59,5.1,4385.77,0
5957,5,15,220.05,3.7,6310.91,1
5958,4,12,1463.66,6.2,7986.32,1
5959,12,7,896.29,4.0,5871.54,0
5960,1,20,128.64,5.7,7809.7,1
5961,12,18,3526.14,4.6,12044.69,1
5962,8,23,693.6,2.7,8702.9,1
5963,1,13,187.34,5.2,5897.27,1
5964,5,17,235.36,6.2,7822.73,1
5965,6,4,689.55,7.8,6201.91,1
5966,6,14,856.52,3.7,6955.82,1
5967,13,20,236.58,1.5,7401.1,0
5968,5,13,248.51,7.9,7758.72,1
5969,3,3,283.45,5.4,4061.02,0
5970,5,18,555.67,7.6,9073.64,1
5971,12,14,194.26,1.7,5753.06,0
5972,8,15,155.04,3.4,6260.78,1
5973,14,3,667.95,1.9,4159.91,0
5974,2,1,855.02,6.8,4821.35,1
5975,6,24,447.5,7.2,10607.26,1
5976,9,17,326.15,4.5,7943.25,1
5977,8,3,382.85,2.3,2877.33,1
5978,14,14,345.84,1.9,6320.44,0
5979,11,3,1709.25,5.1,6256.14,1
5980,8,13,830.7,4.5,7335.72,0
5981,8,15,216.65,5.9,7578.67,1
5982,13,18,342.41,3.1,7432.36,1
5983,7,14,492.64,3.8,6762.59,1
5984,8,21,574.65,1.1,7592.08,0
5985,13,3,415.73,5.3,5482.24,1
5986,6,19,930.7,4.0,8394.5,0
5987,2,8,829.66,7.4,6675.7,1
5988,2,4,451.76,5.5,4082.54,1
5989,8,4,1063.55,3.8,4695.89,0
5990,11,19,795.33,2.8,8491.23,1
5991,1,11,853.85,7.3,7278.33,1
5992,6,1,1666.36,1.1,3658.17,0
5993,13,8,254.94,3.3,5307.34,0
5994,6,15,255.75,7.6,8554.45,1
5995,11,1,1198.9,5.6,5565.84,1
5996,4,7,839.7,4.7,5252.67,1
5997,12,21,1405.54,2.4,9420.1,1
5998,11,20,132.61,6.8,9313.68,1
5999,13,20,594.1,2.4,8224.8,1
6000,11,24,178.11,2.7,8707.66,0
6001,13,11,450.49,2.3,6137.38,1
6002,10,14,184.65,2.1,5859.88,1
6003,3,22,168.53,7.7,9677.82,1
6004,13,16,106.12,5.2,8018.77,0
6005,11,14,597.45,5.5,7842.21,1
6006,3,12,322.38,7.7,7284.81,1
6007,13,17,155.57,2.6,7046.28,0
6008,13,14,294.92,1.0,5822.99,0
6009,1,10,192.53,5.2,5492.26,1
6010,3,24,1521.03,4.6,10325.63,1
6011,4,14,292.83,4.3,6162.95,1
6012,11,18,303.2,1.4,6938.58,0
6013,11,22,1015.85,4.2,9779.82,1
6014,5,9,621.72,3.0,4688.76,1
6015,3,17,719.23,2.9,6951.83,1
6016,6,6,605.3,2.6,4141.09,1
6017,11,8,1561.21,3.3,6661.32,0
6018,14,13,215.97,3.5,6501.71,1
6019,12,18,2356.72,3.2,10143.4,1
6020,5,5,988.8,7.9,6598.46,1
6021,3,6,544.55,7.5,5726.72,1
6022,6,21,642.9,5.0,9007.53,1
6023,6,19,623.24,7.9,9990.75,1
6024,14,4,130.09,7.9,6442.37,0
6025,8,7,222.96,3.5,4636.41,1
6026,2,4,1728.17,4.1,5100.17,0
6027,1,11,482.18,7.7,6761.99,1
6028,4,12,337.69,5.3,6168.17,0
6029,7,14,817.82,2.5,6600.35,1
6030,11,13,471.71,5.8,7743.02,1
6031,10,10,106.63,2.4,4895.71,0
6032,3,18,766.35,3.4,7222.76,1
6033,3,16,758.79,2.6,6246.64,1
6034,5,5,190.25,2.7,3505.09,0
6035,5,8,1669.34,1.0,5036.66,0
6036,13,14,226.74,7.2,8476.59,1
6037,10,5,406.01,3.1,4331.54,0
6038,3,24,160.93,1.6,7195.77,1
6039,9,8,562.27,1.6,4525.66,0
6040,4,6,335.36,4.9,4481.21,1
6041,13,16,317.84,8.0,9537.65,1
6042,13,4,977.17,2.0,4631.53,1
6043,3,12,104.8,1.7,4527.89,1
6044,11,11,899.61,4.1,7266.76,0
6045,2,3,523.67,4.9,3961.02,1
6046,10,12,2237.88,3.1,8249.51,0
6047,13,5,545.12,3.1,4987.55,0
6048,11,6,128.49,4.0,4876.97,1
6049,9,19,125.99,3.2,7350.21,1
6050,4,18,1173.44,7.4,9473.98,0
6051,3,16,1020.1,1.3,5880.82,1
6052,7,23,312.24,2.6,8135.73,1
6053,8,11,581.21,6.7,7328.65,0
6054,11,5,436.27,6.8,6088.88,1
6055,14,9,1808.12,1.8,6780.44,0
6056,2,3,1597.48,7.8,6297.11,1
6057,7,8,2162.58,5.9,8167.39,1
6058,12,6,1106.64,2.9,5122.26,0
6059,5,4,1301.49,4.2,5136.54,0
6060,11,12,222.49,3.1,5931.57,1
6061,5,12,988.95,2.1,5925.42,0
6062,3,21,716.97,3.0,7877.52,1
6063,5,16,1745.54,5.1,8711.98,1
6064,12,10,523.45,6.8,7339.22,1
6065,2,22,144.51,3.5,7337.16,1
6066,4,14,554.9,3.4,6231.47,0
6067,6,13,680.11,4.3,6453.4,1
6068,1,9,224.44,5.5,5136.23,1
6069,10,7,350.53,6.3,6293.59,1
6070,4,12,556.28,3.3,5547.76,0
6071,6,5,334.29,5.1,4534.95,1
6072,9,18,334.96,3.7,7335.79,1
6073,14,4,171.41,6.0,5818.86,0
6074,11,2,1512.97,2.2,4878.3,0
6075,11,3,794.14,2.8,4465.25,1
6076,13,12,100.62,4.0,6431.34,1
6077,2,3,825.39,7.2,5224.08,1
6078,11,4,773.14,5.0,5606.59,1
6079,7,6,104.89,7.8,5978.86,1
6080,6,12,330.7,1.7,4424.78,0
6081,2,19,566.65,4.2,7707.25,1
6082,8,10,401.43,3.9,5894.65,1
6083,7,1,852.51,5.2,4614.43,1
6084,11,17,377.09,6.7,9098.04,1
6085,5,16,183.54,6.9,8064.52,1
6086,12,9,1973.59,5.7,8407.49,1
6087,5,21,238.56,5.5,8593.08,1
6088,7,9,732.38,7.6,7308.0,1
6089,9,23,177.25,3.7,8919.02,1
6090,11,9,299.5,6.8,7030.27,1
6091,9,12,391.72,7.5,7878.95,1
6092,9,23,206.74,4.4,8923.75,1
6093,6,9,398.88,6.1,6036.44,1
6094,10,15,185.49,3.6,6640.91,1
6095,6,2,509.36,2.1,2893.48,1
6096,3,11,644.9,5.1,6271.06,1
6097,1,11,132.23,2.4,4135.08,0
6098,7,8,1124.48,4.2,6199.49,1
6099,4,23,202.37,7.1,9551.59,1
6100,1,6,227.68,1.6,2337.62,0
6101,8,21,641.39,1.2,7628.02,1
6102,12,20,416.26,5.2,9291.48,1
6103,6,7,445.97,3.3,4622.93,0
6104,6,3,168.57,3.9,3502.7,0
6105,2,8,919.27,3.8,5060.08,1
6106,1,18,579.93,1.6,6069.61,0
6107,13,17,172.73,1.0,6689.88,1
6108,14,11,334.2,7.3,8067.56,1
6109,14,2,931.45,2.5,4544.31,0
6110,2,21,520.08,4.0,7952.6,1
6111,4,24,157.51,7.8,9929.38,1
6112,2,19,333.23,6.8,8247.07,1
6113,1,7,238.99,1.8,2940.83,0
6114,7,18,464.35,4.6,7874.4,0
6115,11,8,1026.91,6.1,7159.52,1
6116,11,14,386.59,5.9,8094.45,1
6117,12,7,384.0,6.3,6273.14,1
6118,8,21,1278.79,4.2,9605.73,1
6119,6,4,529.23,2.2,3228.13,0
6120,4,17,517.58,4.3,7487.86,0
6121,14,5,251.84,5.5,6100.69,1
6122,6,12,567.89,5.3,6721.85,1
6123,3,9,528.91,1.5,4044.12,0
6124,12,20,352.8,1.5,7708.42,1
6125,8,13,2438.63,7.8,10761.73,1
6126,10,18,1168.07,2.1,8148.53,0
6127,14,20,792.32,3.1,8742.42,0
6128,13,9,485.39,6.4,7436.96,1
6129,13,4,410.0,3.9,4846.38,0
6130,2,21,202.22,2.3,6719.92,1
6131,5,8,282.45,4.3,4849.01,0
6132,1,1,843.52,5.0,3663.1,1
6133,6,17,402.34,4.2,7290.92,1
6134,2,9,1169.68,7.4,7185.06,1
6135,4,20,180.03,3.0,6896.19,1
6136,6,13,454.99,5.6,7125.71,1
6137,10,2,620.6,1.8,3224.21,0
6138,11,13,463.71,3.7,6693.22,0
6139,8,9,1200.14,6.2,7448.96,1
6140,12,20,2381.21,2.6,10462.05,1
6141,8,6,161.56,5.1,5037.52,0
6142,11,1,169.61,2.1,2702.37,0
6143,6,5,169.82,1.7,3039.81,0
6144,4,3,671.56,4.7,4093.09,1
6145,8,4,333.15,5.7,4905.89,0
6146,13,1,760.84,1.8,3571.75,0
6147,8,14,359.99,7.4,8291.06,1
6148,10,9,593.9,2.6,5505.61,1
6149,14,24,834.53,1.8,9666.52,1
6150,1,4,497.28,2.4,2798.69,0
6151,4,18,487.73,2.2,6337.9,0
6152,4,14,146.19,1.6,4993.65,1
6153,7,4,364.48,6.6,5319.74,1
6154,14,10,494.58,4.5,6817.0,1
6155,14,3,409.93,3.7,4711.73,1
6156,11,23,1255.22,7.7,11965.45,1
6157,7,7,1285.06,3.6,5511.5,0
6158,13,10,962.75,2.2,6060.11,0
6159,11,13,335.24,2.9,5850.98,1
6160,8,4,731.68,2.7,4107.34,0
6161,11,18,351.5,4.5,8252.93,1
6162,5,11,232.37,3.0,5126.19,1
6163,7,4,309.96,4.6,4400.58,1
6164,8,24,136.8,5.7,9608.97,1
6165,9,14,301.57,6.4,7716.69,0
6166,3,18,408.78,6.0,7919.37,1
6167,3,8,1655.92,2.4,5731.98,1
6168,4,10,288.01,1.8,4118.0,0
6169,5,5,1263.71,4.8,5484.16,1
6170,10,23,229.94,2.4,8346.22,1
6171,1,7,205.96,1.6,2596.72,1
6172,7,12,465.94,4.7,6449.89,1
6173,9,3,658.15,3.3,3970.69,0
6174,8,4,122.67,6.3,4779.13,1
6175,5,10,224.91,3.2,4770.28,1
6176,14,4,404.11,7.9,6704.98,0
6177,14,15,300.99,6.3,8442.29,1
6178,4,10,723.48,1.4,4425.07,1
6179,12,21,457.86,4.6,9304.38,1
6180,7,22,187.39,4.9,8854.86,1
6181,5,16,1224.36,5.9,8668.51,1
6182,7,15,273.3,4.5,6985.52,0
6183,12,19,756.77,4.4,9018.13,1
6184,1,20,856.87,3.6,7949.47,1
6185,1,19,1750.55,2.9,8357.37,1
6186,10,18,445.08,7.6,9563.96,1
6187,14,12,578.34,3.2,6750.14,1
6188,13,16,303.89,1.4,6633.29,1
6189,3,1,666.88,2.2,2308.45,0
6190,14,16,411.24,7.0,9034.4,1
6191,11,2,387.82,5.1,4627.63,0
6192,2,24,1067.13,6.5,10366.21,1
6193,2,15,125.74,6.7,7240.52,1
6194,7,7,1168.38,6.8,7041.37,1
6195,12,1,1055.51,4.9,5237.93,0
6196,10,5,452.98,2.2,4379.36,0
6197,2,10,436.87,2.0,4373.49,0
6198,11,22,324.56,5.0,9414.92,1
6199,4,21,2672.69,3.6,10605.23,1
6200,2,4,158.92,4.9,3656.2,1
6201,6,14,546.06,4.5,6935.74,0
6202,8,13,672.35,5.2,7128.61,0
6203,10,1,1461.56,1.2,3913.18,0
6204,4,16,857.53,1.2,5716.68,1
6205,5,23,616.2,6.1,9809.89,1
6206,4,9,162.11,2.4,3719.38,0
6207,3,22,333.99,5.6,8659.69,1
6208,5,16,174.74,4.8,7012.85,1
6209,14,19,1165.21,7.9,11501.2,1
6210,9,15,792.39,6.8,9015.7,1
6211,8,14,808.45,3.9,7152.56,1
6212,8,20,628.15,5.3,9254.05,1
6213,8,10,453.67,1.8,4814.47,0
6214,12,21,181.24,3.7,8467.78,1
6215,8,12,300.01,6.1,7137.76,1
6216,7,1,173.62,5.4,3572.14,0
6217,8,21,745.33,4.4,9060.51,1
6218,11,17,187.31,2.2,6729.04,1
6219,14,9,705.52,6.6,7524.03,1
6220,8,23,689.24,2.9,8897.0,1
6221,13,19,407.45,6.7,9855.05,1
6222,14,18,172.65,5.3,8936.32,0
6223,8,7,289.02,3.6,4400.66,1
6224,12,9,292.9,1.3,4512.39,0
6225,10,22,702.63,2.6,8894.47,1
6226,7,21,160.37,7.2,9612.46,1
6227,12,12,983.25,6.7,8755.17,1
6228,1,7,815.66,5.0,5327.34,1
6229,4,14,203.09,4.3,6027.95,1
6230,13,15,734.99,5.5,8550.86,1
6231,13,15,652.08,4.3,8139.57,1
6232,4,6,789.4,5.5,5501.91,1
6233,5,21,204.7,3.2,7495.18,1
6234,10,14,185.74,6.9,7991.1,1
6235,6,2,234.91,5.9,4017.29,1
6236,4,8,327.75,3.3,4599.5,0
6237,2,13,889.13,6.8,7927.52,1
6238,6,23,769.56,4.4,9546.17,1
6239,8,6,1398.15,2.2,5235.83,1
6240,8,5,130.21,1.5,3149.53,1
6241,7,5,105.81,5.9,4920.38,0
6242,6,1,700.55,7.1,4721.4,1
6243,2,9,263.76,6.7,5728.58,1
6244,7,6,303.29,5.6,5342.22,0
6245,11,20,495.71,2.0,7683.14,1
6246,12,7,154.02,1.7,4144.38,0
6247,14,9,614.58,3.4,6377.89,1
6248,14,5,296.63,7.0,6604.87,1
6249,5,14,600.81,7.7,8441.02,1
6250,6,5,997.9,2.7,4420.33,0
6251,10,8,193.83,6.3,6402.87,1
6252,8,7,1435.91,5.0,6654.57,0
6253,14,13,478.24,1.2,6309.55,0
6254,8,13,1381.51,4.8,7789.38,1
6255,3,8,216.43,6.6,5618.62,1
6256,12,11,563.88,2.9,6115.77,1
6257,12,18,358.66,7.3,9749.45,1
6258,14,19,844.1,2.7,8586.22,1
6259,7,6,565.59,1.5,4072.31,1
6260,1,22,441.12,2.1,7240.51,1
6261,1,2,1320.84,6.9,5141.78,0
6262,7,13,336.7,3.9,5858.64,0
6263,10,23,224.22,6.6,10008.75,1
6264,9,11,568.38,4.7,6719.66,1
6265,7,1,589.12,4.4,3721.22,1
6266,10,24,389.1,6.6,10572.64,1
6267,5,2,433.36,4.0,3295.51,1
6268,8,17,1703.89,6.6,10355.54,1
6269,2,8,759.67,1.7,3869.02,1
6270,9,2,158.61,5.5,4159.44,0
6271,6,6,219.21,5.9,5295.38,0
6272,13,22,1956.11,7.3,12923.79,1
6273,9,5,748.16,2.6,4217.34,0
6274,2,16,1332.82,5.2,8369.39,1
6275,3,8,281.1,4.0,4495.51,0
6276,12,19,777.14,3.7,8916.03,1
6277,8,16,725.89,1.7,6715.55,1
6278,1,13,274.56,1.9,4575.31,1
6279,10,20,500.16,6.9,9896.06,1
6280,7,7,593.65,6.2,6214.34,1
6281,7,16,428.05,3.7,6843.56,1
6282,13,23,977.75,6.8,11371.61,1
6283,1,16,994.49,1.6,6329.94,1
6284,9,12,1050.57,5.4,7933.87,1
6285,8,14,913.35,7.1,8889.64,1
6286,4,24,434.8,6.9,10070.76,1
6287,10,18,340.18,3.6,7486.65,1
6288,11,18,990.04,6.2,9726.01,0
6289,5,16,436.87,4.0,6982.28,1
6290,2,20,241.43,6.9,8798.77,1
6291,13,16,453.97,4.7,8290.92,1
6292,9,13,176.49,6.4,7469.53,1
6293,12,9,688.23,1.6,5187.66,1
6294,12,9,304.68,5.1,6461.65,1
6295,6,13,251.0,4.9,6318.23,1
6296,3,4,1667.6,5.3,5751.18,0
6297,12,9,850.02,5.9,7316.89,1
6298,7,15,873.39,7.4,9196.93,1
6299,9,14,588.71,6.5,7783.0,1
6300,3,19,1013.71,2.5,7445.56,1
6301,2,12,811.82,6.8,7303.14,1
6302,7,21,556.61,1.9,7314.46,1
6303,7,6,1723.69,5.4,6929.44,0
6304,4,3,206.35,7.2,4688.55,1
6305,11,22,1535.69,1.7,9288.27,1
6306,9,20,356.61,6.9,9787.24,1
6307,14,16,475.81,6.6,9105.06,1
6308,8,20,165.48,4.5,8316.75,1
6309,13,24,488.38,3.2,9597.08,1
6310,13,23,572.35,3.8,9662.46,1
6311,1,17,3137.76,7.8,11485.18,1
6312,1,16,1948.3,2.4,7436.29,0
6313,5,6,1796.57,5.1,6663.61,1
6314,6,8,314.15,1.6,3982.15,0
6315,3,19,2470.29,2.5,9314.95,1
6316,13,2,403.92,6.3,5394.78,1
6317,9,14,1054.72,3.1,7352.78,1
6318,12,22,221.88,7.9,10808.87,1
6319,10,12,452.44,4.5,6680.21,1
6320,14,17,1790.88,4.6,10018.75,1
6321,6,15,1569.03,1.3,6870.19,1
6322,4,18,675.59,7.7,9158.57,1
6323,12,16,899.28,2.2,7537.45,1
6324,7,13,197.05,4.8,6713.16,1
6325,8,21,739.45,3.8,8835.7,0
6326,9,17,581.23,3.9,8006.95,1
6327,13,8,148.01,5.5,6214.08,0
6328,11,1,160.04,5.6,4272.47,0
6329,6,3,157.39,2.1,2367.63,0
6330,6,16,744.32,4.5,7732.86,0
6331,8,2,176.41,6.5,4513.28,1
6332,12,15,415.3,4.1,7405.62,1
6333,5,1,320.79,2.2,2055.26,0
6334,14,9,499.81,3.2,6019.49,0
6335,3,16,712.9,2.5,6247.79,1
6336,12,4,677.15,1.9,4345.91,0
6337,3,12,462.34,3.6,5722.04,1
6338,13,1,412.12,4.8,4378.38,1
6339,6,1,353.6,1.5,1717.36,0
6340,2,7,1089.92,5.2,5667.71,1
6341,6,18,300.87,8.0,9112.57,1
6342,13,23,250.12,7.7,11230.63,1
6343,6,23,779.95,6.8,10469.86,1
6344,8,15,322.96,2.9,6559.17,1
6345,7,13,1038.65,1.2,5930.96,1
6346,8,16,298.67,6.8,8202.55,1
6347,14,7,705.24,1.4,4789.76,0
6348,9,16,123.08,2.4,6257.26,1
6349,6,13,343.52,4.8,6521.99,1
6350,14,14,310.21,2.2,6523.7,1
6351,3,17,948.26,6.8,8932.11,1
6352,10,12,1806.46,6.4,9341.23,1
6353,3,24,408.91,6.3,9618.19,1
6354,11,24,971.02,6.7,11605.44,1
6355,12,20,701.48,2.5,8248.16,1
6356,1,13,1811.51,6.1,8394.69,1
6357,11,24,933.29,3.5,10139.43,1
6358,13,20,140.32,5.7,9320.27,1
6359,5,15,724.63,1.9,6132.78,0
6360,14,24,483.4,5.9,11031.24,1
6361,4,21,108.29,7.8,9529.24,1
6362,9,4,244.72,1.3,3072.27,1
6363,9,22,1373.96,1.7,9155.43,1
6364,14,2,1402.26,1.9,4466.23,0
6365,5,18,901.85,4.0,8008.37,1
6366,10,2,2102.61,3.0,5582.19,1
6367,4,15,921.36,6.6,8350.26,1
6368,7,19,105.13,4.3,7793.72,1
6369,6,15,269.72,4.4,6789.31,1
6370,4,20,115.55,6.0,8340.62,1
6371,13,10,149.42,3.5,5899.56,0
6372,13,24,223.49,3.5,9164.8,1
6373,10,20,450.14,6.3,9807.9,1
6374,2,11,1040.4,6.5,7129.9,1
6375,1,10,1090.13,1.1,4645.06,0
6376,4,23,578.82,2.0,7699.33,0
6377,4,5,1416.77,2.5,4414.53,1
6378,13,9,446.64,3.5,5869.37,0
6379,1,20,1199.27,3.0,7932.56,1
6380,6,19,402.63,5.7,8432.83,1
6381,4,13,262.33,6.8,6982.74,1
6382,1,18,1340.93,2.3,7339.77,1
6383,1,17,345.46,4.9,7225.41,1
6384,13,6,449.99,3.6,5457.49,0
6385,1,10,299.39,4.5,4978.46,0
6386,8,2,643.6,5.3,4475.8,1
6387,10,24,2752.29,7.3,13728.16,1
6388,8,6,112.92,2.3,3907.95,1
6389,2,21,1250.53,1.6,7869.02,0
6390,11,13,101.97,5.4,7175.93,1
6391,13,18,326.46,3.8,8073.21,1
6392,7,7,192.33,2.1,3920.73,0
6393,14,2,808.05,1.8,4307.88,1
6394,8,14,125.97,4.9,6800.32,1
6395,8,5,503.14,3.1,3914.71,1
6396,11,18,274.73,8.0,9587.64,1
6397,10,11,171.74,3.8,5894.06,0
6398,11,10,838.81,2.5,5921.92,1
6399,13,11,222.58,5.4,7212.05,1
6400,7,2,226.59,2.7,2742.58,1
6401,5,15,260.84,4.5,6643.22,1
6402,1,7,541.87,4.4,4393.24,1
6403,12,9,638.91,4.2,6452.25,1
6404,9,5,108.88,6.6,5289.25,1
6405,13,7,238.45,2.5,4693.25,1
6406,7,20,381.91,7.3,9368.34,1
6407,2,2,301.72,6.5,3965.49,0
6408,6,3,1177.82,3.3,4632.13,0
6409,2,2,874.9,2.3,3075.15,0
6410,1,21,591.6,3.0,7511.55,1
6411,14,22,306.28,3.3,9111.51,1
6412,7,23,703.11,4.9,9543.68,1
6413,13,19,1027.79,1.3,8169.26,0
6414,2,4,551.72,7.4,5257.16,1
6415,13,24,867.31,1.7,9364.2,1
6416,14,20,791.36,3.0,9080.33,1
6417,14,7,524.01,1.8,4711.55,0
6418,2,22,287.12,2.8,7727.37,1
6419,13,7,784.78,6.9,7584.13,0
6420,11,17,215.84,5.3,8095.01,1
6421,5,19,855.9,2.6,7559.29,1
6422,14,22,916.22,7.1,11385.68,1
6423,5,16,963.39,6.6,8823.74,1
6424,7,3,420.2,6.3,4904.85,0
6425,1,15,206.89,6.9,6956.06,1
6426,8,14,152.53,5.3,6906.79,0
6427,3,15,780.04,4.5,7274.55,1
6428,4,14,1186.93,3.6,6999.38,1
6429,9,7,626.11,2.6,4701.99,1
6430,4,3,177.84,4.9,3749.63,1
6431,10,17,1465.89,7.2,10601.96,1
6432,12,10,2359.59,5.2,9079.19,0
6433,5,15,384.03,7.4,7832.7,1
6434,7,6,551.72,3.5,4455.89,0
6435,4,17,850.8,5.9,8069.05,1
6436,14,17,766.64,5.5,9133.33,1
6437,1,14,1817.7,5.7,8374.66,1
6438,9,24,161.02,5.5,9762.04,1
6439,4,18,534.61,2.6,6961.06,0
6440,9,5,688.72,2.0,4053.86,0
6441,6,8,1204.09,7.9,7565.86,0
6442,1,7,1136.17,1.3,4006.52,1
6443,12,23,2008.35,4.3,11786.06,1
6444,3,4,458.8,4.0,3837.05,1
6445,11,18,988.22,3.5,8579.84,1
6446,2,5,378.68,6.5,4811.46,1
6447,9,16,374.36,6.2,8148.35,0
6448,12,14,246.08,7.3,8418.24,1
6449,1,19,952.53,3.8,7641.57,1
6450,13,14,2227.79,4.9,9761.87,1
6451,14,9,248.09,7.2,7438.23,1
6452,9,6,128.88,8.0,6273.04,1
6453,9,17,945.17,7.8,10158.64,1
6454,8,19,584.09,6.0,8879.27,1
6455,8,12,1705.69,2.0,6933.85,1
6456,11,4,245.34,1.2,2933.29,0
6457,14,16,136.84,6.8,8600.25,1
6458,12,11,439.07,6.9,7741.72,1
6459,1,22,144.67,6.2,8597.47,1
6460,11,4,251.76,3.0,4144.71,0
6461,8,17,167.32,5.5,7835.83,0
6462,10,8,226.89,3.2,4837.67,1
6463,14,14,156.11,4.2,7131.58,1
6464,3,2,1638.54,3.7,4403.29,0
6465,11,11,263.25,7.4,7185.6,1
6466,7,11,393.4,2.6,5126.78,0
6467,11,24,1244.4,5.0,11202.99,1
6468,1,22,665.55,3.5,7637.72,1
6469,1,24,581.22,5.6,9293.87,1
6470,10,6,711.35,5.0,5738.68,1
6471,13,21,982.53,7.5,11457.02,1
6472,5,21,1150.51,1.7,8018.2,0
6473,5,14,614.51,2.5,6045.69,0
6474,8,10,1203.67,6.4,7656.51,0
6475,7,8,483.29,3.6,4767.88,1
6476,8,7,262.37,2.2,3917.57,0
6477,6,8,1160.45,4.5,6126.6,0
6478,6,8,489.87,5.6,5985.78,1
6479,2,23,1282.96,1.3,7906.61,0
6480,6,2,120.5,3.0,3046.53,0
6481,5,16,353.35,6.7,8049.57,1
6482,13,9,1576.38,4.6,7676.25,1
6483,3,13,243.61,1.2,4341.81,0
6484,6,23,1519.67,3.0,9607.8,1
6485,8,12,1638.5,5.5,8379.34,0
6486,9,22,1169.14,2.4,9062.93,1
6487,1,17,514.68,6.8,8139.53,1
6488,3,2,620.56,5.7,4086.71,0
6489,3,13,1118.64,4.3,6903.16,1
6490,11,1,847.82,7.4,5871.36,0
6491,8,19,597.25,3.7,8357.88,1
6492,1,11,2115.95,2.6,6328.43,0
6493,5,5,678.67,5.6,5519.59,0
6494,3,1,1954.17,5.0,5078.35,1
6495,2,20,129.55,3.3,6738.67,1
6496,8,13,174.81,3.4,5907.89,1
6497,3,8,400.25,3.8,4577.07,0
6498,7,6,342.97,3.0,4064.16,0
6499,12,17,863.32,6.0,9502.87,1
6500,11,12,187.54,5.6,6979.41,1
6501,1,1,1966.84,4.1,4472.11,1
6502,6,3,289.22,3.8,3381.62,1
6503,3,14,380.12,3.6,6105.12,1
6504,8,8,260.62,3.0,4673.32,0
6505,6,11,532.99,1.6,4656.0,1
6506,12,14,130.21,2.9,6323.25,1
6507,2,8,181.07,3.2,3720.49,1
6508,6,3,784.81,4.8,4995.84,1
6509,7,7,203.21,6.4,5748.75,0
6510,5,19,234.28,3.8,7029.13,1
6511,3,4,887.48,7.6,5646.96,1
6512,4,16,148.97,6.8,7527.36,1
6513,4,13,387.66,7.9,7791.21,1
6514,6,20,111.67,7.1,8809.37,1
6515,10,19,312.94,5.3,8513.38,1
6516,1,5,700.29,5.2,4507.86,1
6517,11,23,147.21,1.9,8092.22,1
6518,4,5,1196.12,6.1,5807.78,0
6519,10,20,1301.2,5.2,10039.8,1
6520,13,24,155.46,4.5,9578.12,1
6521,4,4,2440.62,5.9,7109.52,0
6522,10,2,276.58,4.1,3580.41,0
6523,1,13,143.92,4.7,5618.19,1
6524,9,16,102.54,3.8,7174.93,1
6525,4,22,362.57,6.0,9069.89,1
6526,7,2,596.87,7.1,5057.71,1
6527,12,19,301.87,6.9,9633.4,1
6528,14,17,1006.14,6.5,10017.11,1
6529,3,5,730.46,1.1,3007.65,0
6530,10,18,315.52,7.4,9426.29,1
6531,12,23,762.71,2.9,9565.45,1
6532,3,21,1510.79,7.2,10594.76,1
6533,14,18,148.86,2.4,7303.71,1
6534,8,8,282.72,4.1,5012.57,1
6535,8,15,411.18,6.2,7915.52,1
6536,11,13,444.57,5.5,7613.34,1
6537,12,13,490.66,3.9,6831.34,1
6538,1,16,278.79,5.8,6900.42,1
6539,10,22,650.2,4.8,9666.97,1
6540,2,20,617.94,2.9,7480.82,1
6541,8,13,531.16,5.5,7200.66,0
6542,1,20,160.38,2.4,6458.22,1
6543,12,2,424.06,5.9,5053.66,1
6544,8,3,320.2,1.0,2629.58,1
6545,8,15,437.69,4.8,7422.78,1
6546,2,23,1374.67,3.8,9357.02,1
6547,4,19,427.47,3.1,7530.63,1
6548,6,13,107.04,4.6,6612.4,1
6549,12,5,388.87,5.5,5599.93,0
6550,11,22,959.2,7.8,11324.16,1
6551,9,6,857.2,6.8,6719.1,1
6552,8,14,460.15,6.0,7811.8,1
6553,12,4,243.69,4.4,4889.28,0
6554,8,22,412.83,3.7,8303.9,1
6555,7,19,514.72,1.2,6698.53,1
6556,14,23,4579.55,3.5,14430.41,1
6557,13,7,616.66,6.9,7051.33,1
6558,9,4,692.52,3.7,4346.17,1
6559,2,2,438.1,4.2,3136.03,1
6560,3,7,318.86,2.9,3904.59,0
6561,10,3,938.2,2.9,4202.67,1
6562,8,15,441.53,1.4,5897.9,0
6563,14,1,2719.09,5.3,7639.37,1
6564,6,2,405.43,4.1,3814.45,0
6565,10,10,135.21,5.2,6316.31,1
6566,9,16,673.76,4.8,8048.4,1
6567,10,15,123.88,6.6,8111.74,1
6568,4,24,244.18,6.3,9703.11,1
6569,8,15,318.28,6.4,7990.13,1
6570,10,14,772.54,4.5,7767.67,1
6571,3,22,440.84,3.5,7903.87,0
6572,3,14,114.53,7.5,7567.83,1
6573,8,6,579.66,1.4,3700.1,1
6574,5,14,365.04,2.1,5365.93,0
6575,3,17,1374.46,3.9,7960.87,1
6576,10,18,446.14,5.3,8473.77,1
6577,11,20,717.17,1.1,7769.61,0
6578,1,19,223.51,6.0,7618.2,1
6579,3,17,815.59,4.9,7733.68,1
6580,12,16,738.19,4.4,8351.31,1
6581,9,8,1272.13,4.0,6392.38,0
6582,5,7,117.2,4.6,4570.74,1
6583,12,20,396.65,2.1,7854.22,1
6584,10,12,668.4,1.8,5819.19,1
6585,2,9,150.0,3.0,3881.96,1
6586,7,14,364.33,6.0,7390.22,1
6587,2,20,1524.92,5.1,9334.39,1
6588,4,1,386.29,4.4,3224.31,0
6589,12,10,2213.53,5.0,8987.98,1
6590,7,17,129.26,4.9,7436.96,1
6591,4,17,732.62,3.1,7136.48,0
6592,7,17,534.96,1.7,6502.39,0
6593,7,4,447.11,7.3,5640.81,1
6594,1,17,1867.61,5.2,9068.51,1
6595,6,18,169.43,5.9,7854.09,1
6596,9,20,1231.68,4.2,9535.93,1
6597,2,23,687.6,6.3,9545.18,1
6598,14,2,249.87,5.1,4926.81,0
6599,3,8,1259.71,1.4,4392.44,0
6600,10,13,380.44,7.2,8113.76,1
6601,5,23,941.62,3.1,8657.66,1
6602,9,22,346.2,2.0,7934.89,1
6603,4,20,1051.67,1.6,7406.69,1
6604,1,22,606.17,6.0,8986.21,1
6605,4,15,176.02,5.9,7112.83,1
6606,6,20,624.43,5.9,8874.33,1
6607,5,23,206.19,7.4,9828.07,1
6608,14,9,365.45,3.4,5889.77,1
6609,13,3,193.34,4.9,4979.29,0
6610,1,3,111.13,5.3,3432.28,1
6611,4,2,219.06,7.9,4837.64,0
6612,6,1,484.34,3.2,2994.39,1
6613,13,14,428.47,7.7,9548.06,1
6614,10,17,448.07,2.0,7041.03,1
6615,10,13,242.3,6.3,7292.4,1
6616,14,19,677.85,5.4,9720.35,0
6617,4,23,709.14,6.7,10267.74,1
6618,14,15,321.56,1.2,6138.6,1
6619,9,14,1165.03,1.5,6689.89,0
6620,5,2,616.44,1.5,2428.57,0
6621,8,7,724.2,5.2,5768.67,1
6622,9,17,262.41,5.2,8194.53,1
6623,10,18,100.31,7.3,9025.13,1
6624,5,6,1102.63,4.3,5248.02,1
6625,6,21,964.18,1.5,7656.18,1
6626,1,8,165.73,2.5,3265.66,1
6627,11,2,334.29,1.1,2614.6,0
6628,12,1,641.38,6.4,5266.91,1
6629,7,16,627.94,6.7,8434.48,1
6630,4,7,1084.31,8.0,7120.58,1
6631,11,22,175.57,3.9,8399.62,1
6632,2,24,381.01,1.1,7223.23,1
6633,5,11,151.14,2.6,4867.21,1
6634,12,15,346.82,5.1,7828.04,0
6635,3,13,107.61,7.7,7272.37,1
6636,6,24,1242.73,1.7,8949.67,0
6637,8,2,474.38,1.9,3215.0,0
6638,7,14,1047.9,5.9,8404.01,1
6639,3,24,130.89,5.7,8938.8,1
6640,8,6,229.03,2.8,4167.67,0
6641,2,9,250.13,6.7,6163.25,1
6642,10,7,344.44,1.9,4186.51,0
6643,9,18,911.94,7.5,10113.43,1
6644,4,24,344.33,2.4,8128.39,1
6645,1,9,214.49,1.6,3165.73,0
6646,8,23,133.6,3.4,8114.69,1
6647,7,4,141.41,2.3,3075.33,1
6648,11,9,813.66,4.7,6532.92,1
6649,13,4,394.22,5.8,5613.89,1
6650,5,12,747.64,4.4,6647.3,1
6651,10,4,673.3,5.6,5623.63,1
6652,13,24,172.72,3.6,9450.49,1
6653,5,20,177.09,1.2,6331.17,1
6654,7,14,803.95,7.8,8726.38,1
6655,5,24,738.75,6.7,10411.34,1
6656,8,24,337.43,1.5,8307.75,1
6657,11,7,140.29,4.1,5441.68,0
6658,13,13,106.09,5.4,7549.44,1
6659,6,22,269.95,2.3,7552.18,0
6660,13,8,104.63,5.0,5789.3,1
6661,5,23,230.73,4.7,9166.04,1
6662,9,5,371.93,2.5,3950.33,0
6663,11,12,164.72,2.0,5477.26,1
6664,2,13,155.06,6.3,6427.16,1
6665,1,20,1233.79,3.3,8169.92,0
6666,8,14,540.31,2.7,6295.93,1
6667,12,18,1462.51,6.2,10311.01,0
6668,3,24,312.19,6.2,9452.46,1
6669,14,20,665.28,2.9,8859.45,1
6670,11,4,214.51,7.1,6006.0,1
6671,12,21,581.61,5.8,9769.71,1
6672,12,18,169.39,3.4,7496.61,1
6673,12,7,101.04,4.0,5043.85,0
6674,7,15,1440.69,6.1,8917.57,0
6675,10,21,504.72,2.5,8172.53,1
6676,13,6,1408.24,4.3,6602.72,0
6677,11,16,303.11,5.6,8211.14,0
6678,8,20,298.59,4.8,8492.85,1
6679,13,24,355.96,5.3,10150.3,1
6680,13,8,712.16,4.8,6553.84,0
6681,6,21,517.13,2.4,7548.32,1
6682,12,16,1397.51,3.9,9029.88,1
6683,10,22,112.89,4.7,8859.27,1
6684,14,16,715.84,6.5,9371.95,1
6685,9,3,300.48,5.6,4564.22,0
6686,7,17,199.37,4.0,7118.52,1
6687,10,9,457.08,7.8,7495.03,1
6688,5,3,451.66,1.8,2903.82,0
6689,8,20,173.68,2.4,7265.3,0
6690,2,7,212.76,3.4,3972.25,0
6691,7,18,362.26,2.6,7175.46,1
6692,4,12,362.81,5.4,6282.46,0
6693,9,19,291.04,1.3,6727.58,0
6694,12,16,180.4,2.2,6579.34,1
6695,1,22,102.19,3.1,6932.52,1
6696,7,24,1857.21,5.8,12024.97,1
6697,6,17,1536.75,7.1,9937.8,1
6698,8,20,430.49,6.6,9306.58,1
6699,5,15,2754.36,2.3,8519.67,1
6700,1,1,659.9,5.0,3299.1,1
6701,1,2,135.67,1.2,1281.84,1
6702,9,8,162.62,3.2,4889.73,1
6703,10,22,1339.13,6.6,11567.71,1
6704,6,2,597.2,4.2,3512.92,0
6705,10,19,1026.34,2.0,8342.07,1
6706,5,9,1242.71,4.1,6424.34,1
6707,1,9,397.05,2.4,3827.28,0
6708,6,13,124.87,3.8,5671.76,0
6709,6,6,204.3,4.4,4530.12,1
6710,3,15,134.45,3.4,5726.72,1
6711,13,19,204.58,7.6,10181.64,1
6712,8,21,364.27,4.9,8942.72,1
6713,14,15,162.89,6.9,8617.43,1
6714,1,18,191.2,6.3,7739.59,1
6715,1,7,395.13,5.6,4887.38,1
6716,6,11,307.89,4.5,5566.62,1
6717,10,8,415.23,1.0,4007.07,0
6718,13,6,380.33,5.3,5800.16,1
6719,1,8,617.08,3.5,4488.69,0
6720,6,2,1483.82,1.8,3906.49,0
6721,1,19,157.07,4.1,7090.04,1
6722,14,16,152.27,6.1,8524.01,1
6723,13,7,1058.0,7.7,7836.57,1
6724,6,10,453.01,3.6,5264.99,1
6725,3,12,827.08,4.8,6406.17,1
6726,14,17,221.3,7.0,9206.72,1
6727,14,7,982.64,3.3,6108.03,0
6728,8,22,1387.5,2.0,9127.85,1
6729,13,8,604.59,3.0,5561.66,0
6730,6,7,155.96,7.3,6014.55,0
6731,13,4,1228.3,2.1,5131.56,1
6732,11,3,886.28,3.3,4619.0,1
6733,13,19,794.91,4.3,9006.89,1
6734,1,15,118.71,6.9,7089.0,1
6735,5,4,902.13,7.6,6239.42,1
6736,8,9,174.22,4.0,5304.91,1
6737,3,13,225.76,7.5,7106.47,1
6738,12,18,530.35,2.1,7711.63,1
6739,6,21,253.93,2.1,7169.21,1
6740,5,16,641.39,7.6,8648.9,1
6741,6,1,568.34,4.6,3702.71,0
6742,10,4,157.23,2.3,3195.54,1
6743,1,18,633.58,4.4,7465.0,1
6744,7,8,1388.21,6.5,7594.67,1
6745,9,20,187.84,6.8,9210.01,1
6746,2,16,554.49,7.0,8051.64,1
6747,10,21,309.17,5.0,9195.9,0
6748,5,11,407.73,7.1,6820.53,1
6749,10,20,269.14,4.6,8396.35,1
6750,4,21,318.58,5.2,8438.98,1
6751,6,21,114.67,6.3,8905.73,1
6752,6,21,2096.39,4.0,10283.11,1
6753,11,19,590.15,1.5,7444.2,0
6754,2,23,447.28,3.5,7880.29,1
6755,2,19,342.02,5.4,7573.6,1
6756,4,18,487.59,2.3,6423.23,1
6757,1,19,339.1,2.0,6269.77,1
6758,9,11,323.07,3.1,5733.55,1
6759,14,3,411.76,1.2,3461.92,0
6760,14,8,261.47,6.2,6892.13,1
6761,13,20,199.26,2.8,7972.83,1
6762,7,19,506.65,1.9,6984.26,1
6763,12,10,1025.01,5.9,7960.89,1
6764,7,16,182.93,6.9,8234.52,1
6765,3,5,116.64,1.1,2289.06,0
6766,11,20,241.72,2.6,7773.79,1
6767,12,9,2049.08,7.6,9402.64,1
6768,3,8,982.34,3.7,5215.18,1
6769,1,11,553.0,7.6,6986.66,1
6770,3,16,1424.29,2.9,7714.14,0
6771,3,7,394.65,2.5,3708.65,0
6772,4,15,2145.59,2.5,7873.7,0
6773,4,24,275.7,1.6,7571.59,1
6774,3,21,237.42,7.3,9385.91,1
6775,10,20,608.12,7.9,10519.04,1
6776,12,23,337.53,7.7,11024.89,1
6777,8,17,592.24,7.0,8936.82,1
6778,8,6,281.92,6.9,5791.12,1
6779,13,15,581.06,5.6,8656.86,1
6780,13,8,261.31,6.8,6882.97,1
6781,1,7,126.16,2.5,3428.71,0
6782,7,2,1315.98,3.7,4603.7,0
6783,11,13,1173.67,5.5,8520.25,1
6784,2,23,1866.76,7.1,11352.52,1
6785,1,6,730.32,5.6,4903.5,1
6786,3,5,673.99,6.9,5626.28,1
6787,4,20,509.36,4.3,8213.52,1
6788,13,1,167.3,6.0,4571.21,1
6789,6,18,204.89,7.9,8892.56,1
6790,10,15,270.87,2.1,6109.7,1
6791,14,23,1204.35,7.5,12346.51,1
6792,5,10,194.96,4.7,5483.66,1
6793,14,3,1381.15,5.5,6548.63,0
6794,4,5,469.89,7.1,5392.18,1
6795,8,24,728.63,3.9,9815.96,1
6796,11,13,158.4,3.9,6675.61,1
6797,12,8,256.69,4.7,5559.35,1
6798,14,22,1691.26,1.1,9848.19,1
6799,4,21,254.73,4.5,8006.87,1
6800,13,2,275.86,3.0,3667.73,1
6801,10,9,210.07,7.5,7190.08,1
6802,12,17,169.1,1.6,6671.93,1
6803,13,18,232.8,4.2,8249.57,1
6804,2,13,614.07,7.6,7526.51,1
6805,3,1,403.82,7.3,4535.05,0
6806,6,12,503.44,5.9,6797.92,1
6807,8,20,165.26,5.1,8580.92,1
6808,8,20,910.04,3.0,8399.81,1
6809,11,21,866.46,3.6,9210.31,1
6810,9,5,110.91,1.6,3114.35,0
6811,7,8,341.86,6.5,6201.18,0
6812,13,15,135.62,3.3,6736.6,1
6813,2,3,885.36,5.7,4791.14,0
6814,8,6,768.31,3.5,4897.95,1
6815,7,13,1261.33,4.3,7412.77,1
6816,8,12,234.86,4.9,6410.57,1
6817,12,19,404.68,6.6,9595.4,1
6818,3,18,201.97,2.5,6404.02,0
6819,7,24,332.0,3.8,8684.51,0
6820,10,1,469.33,1.9,2861.82,0
6821,13,7,127.4,1.5,4388.94,1
6822,9,12,727.41,5.2,7317.85,1
6823,3,10,491.86,2.3,4524.13,0
6824,14,12,982.93,1.4,6493.65,1
6825,10,11,258.58,7.3,7438.79,0
6826,6,4,1268.18,4.7,5455.93,0
6827,2,19,3420.49,1.9,9939.91,1
6828,2,6,1358.5,1.4,4009.61,0
6829,5,9,852.3,1.8,4782.67,1
6830,5,20,936.64,4.3,8724.97,1
6831,13,10,526.36,5.7,7261.83,1
6832,7,5,205.46,5.5,4941.36,0
6833,12,13,665.11,2.0,6544.82,1
6834,2,9,723.71,5.4,5921.65,1
6835,11,2,2212.86,3.8,6359.05,1
6836,14,18,489.68,4.3,8884.92,1
6837,13,21,258.29,6.6,9913.51,1
6838,7,1,675.49,3.3,3811.62,0
6839,5,24,2040.65,2.0,9985.29,1
6840,14,21,197.53,7.1,10331.95,1
6841,6,12,297.26,2.5,5220.21,1
6842,8,10,490.31,3.1,5203.22,0
6843,10,2,193.29,5.9,4642.82,1
6844,13,9,111.24,5.8,6427.7,1
6845,14,2,305.48,6.6,5528.73,1
6846,12,23,1102.62,2.3,9564.04,1
6847,4,24,122.22,3.5,8097.45,1
6848,13,22,380.12,1.9,8092.13,1
6849,7,14,818.16,4.8,7517.13,1
6850,6,11,1630.75,3.0,6798.34,1
6851,10,23,2215.96,5.8,12258.15,1
6852,2,11,374.06,1.0,3826.74,0
6853,8,17,1601.72,1.4,7671.53,1
6854,10,4,118.03,4.0,4121.94,0
6855,9,13,785.05,7.7,8761.21,1
6856,5,7,614.65,7.2,6444.82,1
6857,10,16,243.52,8.0,8951.83,1
6858,4,1,453.95,3.9,3156.42,0
6859,6,13,169.37,1.3,4868.02,1
6860,8,1,1126.29,3.1,4053.4,0
6861,11,11,321.5,5.7,7309.02,1
6862,3,6,591.81,1.9,3182.03,0
6863,10,20,186.45,3.1,8111.24,1
6864,11,3,215.44,1.4,2857.4,0
6865,11,12,2511.44,4.3,9316.1,1
6866,1,5,799.36,2.5,3443.94,1
6867,4,9,1734.71,1.6,5348.36,0
6868,4,12,275.38,3.9,5635.14,1
6869,1,10,189.9,3.5,4533.8,1
6870,9,19,449.65,4.8,8576.09,1
6871,3,5,441.27,6.2,4727.47,1
6872,5,5,196.15,1.8,2703.95,0
6873,6,9,760.66,6.5,6720.25,1
6874,8,20,324.53,1.2,7073.17,1
6875,6,17,203.12,4.1,7073.94,0
6876,3,10,301.72,5.1,5222.37,1
6877,6,21,514.67,7.7,10361.79,1
6878,1,1,748.17,5.0,3750.7,0
6879,4,22,428.78,2.1,7281.59,1
6880,6,16,472.85,4.6,7306.28,1
6881,7,15,174.8,3.8,6453.53,1
6882,11,23,1330.74,4.4,10705.33,1
6883,13,17,1420.6,2.4,8615.41,1
6884,11,20,675.1,4.5,9055.53,1
6885,10,13,108.89,2.1,5699.96,0
6886,3,1,485.09,6.2,4247.45,1
6887,9,8,596.07,5.2,6108.67,1
6888,12,5,2715.72,1.5,6560.17,0
6889,12,6,2869.17,7.2,9874.56,1
6890,7,23,1074.6,5.3,9941.94,1
6891,14,20,132.98,3.2,8151.16,1
6892,1,14,1631.75,1.3,6318.78,0
6893,2,22,574.23,5.4,9079.32,1
6894,1,23,906.94,3.6,8536.74,1
6895,11,11,361.44,7.4,8154.77,1
6896,9,6,292.59,1.2,3124.28,0
6897,9,11,411.11,1.3,5060.71,1
6898,7,13,179.42,7.6,7758.56,1
6899,10,12,320.86,7.8,8001.38,1
6900,3,22,1074.62,1.2,7818.6,0
6901,13,2,119.34,6.0,4850.19,1
6902,5,21,181.78,2.6,7052.79,0
6903,4,3,166.83,5.9,4106.9,1
6904,7,23,357.98,7.1,10197.96,1
6905,14,4,3002.39,1.7,6933.41,0
6906,9,17,195.19,2.7,6680.37,1
6907,12,22,178.61,1.2,7618.22,1
6908,2,6,1332.88,1.3,3683.58,1
6909,13,7,1168.75,1.2,5002.19,1
6910,8,15,116.39,6.6,7961.78,1
6911,9,11,796.57,3.1,5961.94,1
6912,10,24,632.78,4.5,9960.28,1
6913,14,3,829.95,6.5,6077.25,1
6914,10,6,441.11,4.5,5464.32,0
6915,9,2,2476.79,4.0,6313.66,0
6916,14,14,122.42,1.1,5981.02,0
6917,10,9,233.53,5.0,6286.72,0
6918,14,18,352.54,1.9,7252.67,0
6919,7,19,398.72,6.4,8824.99,1
6920,9,12,1371.48,2.8,7118.46,1
6921,9,13,510.5,5.7,7421.35,1
6922,14,12,123.08,5.5,7356.86,0
6923,3,12,362.01,5.3,6202.33,1
6924,4,18,369.35,2.9,6362.68,0
6925,2,9,1783.27,2.9,6062.8,1
6926,10,17,557.14,7.0,9266.6,1
6927,3,21,604.82,1.1,6647.03,1
6928,11,16,724.58,2.3,7443.32,0
6929,11,17,834.92,5.3,8838.51,1
6930,5,21,604.0,6.7,9484.82,1
6931,5,24,235.38,3.5,8191.11,1
6932,6,8,1135.92,5.6,6680.71,1
6933,13,11,758.61,4.9,7431.74,1
6934,7,24,777.15,1.5,8165.15,1
6935,7,2,2935.67,5.4,7308.16,1
6936,1,8,911.08,6.7,6351.22,1
6937,14,12,983.49,7.9,9505.72,1
6938,2,21,1612.12,1.2,8166.62,0
6939,12,1,181.93,5.6,4346.85,1
6940,9,23,444.31,3.9,9384.16,1
6941,10,13,534.43,1.1,5572.69,0
6942,2,22,299.7,5.3,8604.95,1
6943,6,21,1014.43,1.9,8214.61,0
6944,11,17,818.62,3.6,8592.28,1
6945,11,14,738.06,2.8,6816.81,1
6946,1,14,3030.12,3.5,8732.89,1
6947,3,16,250.13,4.4,6690.63,1
6948,2,17,764.88,3.5,6933.73,1
6949,3,6,500.82,4.9,4531.82,1
6950,5,7,287.7,2.7,3668.26,1
6951,11,1,187.53,5.4,4265.3,0
6952,10,15,1231.12,7.0,9686.02,1
6953,6,20,552.5,2.6,7591.65,1
6954,9,21,971.3,4.6,9300.89,1
6955,12,18,494.11,5.5,8785.39,1
6956,11,13,224.22,5.0,7076.81,1
6957,10,24,305.9,3.6,9133.05,1
6958,12,2,340.26,5.5,4773.57,1
6959,12,19,1904.75,1.2,8973.04,0
6960,13,15,102.82,3.6,6973.87,1
6961,4,12,2222.56,4.7,8297.13,1
6962,7,15,2067.69,1.1,7751.34,1
6963,6,18,2879.94,4.6,10584.9,1
6964,2,14,423.69,5.6,6827.26,1
6965,10,6,1759.47,6.3,7665.27,1
6966,11,12,351.76,1.8,5281.77,0
6967,11,20,113.32,7.9,9927.92,1
6968,11,23,227.03,5.2,9703.37,1
6969,8,6,1552.91,3.5,6242.21,0
6970,7,9,106.93,2.7,4344.18,0
6971,7,4,494.82,5.0,4596.87,1
6972,14,17,139.31,7.2,9386.53,1
6973,8,2,268.71,4.6,3855.25,0
6974,12,16,146.11,5.6,7959.71,1
6975,12,24,1081.38,3.5,10054.14,1
6976,13,14,547.11,3.7,7110.0,1
6977,14,8,1261.94,3.0,6673.28,0
6978,11,14,682.94,5.9,8157.72,1
6979,1,2,1870.73,3.5,4801.81,0
6980,13,16,456.55,2.3,7079.4,1
6981,1,4,609.04,3.6,3580.18,0
6982,8,1,529.38,7.0,4810.54,0
6983,4,23,431.08,6.2,9551.27,1
6984,5,20,1035.27,3.3,8558.47,1
6985,8,14,617.15,7.3,8454.56,1
6986,5,8,908.01,1.5,4212.5,0
6987,10,3,871.74,1.3,3546.97,1
6988,4,5,206.01,1.9,2796.31,1
6989,12,6,625.14,1.8,4359.15,0
6990,6,22,211.35,1.6,7448.24,1
6991,13,8,537.72,5.6,6741.3,0
6992,12,6,665.72,5.2,6273.56,0
6993,5,6,3045.37,5.5,8405.56,1
6994,14,4,115.51,5.8,5692.14,1
6995,7,7,147.84,6.3,5412.72,1
6996,14,24,140.08,2.5,9047.38,1
6997,10,19,354.05,5.4,8709.54,1
6998,7,7,961.83,5.1,6000.04,1
6999,13,3,1029.13,7.6,6805.35,1
7000,4,8,767.76,2.6,4932.03,0
7001,12,1,1235.92,1.4,3697.81,0
7002,13,1,294.94,5.6,4770.36,0
7003,5,14,146.14,6.2,6864.07,1
7004,13,6,129.96,3.0,4519.85,1
7005,3,10,1055.72,5.0,6534.13,1
7006,4,14,755.48,1.4,5576.21,0
7007,14,4,699.68,7.7,6852.51,1
7008,4,6,307.51,1.8,3038.01,0
7009,3,16,338.94,1.5,5454.0,0
7010,13,21,1686.4,1.3,9420.03,1
7011,10,1,132.97,4.0,3208.51,0
7012,5,6,843.02,1.7,3810.52,1
7013,5,9,285.27,6.2,5966.07,1
7014,11,15,119.92,7.3,8580.62,1
7015,7,12,778.5,2.8,6195.85,0
7016,4,3,300.92,5.4,4122.41,0
7017,13,11,740.33,1.3,5832.7,1
7018,4,15,714.91,3.7,6809.97,1
7019,9,3,482.63,3.1,3853.48,1
7020,6,14,851.13,2.6,6555.02,1
7021,4,2,534.99,5.5,4356.65,0
7022,2,4,268.88,1.9,2276.98,0
7023,6,19,762.35,7.0,9478.82,1
7024,2,12,544.75,5.7,6589.51,1
7025,5,2,106.4,6.0,3767.24,1
7026,6,17,1259.58,7.5,9683.5,1
7027,4,3,494.44,7.6,5145.55,1
7028,14,10,1114.86,4.9,7716.56,0
7029,13,16,1171.67,4.5,8904.69,1
7030,3,22,394.36,3.3,7895.12,1
7031,7,9,454.29,6.0,6296.57,1
7032,2,11,368.72,4.8,5526.04,1
7033,13,21,398.41,7.5,10426.28,1
7034,11,15,1227.6,2.7,7834.61,1
7035,14,3,875.92,3.2,5000.19,0
7036,6,16,167.64,3.2,6338.8,1
7037,13,21,571.2,6.6,10506.68,1
7038,4,21,2849.19,1.7,9933.04,1
7039,6,21,552.61,4.2,8676.14,1
7040,4,12,870.59,4.0,6355.0,1
7041,4,23,832.8,1.5,7709.44,1
7042,4,5,315.64,3.9,4138.97,0
7043,9,7,332.49,4.6,5489.47,0
7044,7,9,743.82,1.5,4645.11,1
7045,3,21,446.56,4.6,8225.16,1
7046,3,18,522.65,7.7,9002.17,1
7047,6,21,723.97,7.9,10256.75,1
7048,6,8,851.58,4.7,6033.92,0
7049,4,12,258.4,4.6,6014.21,1
7050,9,20,179.38,3.0,7631.63,1
7051,4,2,272.51,8.0,4998.78,0
7052,9,10,454.17,2.9,5595.33,0
7053,4,19,309.38,4.2,7511.95,1
7054,2,9,520.08,1.0,3418.72,0
7055,2,24,127.47,3.4,8045.92,1
7056,5,8,456.42,1.5,3831.2,0
7057,4,24,329.42,6.2,9504.14,1
7058,7,24,482.5,4.9,9791.43,1
7059,14,24,374.55,5.0,10417.35,1
7060,11,1,267.2,3.0,3208.72,0
7061,5,6,1272.27,6.7,6954.45,0
7062,6,12,202.14,1.0,4341.1,1
7063,10,24,671.86,3.3,9365.64,0
7064,4,19,1392.77,5.6,9452.21,1
7065,13,17,486.82,7.4,9680.87,1
7066,12,2,1145.39,2.6,4419.71,0
7067,2,11,166.68,4.8,5555.8,1
7068,13,18,440.4,4.8,8564.82,1
7069,10,23,405.35,7.1,10686.53,1
7070,9,22,104.08,1.4,7327.12,1
7071,10,11,392.83,4.0,6206.84,0
7072,7,18,330.25,2.3,6934.37,1
7073,4,8,654.03,1.2,4090.77,0
7074,3,15,1492.98,2.0,6814.76,0
7075,10,9,144.85,7.8,7282.93,1
7076,14,15,298.36,2.5,6920.92,0
7077,3,7,393.55,7.5,5989.44,1
7078,9,20,403.65,2.4,7728.64,1
7079,5,13,845.4,7.5,8273.34,1
7080,13,13,392.95,5.6,7656.89,1
7081,3,1,113.77,1.8,1752.84,0
7082,5,20,719.12,5.1,8813.39,1
7083,2,4,1180.67,3.2,4103.12,0
7084,11,24,460.68,3.7,9435.77,1
7085,4,4,535.07,4.1,4002.42,1
7086,10,4,188.93,4.0,4171.77,0
7087,2,13,224.64,5.6,6328.84,0
7088,2,2,234.05,6.4,3862.89,0
7089,12,23,381.71,3.3,9010.3,1
7090,8,15,1416.55,7.5,10013.17,1
7091,1,4,468.85,7.6,4947.22,1
7092,14,6,206.66,1.3,3889.05,0
7093,7,3,254.68,1.1,2494.31,0
7094,5,7,342.27,4.0,4596.15,1
7095,11,6,588.1,5.1,5935.36,1
7096,8,3,389.94,2.9,3578.8,0
7097,1,4,349.16,2.8,2693.19,0
7098,11,10,515.89,5.7,7126.32,1
7099,7,21,238.43,5.2,8625.03,1
7100,5,9,141.1,2.2,4153.89,1
7101,4,6,112.36,7.2,5201.3,1
7102,7,20,244.68,5.8,8606.59,1
7103,10,11,148.03,3.5,5605.03,1
7104,2,7,304.99,5.8,5005.95,1
7105,12,18,841.26,1.8,7746.56,1
7106,1,4,729.91,4.3,3938.11,0
7107,1,5,571.99,2.2,3021.0,0
7108,11,4,1056.96,1.3,4160.89,0
7109,12,4,265.69,3.4,4202.25,0
7110,1,13,1181.65,2.1,5486.14,1
7111,12,16,354.78,5.4,8102.05,1
7112,5,14,356.16,5.7,6980.49,0
7113,10,11,359.89,2.0,5251.94,1
7114,7,2,151.62,1.2,2269.17,0
7115,2,22,1954.35,6.5,10879.68,1
7116,10,14,174.54,1.0,5202.06,0
7117,8,24,308.43,3.4,8590.38,0
7118,4,24,292.32,4.5,8913.9,1
7119,12,7,138.81,6.7,6353.27,1
7120,3,11,182.59,6.9,6226.45,1
7121,10,4,122.95,6.1,5076.81,1
7122,11,7,272.94,2.7,4538.7,0
7123,8,16,1107.41,6.0,9201.77,1
7124,2,6,307.34,2.7,3234.83,1
7125,11,6,166.02,2.5,4399.96,1
7126,11,2,618.8,4.8,4761.84,1
7127,13,24,2942.12,5.8,13619.71,1
7128,3,8,232.19,1.4,3217.2,0
7129,12,7,263.95,1.4,4189.8,0
7130,3,24,1885.05,6.5,11501.97,1
7131,10,14,198.48,7.0,7956.75,1
7132,11,9,457.92,5.2,6568.13,1
7133,1,15,236.99,4.0,6103.92,1
7134,6,22,1446.72,6.9,11222.89,1
7135,2,18,2095.56,6.1,9976.41,1
7136,1,12,942.88,5.1,6690.96,1
7137,2,23,289.01,3.2,7841.37,1
7138,12,19,358.33,2.4,7649.77,1
7139,6,13,238.74,3.9,5941.15,1
7140,14,7,1207.09,3.0,6370.11,0
7141,4,10,1329.96,3.4,5842.18,0
7142,6,10,371.39,4.6,5948.22,1
7143,12,2,634.33,2.2,3702.74,0
7144,9,14,190.49,6.6,7708.5,1
7145,13,13,385.41,2.0,6073.68,0
7146,10,22,599.16,4.4,9317.63,1
7147,12,6,343.39,6.2,6257.77,1
7148,10,9,321.27,4.4,5860.08,1
7149,8,13,100.5,3.5,5848.97,0
7150,1,9,915.57,4.3,5333.46,1
7151,13,13,1200.64,6.9,9421.18,1
7152,8,5,1844.42,7.9,8404.71,1
7153,9,14,735.18,5.4,8310.34,1
7154,6,5,497.91,6.6,5674.52,1
7155,10,9,256.87,1.1,4137.71,1
7156,5,8,3731.84,7.2,10414.47,1
7157,6,7,545.5,7.7,6468.23,1
7158,13,8,671.52,5.0,6593.28,1
7159,6,22,673.49,6.3,10057.52,1
7160,9,3,1032.98,4.6,5098.11,0
7161,4,23,104.86,3.0,7664.95,1
7162,2,24,224.39,7.0,9567.99,1
7163,11,15,647.61,5.2,8054.6,1
7164,11,8,1227.59,5.1,7028.89,1
7165,9,1,678.13,5.6,4781.09,1
7166,2,7,366.78,7.0,5678.08,1
7167,10,19,324.36,6.1,9138.81,1
7168,9,2,769.61,2.5,3795.03,0
7169,2,14,775.92,4.3,6332.92,1
7170,12,18,567.05,7.9,10166.28,1
7171,8,15,272.28,4.9,7127.25,1
7172,9,14,1396.17,7.6,9958.53,1
7173,12,24,501.35,6.7,11015.32,1
7174,10,19,881.5,5.7,9667.02,1
7175,9,19,220.6,3.4,7794.81,1
7176,10,22,310.83,3.1,8425.6,1
7177,9,17,1138.04,5.5,9311.87,1
7178,2,22,125.7,4.0,7859.76,1
7179,4,19,459.04,6.6,8865.39,1
7180,7,16,428.61,6.3,8121.44,1
7181,12,20,795.61,3.2,8613.35,1
7182,2,19,265.57,5.9,8293.04,1
7183,1,1,223.63,4.5,2602.58,0
7184,3,19,1402.74,3.3,8412.31,1
7185,12,7,523.98,3.9,5499.92,1
7186,4,23,155.29,7.3,10001.38,1
7187,8,11,207.24,3.5,5466.42,1
7188,6,5,3473.69,3.0,7508.83,1
7189,11,17,208.83,3.5,7727.1,1
7190,2,11,571.41,2.5,4562.0,1
7191,9,24,372.47,4.8,9873.5,1
7192,14,8,1184.02,2.0,6011.46,1
7193,2,10,803.59,6.7,6835.41,0
7194,13,12,554.35,2.6,6333.6,0
7195,12,10,105.4,5.2,6645.76,1
7196,5,13,1159.28,1.9,5963.18,0
7197,12,18,394.09,7.8,9950.62,1
7198,4,10,1441.03,4.2,6731.46,1
7199,13,19,442.13,6.8,9757.34,1
7200,7,20,692.45,6.4,9561.29,1
7201,8,17,135.91,6.0,7917.45,1
7202,5,20,783.54,6.8,9536.16,1
7203,10,16,306.24,1.7,6727.63,1
7204,14,5,316.44,5.7,6098.22,1
7205,14,3,163.15,2.9,4013.07,1
7206,5,15,179.41,6.5,7546.18,1
7207,2,2,202.75,7.7,4212.57,0
7208,8,13,298.9,7.3,7830.35,1
7209,14,22,1212.67,1.8,9585.65,1
7210,2,8,329.64,3.6,4183.32,0
7211,10,23,744.33,3.6,9494.9,1
7212,12,17,143.19,1.9,6546.55,1
7213,6,4,547.14,1.7,2972.5,0
7214,8,19,428.79,3.7,8229.13,1
7215,6,22,2007.4,7.9,12523.28,1
7216,4,9,1036.08,5.0,6202.63,0
7217,13,23,403.33,5.4,10085.89,1
7218,4,15,846.14,4.3,7037.75,1
7219,6,9,207.24,5.6,5815.27,1
7220,14,24,513.15,7.7,12049.47,1
7221,13,21,138.77,5.1,9176.11,1
7222,4,9,313.92,1.5,3791.45,0
7223,8,14,228.0,4.5,6758.52,1
7224,9,23,734.54,7.9,11538.47,1
7225,1,21,436.76,3.7,7606.53,1
7226,13,16,795.29,5.2,8625.66,1
7227,4,24,462.11,1.7,7933.32,1
7228,4,23,145.23,2.0,7324.64,1
7229,2,17,764.71,7.1,8482.82,1
7230,6,13,995.57,3.1,6719.78,1
7231,3,9,1269.27,3.1,5498.37,1
7232,7,15,524.31,3.7,6938.91,1
7233,13,7,800.37,7.8,7786.52,1
7234,11,1,797.25,1.6,3197.74,0
7235,11,1,184.65,6.7,4698.94,1
7236,5,5,189.7,3.4,3687.48,0
7237,4,24,136.76,6.9,9586.91,1
7238,5,9,292.77,7.9,6914.62,1
7239,8,12,420.76,3.4,5885.13,1
7240,3,6,3182.4,1.9,6361.62,0
7241,14,13,381.93,2.0,6503.45,0
7242,7,8,747.76,6.3,6591.43,1
7243,14,15,691.1,2.0,6880.19,1
7244,6,6,214.38,2.8,3745.67,1
7245,12,6,130.14,2.4,4281.72,0
7246,1,4,494.84,3.5,3379.98,1
7247,13,11,702.5,1.5,5721.18,0
7248,7,21,3274.58,7.0,13073.43,1
7249,14,18,322.06,7.0,9750.41,1
7250,13,3,1233.44,3.9,5696.64,0
7251,7,3,340.58,5.3,4179.49,1
7252,14,12,684.64,5.5,7785.0,1
7253,12,21,555.97,6.2,10372.94,1
7254,1,21,127.22,4.6,7795.48,1
7255,9,6,140.82,4.6,4665.19,0
7256,6,21,110.49,5.4,8483.07,1
7257,12,6,331.68,5.9,6318.81,1
7258,2,8,784.82,3.4,4855.88,1
7259,5,15,194.83,3.3,6067.06,0
7260,13,18,565.52,2.9,8209.61,1
7261,11,20,270.42,4.8,8751.0,1
7262,4,16,897.26,3.5,7164.86,0
7263,7,6,900.73,4.8,5526.37,1
7264,8,21,846.75,3.8,9061.1,1
7265,11,17,472.05,6.9,9327.48,1
7266,14,9,267.43,1.5,4964.75,1
7267,11,19,928.9,5.0,9512.76,0
7268,1,18,202.96,5.0,7297.28,1
7269,5,23,271.08,3.7,8403.94,1
7270,3,5,201.64,3.9,3662.01,0
7271,1,6,660.75,6.6,5447.32,1
7272,12,12,679.56,3.0,6771.43,0
7273,3,11,628.51,7.1,6920.51,1
7274,14,16,368.59,7.3,9458.15,1
7275,6,20,152.78,5.6,8119.73,1
7276,14,17,1310.51,6.4,10344.69,1
7277,7,20,454.36,5.3,9048.78,1
7278,8,9,361.26,4.7,5629.52,1
7279,13,1,544.37,7.8,5713.56,1
7280,11,3,207.09,3.0,3517.01,0
7281,4,21,171.1,2.1,6977.77,0
7282,3,23,360.04,3.0,7877.9,1
7283,5,9,228.88,5.3,5359.78,1
7284,9,22,240.05,2.3,8082.56,1
7285,13,19,1215.19,7.4,11145.08,1
7286,6,13,478.32,3.9,6115.22,1
7287,9,23,430.31,6.9,10440.51,1
7288,6,14,684.75,2.7,6596.7,0
7289,2,20,1613.59,3.2,8566.35,1
7290,13,19,159.5,1.4,6883.85,1
7291,5,23,996.48,2.8,8878.26,1
7292,12,7,538.56,4.4,5888.15,0
7293,11,4,179.01,7.6,6165.04,0
7294,9,12,276.31,3.7,6027.84,0
7295,8,23,429.24,5.5,9756.53,1
7296,7,14,687.49,4.0,6999.26,1
7297,1,2,238.94,1.3,1503.17,0
7298,4,1,482.73,4.5,3393.95,0
7299,12,18,677.07,1.5,7500.41,1
7300,7,20,397.78,7.2,9633.53,1
7301,11,8,1093.98,6.3,7592.55,1
7302,7,3,1118.03,3.7,4232.46,0
7303,6,6,418.09,5.5,4964.07,0
7304,8,22,1904.59,1.8,9580.39,1
7305,11,13,139.3,5.9,7417.58,1
7306,13,9,101.68,6.8,6821.12,0
7307,6,9,339.56,6.8,6365.74,1
7308,10,20,559.52,3.0,8092.92,1
7309,3,9,596.05,2.8,4694.21,1
7310,4,15,423.56,4.6,6696.93,1
7311,14,13,166.7,7.8,8660.73,1
7312,3,22,193.46,7.4,9595.57,1
7313,1,16,1055.77,3.5,6839.15,1
7314,10,2,1112.14,6.5,5739.95,0
7315,5,14,660.27,7.4,8130.28,1
7316,1,6,645.65,2.8,3536.19,0
7317,1,2,555.26,6.8,4357.79,1
7318,2,8,213.4,2.9,3534.75,0
7319,13,4,379.53,3.4,4787.68,0
7320,4,21,695.19,2.4,7452.07,1
7321,6,24,485.29,4.5,9147.27,1
7322,8,14,109.38,6.9,7706.89,0
7323,13,11,1634.76,4.7,8366.63,1
7324,3,24,1031.57,1.9,8642.42,1
7325,1,14,250.92,2.8,5123.13,1
7326,3,12,579.15,4.9,6235.25,1
7327,12,16,1383.53,5.1,9484.43,1
7328,3,6,150.47,5.0,4449.94,0
7329,5,20,449.61,1.5,6540.38,0
7330,11,1,404.63,6.3,4889.51,0
7331,12,12,363.99,7.4,8514.75,1
7332,12,7,1002.69,4.6,6357.86,1
7333,4,8,339.54,6.0,5624.29,1
7334,13,9,132.89,7.4,7451.57,1
7335,4,2,134.05,5.5,3688.06,0
7336,9,17,121.84,5.7,7892.71,1
7337,7,20,363.09,6.0,8988.02,1
7338,4,13,733.64,2.8,5694.97,0
7339,3,5,213.9,5.1,3991.79,1
7340,6,10,619.89,6.9,7233.05,1
7341,3,12,680.92,3.1,5688.44,1
7342,6,17,247.32,7.3,8810.76,1
7343,11,21,558.84,5.3,9783.38,1
7344,13,6,677.38,4.0,5634.56,1
7345,11,3,414.25,5.4,4828.01,0
7346,13,15,305.28,3.8,7601.78,1
7347,13,7,582.68,6.9,7192.91,1
7348,12,6,2004.89,4.4,7435.15,0
7349,9,4,378.3,7.3,5908.77,1
7350,6,19,348.57,4.6,8122.13,1
7351,12,5,412.06,5.6,5486.07,1
7352,4,3,139.64,8.0,4808.38,1
7353,5,9,502.78,2.0,4235.51,1
7354,13,6,299.27,6.2,6244.43,0
7355,6,13,164.73,2.0,4986.53,1
7356,11,22,413.92,6.9,10578.37,1
7357,3,20,101.69,5.2,7808.36,1
7358,8,4,356.9,7.6,6141.29,1
7359,4,2,155.88,7.1,4601.87,1
7360,8,4,112.3,1.5,2801.48,0
7361,10,8,969.99,2.0,5042.76,1
7362,10,13,1339.95,5.2,8504.99,1
7363,3,10,216.39,4.6,5035.37,0
7364,10,18,487.5,2.2,7119.81,0
7365,7,9,262.84,1.9,4203.78,0
7366,11,1,440.19,4.9,4262.86,0
7367,13,13,386.91,1.3,5961.29,0
7368,12,18,256.71,7.1,9499.42,1
7369,9,15,702.64,6.6,8514.1,1
7370,4,2,167.62,6.5,4060.7,0
7371,8,11,127.27,1.1,4159.14,0
7372,3,14,829.81,1.3,5516.12,0
7373,7,22,648.2,4.8,9020.81,1
7374,3,15,445.1,8.0,8191.35,1
7375,12,14,415.36,3.4,6869.82,0
7376,7,16,443.99,3.4,6989.39,0
7377,14,23,387.26,1.9,8646.34,0
7378,11,15,349.52,5.7,7936.09,1
7379,10,19,446.26,5.5,9032.01,1
7380,10,9,475.93,1.7,4857.73,0
7381,11,5,688.67,4.3,5161.8,0
7382,11,5,721.02,5.7,6074.83,1
7383,6,11,337.11,4.5,6247.62,1
7384,2,20,366.83,5.7,8183.71,1
7385,11,24,333.96,6.7,10557.73,1
7386,3,4,484.51,5.8,4560.05,0
7387,6,20,401.98,5.3,8385.87,1
7388,14,18,1201.81,7.0,10722.17,1
7389,4,3,695.96,7.3,5276.25,0
7390,6,4,1244.62,3.7,4992.38,1
7391,1,14,717.45,2.2,5213.23,0
7392,10,7,1870.09,6.7,7983.54,1
7393,12,8,604.94,2.5,5346.51,0
7394,1,24,1755.91,7.5,11684.65,1
7395,3,16,186.09,1.2,4783.3,0
7396,8,20,126.95,7.4,9692.47,1
7397,8,15,532.71,5.1,7786.53,1
7398,11,7,2151.99,6.4,8442.09,1
7399,4,17,370.3,3.8,6893.95,1
7400,6,22,219.16,7.9,9761.26,1
7401,8,22,468.59,2.6,8294.73,1
7402,7,22,623.2,2.9,8243.58,1
7403,11,12,289.3,1.4,5225.78,1
7404,7,18,727.23,7.6,9608.68,1
7405,13,24,1946.74,4.2,11963.81,1
7406,4,14,1236.33,5.7,8109.49,1
7407,9,15,272.36,5.8,7718.34,1
7408,12,15,297.8,7.1,8663.65,1
7409,10,5,332.24,5.7,5427.02,1
7410,6,16,350.89,4.9,7348.61,0
7411,14,5,152.86,6.0,5764.66,0
7412,12,2,817.66,6.3,5737.66,1
7413,11,20,327.33,2.3,7707.91,1
7414,3,9,1159.38,1.8,4561.92,0
7415,5,22,1408.24,1.5,8467.03,1
7416,5,9,112.37,3.6,4609.85,1
7417,14,4,2332.84,4.5,7518.07,0
7418,5,15,718.98,5.3,7451.56,0
7419,8,11,467.39,7.7,7618.7,1
7420,9,1,346.76,3.3,3483.98,0
7421,13,18,465.44,6.3,9354.2,1
7422,9,1,296.24,4.7,3885.65,1
7423,13,8,587.34,2.5,5288.56,0
7424,6,16,148.8,5.3,7003.1,1
7425,6,22,585.27,7.8,10403.35,1
7426,9,18,261.03,1.9,6826.73,1
7427,4,22,108.9,4.6,8108.55,0
7428,6,9,502.27,1.4,3885.86,1
7429,4,12,531.91,3.2,5245.13,0
7430,11,19,378.06,5.3,9101.61,1
7431,1,18,137.52,6.9,7882.21,1
7432,7,5,1219.07,6.1,6394.49,1
7433,14,2,572.64,4.2,4809.92,1
7434,10,7,161.49,7.4,6285.28,1
7435,11,10,457.63,3.1,5734.33,1
7436,12,15,443.84,6.3,8293.1,1
7437,6,7,131.15,4.3,4712.38,1
7438,9,5,566.79,7.3,6338.75,0
7439,7,15,925.98,6.6,8774.19,0
7440,13,20,791.17,7.3,10992.63,1
7441,7,20,213.43,2.5,7167.55,1
7442,2,15,1091.31,5.7,7743.04,1
7443,12,10,309.69,6.2,7071.91,1
7444,11,24,1564.12,6.2,12175.69,1
7445,9,14,137.23,4.5,6547.34,1
7446,10,10,432.97,1.1,4708.1,0
7447,9,17,554.56,2.8,7389.73,1
7448,6,21,242.28,3.3,7775.33,1
7449,13,14,837.85,7.0,9360.3,1
7450,3,2,592.95,6.9,4440.07,0
7451,1,16,109.14,1.7,5193.8,0
7452,4,13,568.72,7.6,7760.81,1
7453,14,9,438.12,2.3,5166.22,0
7454,14,7,209.1,3.9,5387.13,0
7455,3,16,2830.21,2.5,8758.16,1
7456,14,10,1237.3,7.0,8800.2,1
7457,12,24,273.01,6.2,10350.25,1
7458,1,22,489.43,3.5,7752.45,1
7459,3,9,290.27,5.8,5470.0,1
7460,14,22,846.93,2.3,9525.26,1
7461,14,23,1432.0,3.7,10828.71,0
7462,4,7,322.23,3.6,4288.8,1
7463,13,16,918.88,2.7,7827.94,1
7464,13,9,444.98,7.1,7741.49,1
7465,14,24,352.57,5.8,10764.24,1
7466,8,17,1493.72,3.0,8561.24,1
7467,9,20,457.09,2.7,7999.33,0
7468,3,7,415.0,1.1,3056.78,0
7469,6,11,658.03,3.4,5910.81,1
7470,10,8,251.39,4.7,5733.11,0
7471,11,7,296.37,2.9,4892.14,0
7472,5,19,1444.46,5.9,9800.01,1
7473,6,20,667.43,3.9,8066.39,1
7474,4,12,976.18,3.2,6093.44,1
7475,10,7,258.12,7.6,6684.44,1
7476,6,8,492.4,2.8,4599.35,0
7477,7,7,1877.11,3.8,6719.15,1
7478,9,6,291.88,3.7,4487.98,1
7479,10,9,187.46,2.7,4905.14,1
7480,7,13,457.58,2.5,5763.71,0
7481,6,7,345.37,3.1,4389.46,1
7482,1,8,186.93,7.0,5788.18,1
7483,2,22,1197.1,6.4,10136.21,1
7484,1,17,2440.16,5.8,9976.77,1
7485,9,17,520.34,4.2,7691.31,1
7486,10,16,845.11,4.6,8032.02,1
7487,10,22,1079.63,2.9,9325.4,1
7488,9,2,703.63,1.5,3080.47,0
7489,7,8,122.58,3.3,4548.92,1
7490,13,17,185.77,4.5,7952.08,1
7491,2,13,136.82,1.4,4495.16,1
7492,6,18,104.96,1.6,5894.47,1
7493,11,24,282.64,2.8,8908.29,1
7494,4,22,349.08,3.6,7946.5,1
7495,1,10,237.9,3.8,4759.08,0
7496,1,2,133.39,1.8,1566.75,0
7497,12,2,477.37,2.6,3587.47,0
7498,5,14,259.63,2.8,5697.86,1
7499,12,16,894.91,1.5,7058.59,1
7500,2,7,104.04,3.3,3588.72,0
7501,4,21,1024.25,1.5,7617.14,1
7502,1,21,1647.82,5.9,10446.66,1
7503,4,24,729.63,3.7,8952.23,1
7504,11,12,761.46,3.3,6699.62,1
7505,6,23,1455.75,1.9,9098.16,1
7506,10,14,217.27,2.6,6165.19,1
7507,4,4,2707.5,2.6,6068.5,0
7508,1,4,842.46,7.9,5972.54,0
7509,7,18,748.36,6.8,9199.22,1
7510,14,3,324.0,1.1,3382.67,0
7511,2,1,494.58,5.3,3451.87,0
7512,9,17,630.54,2.8,7392.32,1
7513,13,7,584.24,1.7,4956.44,1
7514,3,16,710.36,5.9,8129.23,1
7515,8,5,142.99,1.9,3377.34,0
7516,13,19,319.76,4.1,8588.79,1
7517,8,7,384.58,5.4,5766.77,0
7518,3,14,250.98,4.9,6231.62,1
7519,4,2,194.75,7.8,4634.36,1
7520,2,3,174.79,6.5,4150.1,1
7521,4,17,328.16,6.4,8187.06,1
7522,11,16,440.06,3.5,7373.85,1
7523,11,8,132.52,1.1,3926.91,1
7524,11,18,1563.65,6.1,10162.41,1
7525,14,15,824.6,8.0,10376.93,1
7526,9,7,756.25,3.8,5431.52,0
7527,2,9,194.89,7.9,5867.07,1
7528,12,6,562.92,2.0,4536.95,1
7529,12,18,477.22,3.1,7967.61,1
7530,13,18,2121.89,2.2,9559.56,1
7531,3,24,788.51,4.3,9116.49,1
7532,11,14,528.73,6.6,8549.64,1
7533,11,14,1051.28,3.4,7722.09,1
7534,4,14,184.27,7.3,7584.65,1
7535,5,4,107.67,4.8,3780.78,0
7536,1,4,685.97,4.3,3767.94,0
7537,7,15,151.74,6.5,7648.69,0
7538,14,15,161.33,1.7,6330.97,0
7539,10,18,782.62,6.4,9620.27,1
7540,7,14,257.72,2.7,5805.34,1
7541,9,1,595.28,3.0,3236.4,0
7542,4,10,1346.91,5.2,6998.06,1
7543,14,20,290.25,7.3,10675.88,1
7544,14,10,222.4,5.0,6600.84,1
7545,6,10,156.34,5.5,5795.36,0
7546,11,24,169.9,6.4,10401.79,1
7547,2,2,132.12,2.8,2278.87,0
7548,12,8,145.86,6.8,6755.68,1
7549,12,1,382.82,3.9,3898.23,0
7550,14,1,293.47,2.2,3220.06,0
7551,4,4,713.04,3.5,4203.42,0
7552,2,7,1121.04,2.7,4732.15,1
7553,10,9,868.03,2.6,5922.37,1
7554,5,16,478.19,3.0,6619.33,1
7555,7,5,154.04,2.3,3280.76,0
7556,13,2,718.54,5.7,5535.32,0
7557,1,23,325.36,5.1,8808.4,1
7558,10,11,144.77,5.5,6693.4,1
7559,10,18,1024.06,3.4,8203.85,1
7560,7,19,306.41,6.4,9042.7,1
7561,10,13,223.11,1.9,5800.53,0
7562,13,24,1125.73,5.0,11345.55,1
7563,6,11,1262.08,2.9,6100.76,1
7564,6,20,306.98,4.7,8258.38,1
7565,12,19,319.1,3.3,8196.18,1
7566,8,17,533.31,6.5,8792.48,1
7567,8,5,761.08,7.2,6437.95,0
7568,6,13,132.62,6.2,7002.26,1
7569,3,20,549.89,2.2,6899.0,1
7570,5,1,1626.89,2.9,4188.6,0
7571,2,10,251.97,7.4,6240.5,1
7572,14,8,1297.5,4.1,7048.84,1
7573,5,24,1599.55,7.6,11847.7,1
7574,14,8,256.78,3.7,5805.66,0
7575,9,19,801.62,7.7,10340.36,1
7576,10,6,236.41,7.5,6434.88,1
7577,1,12,768.96,5.6,6615.7,0
7578,10,7,898.31,1.1,4571.17,1
7579,5,16,241.98,3.8,6902.76,1
7580,12,9,729.16,7.4,8084.03,0
7581,6,21,935.93,7.2,10186.98,1
7582,14,22,322.03,2.3,8526.59,1
7583,11,10,191.78,3.8,5726.27,0
7584,7,10,148.24,6.8,6563.39,1
7585,9,10,528.28,5.0,6360.21,1
7586,6,20,2010.59,6.9,11339.71,1
7587,5,16,965.66,6.8,8803.32,1
7588,12,1,386.21,7.4,5494.65,0
7589,7,17,484.6,1.8,6234.37,0
7590,13,21,263.92,2.0,7798.21,1
7591,1,14,189.0,1.6,4476.48,0
7592,11,19,428.97,7.5,10072.05,1
7593,14,21,411.35,4.3,9442.08,1
7594,5,21,469.0,1.5,7216.55,1
7595,2,17,1626.73,3.3,7799.78,1
7596,4,14,563.04,3.5,6315.45,1
7597,7,8,565.41,6.7,6748.14,1
7598,5,21,168.5,6.1,8957.94,1
7599,12,21,2925.91,5.8,12628.8,1
7600,6,9,841.06,1.2,4664.32,0
7601,2,8,1148.61,7.4,6985.97,1
7602,3,13,367.47,2.5,5248.09,1
7603,7,17,448.71,5.4,8434.33,0
7604,11,19,469.16,1.4,7314.71,0
7605,2,7,207.89,1.6,3040.96,0
7606,12,17,684.77,1.1,7005.96,0
7607,6,1,1266.4,5.0,4685.87,0
7608,5,5,189.39,5.4,4564.5,1
7609,10,6,145.14,1.4,3417.55,0
7610,1,2,770.12,3.0,2931.0,0
7611,12,16,259.55,7.0,8838.29,1
7612,11,22,588.9,1.7,7984.05,1
7613,10,5,694.97,2.5,4342.32,0
7614,11,5,294.24,4.0,4853.25,1
7615,4,12,944.09,6.9,7794.03,1
7616,11,3,499.24,2.8,3886.72,0
7617,2,16,1116.28,8.0,9185.3,1
7618,4,6,820.47,3.5,4412.82,1
7619,1,15,1114.66,3.7,6770.23,1
7620,2,15,110.18,1.9,4957.86,1
7621,13,16,239.53,5.8,8407.7,1
7622,8,20,147.16,2.7,7240.47,0
7623,6,13,391.77,5.4,6861.06,0
7624,2,12,1203.46,2.6,5670.19,0
7625,12,10,415.12,3.7,6346.08,0
7626,6,14,1047.6,7.0,8759.98,1
7627,10,2,298.14,6.2,4509.58,1
7628,9,3,307.43,2.1,3261.67,1
7629,7,9,1229.58,5.3,6873.85,1
7630,9,11,377.4,5.4,6631.1,1
7631,5,11,879.77,1.6,5253.96,0
7632,7,22,235.02,4.3,8517.85,1
7633,11,10,1586.02,2.8,6936.25,0
7634,14,14,527.34,4.3,7534.97,1
7635,7,9,812.15,6.4,7099.69,1
7636,12,20,146.89,2.1,7720.26,1
7637,12,21,439.29,1.9,8079.75,0
7638,3,10,1256.51,2.9,5491.28,0
7639,7,22,1147.94,7.7,11212.59,1
7640,1,9,123.97,6.2,5420.57,1
7641,9,5,280.99,1.1,3174.49,0
7642,10,8,392.88,3.8,5516.86,1
7643,13,11,194.53,2.8,5829.67,1
7644,6,1,754.66,5.5,4381.37,0
7645,5,21,201.98,4.2,8211.22,1
7646,7,10,312.81,7.8,7129.77,1
7647,5,1,644.25,2.5,2527.67,0
7648,10,22,428.98,5.1,9491.17,1
7649,5,7,770.8,5.9,5846.05,1
7650,11,14,1724.77,6.8,9726.97,1
7651,10,5,161.96,3.8,4469.59,0
7652,11,17,718.19,5.8,9045.76,1
7653,7,22,230.91,3.1,7749.0,0
7654,10,21,367.62,4.0,8944.83,1
7655,7,6,116.71,7.3,5642.09,1
7656,13,16,173.04,7.6,9117.47,1
7657,11,11,292.67,6.0,7276.71,1
7658,3,10,309.26,3.6,4924.56,0
7659,3,15,1249.22,6.7,8806.03,1
7660,10,7,777.04,1.2,4086.92,0
7661,12,23,1891.05,1.7,10190.01,1
7662,13,2,556.99,5.6,5281.79,0
7663,3,12,238.35,3.0,5208.68,0
7664,6,19,298.49,7.7,9148.36,1
7665,12,12,292.71,4.1,6563.75,0
7666,6,16,297.63,4.0,6900.77,1
7667,13,6,658.84,5.7,6550.77,0
7668,13,3,478.37,6.4,5585.49,0
7669,3,2,343.41,4.3,3341.85,1
7670,3,20,180.72,2.5,6612.46,0
7671,8,5,111.19,6.4,5285.66,1
7672,8,11,223.48,3.2,5408.34,1
7673,7,3,156.85,2.2,2821.06,0
7674,10,3,869.59,5.4,5464.99,0
7675,4,22,159.67,1.6,7098.09,1
7676,4,5,744.09,7.8,6097.32,1
7677,3,22,343.6,5.4,8669.02,1
7678,5,23,138.1,7.9,10231.55,1
7679,3,11,937.6,3.4,5962.68,0
7680,13,3,533.31,7.8,6399.83,1
7681,8,13,234.44,2.0,5503.7,0
7682,7,21,1225.38,1.3,8010.56,0
7683,13,8,123.16,1.2,4366.41,0
7684,3,20,212.71,4.3,7667.61,1
7685,9,10,797.26,1.6,5206.89,0
7686,12,2,717.87,4.6,5031.39,1
7687,14,4,270.73,3.3,4447.1,0
7688,13,18,132.02,3.3,7729.26,1
7689,5,19,1076.24,5.4,9152.32,1
7690,9,4,288.22,2.1,3245.61,1
7691,7,20,208.9,6.4,8751.49,1
7692,7,9,462.9,5.1,5970.84,0
7693,6,16,1305.24,7.4,9507.07,1
7694,2,6,122.26,3.6,3302.85,0
7695,9,4,825.8,7.9,6731.86,1
7696,6,9,524.87,5.0,6091.23,1
7697,8,13,377.08,7.8,8307.31,1
7698,1,9,781.45,1.2,3665.29,0
7699,5,6,1788.12,6.1,7015.61,1
7700,12,21,230.17,6.7,9942.14,1
7701,1,19,177.54,1.4,5572.62,0
7702,10,14,1320.24,5.1,8570.82,1
7703,11,21,652.75,6.6,10319.29,1
7704,14,15,388.11,4.9,8078.11,1
7705,8,3,525.79,1.4,3140.18,0
7706,8,5,784.45,5.9,5980.68,1
7707,1,21,841.47,1.4,6972.16,1
7708,9,18,1362.2,6.7,10212.76,1
7709,2,14,378.3,1.3,4742.38,1
7710,12,16,273.65,2.0,6728.42,1
7711,9,14,610.36,2.9,6678.74,0
7712,1,9,368.69,5.4,5151.09,0
7713,12,15,551.44,7.8,9357.94,1
7714,10,7,372.35,1.8,3993.42,0
7715,14,14,183.02,2.0,6063.44,0
7716,14,6,416.9,3.6,5115.1,0
7717,9,21,687.07,6.9,10200.87,1
7718,4,15,902.93,4.3,7326.98,0
7719,9,20,439.94,3.3,7953.63,1
7720,7,8,190.3,4.9,5267.24,1
7721,11,2,367.8,2.8,3564.82,0
7722,6,8,871.58,3.8,5709.94,1
7723,5,1,366.25,3.3,2795.58,0
7724,11,17,696.24,6.6,9403.59,1
7725,9,19,453.84,7.5,9645.22,1
7726,2,5,238.02,6.3,4893.78,1
7727,14,22,895.19,4.1,10202.02,1
7728,13,20,143.99,4.5,8604.77,1
7729,11,16,472.1,1.9,6955.21,0
7730,14,7,217.16,6.2,6600.73,1
7731,12,7,134.71,5.2,5715.64,1
7732,2,18,449.52,7.3,8671.15,1
7733,11,18,446.14,2.4,7607.66,1
7734,12,2,713.62,6.3,5526.53,1
7735,9,15,782.76,5.8,8317.58,1
7736,12,14,750.59,2.9,7122.36,1
7737,3,18,363.44,5.7,7662.37,1
7738,8,9,599.41,7.5,7400.48,1
7739,11,14,530.13,7.4,8757.91,1
7740,9,5,373.71,6.0,5437.43,0
7741,8,11,554.67,1.3,4880.59,0
7742,4,8,1571.08,7.1,7557.82,1
7743,12,5,207.15,5.6,5483.95,1
7744,1,11,1281.02,3.2,5984.5,0
7745,4,5,127.47,2.3,3076.42,0
7746,14,17,284.37,1.8,6917.23,1
7747,9,22,269.94,1.4,7581.26,1
7748,2,4,592.24,6.3,4960.6,1
7749,3,15,170.34,2.7,5473.92,0
7750,10,19,1170.01,1.2,7854.92,1
7751,8,22,981.74,3.8,9279.97,1
7752,6,2,627.87,4.4,4024.39,0
7753,8,24,406.63,2.2,8474.13,0
7754,7,17,1451.2,1.3,7567.14,1
7755,14,12,988.18,2.3,6894.88,0
7756,13,24,445.89,5.8,10873.24,1
7757,13,17,705.12,1.6,7454.84,1
7758,5,10,518.43,4.9,6096.93,1
7759,9,18,543.3,2.0,7053.78,1
7760,4,19,300.97,2.4,6892.73,1
7761,6,18,410.03,3.8,7316.9,1
7762,2,13,140.67,1.7,4350.11,1
7763,2,14,321.08,2.2,5061.83,1
7764,2,24,695.08,3.4,8548.25,1
7765,10,16,1631.11,3.3,8929.82,1
7766,7,18,1749.29,6.2,10327.62,1
7767,13,18,505.65,1.5,7426.73,1
7768,2,16,566.49,7.0,7796.48,1
7769,12,17,202.73,6.7,9147.23,1
7770,13,7,694.23,6.4,6850.18,0
7771,2,12,136.64,3.2,4823.04,1
7772,9,2,267.52,6.8,4837.47,0
7773,7,10,651.86,2.3,5184.0,1
7774,11,5,285.76,1.9,3984.91,0
7775,3,21,125.57,1.3,6208.08,0
7776,3,3,991.51,7.6,5600.8,1
7777,7,19,285.77,3.2,7374.1,1
7778,5,13,132.59,7.4,7585.11,1
7779,10,12,138.87,2.9,5611.68,1
7780,14,3,245.01,7.4,5925.42,1
7781,14,6,198.02,7.3,6739.58,1
7782,6,14,844.27,7.5,8593.83,1
7783,13,4,294.07,4.5,4772.02,0
7784,12,13,916.6,7.1,8906.85,0
7785,8,19,195.49,7.7,9094.3,1
7786,9,18,439.5,3.3,7575.38,1
7787,1,3,682.44,3.9,3271.49,1
7788,3,20,627.76,6.0,9199.27,1
7789,11,6,559.56,3.1,4970.83,0
7790,7,16,1393.95,6.3,9375.3,1
7791,6,20,229.73,1.5,6757.47,0
7792,7,24,440.33,4.7,9393.71,1
7793,8,3,1177.05,1.9,3936.42,0
7794,6,12,140.55,3.1,5338.43,1
7795,3,19,128.76,2.8,6382.79,1
7796,2,19,232.83,6.9,8464.5,1
7797,12,24,601.23,2.4,9537.12,1
7798,7,4,250.47,6.7,4915.19,0
7799,12,1,205.51,6.6,4967.5,1
7800,12,2,406.99,4.5,4327.1,1
7801,12,13,575.44,2.6,6670.77,0
7802,11,13,242.88,2.6,6077.02,1
7803,1,2,278.83,4.3,3151.05,0
7804,3,19,575.39,1.1,6533.45,0
7805,12,22,1556.97,4.7,10714.9,0
7806,11,24,661.57,7.7,11679.77,1
7807,4,16,863.71,2.1,6565.84,1
7808,13,12,328.49,5.0,7388.57,1
7809,14,1,258.9,7.7,5791.15,1
7810,1,9,402.81,7.0,6103.5,1
7811,5,17,922.88,7.0,8931.26,1
7812,10,10,404.68,6.8,7287.74,0
7813,3,18,1037.76,3.2,7496.25,0
7814,2,19,2344.67,7.2,11161.59,1
7815,3,7,137.38,7.6,5675.9,1
7816,8,19,123.24,4.5,7936.71,0
7817,6,24,181.02,3.5,8596.54,1
7818,13,15,342.55,3.9,7571.13,1
7819,14,9,170.23,3.3,5525.46,1
7820,7,10,1122.67,2.5,6169.14,0
7821,12,23,111.71,5.3,9760.25,1
7822,6,20,289.75,4.9,8384.64,1
7823,6,20,202.1,4.2,7878.51,1
7824,12,4,1440.75,1.7,4754.58,0
7825,3,6,653.55,6.6,5721.9,1
7826,12,4,1315.38,2.2,5059.75,1
7827,13,5,1893.68,1.8,6026.61,0
7828,14,9,443.68,5.4,6775.36,1
7829,8,12,233.49,3.8,5896.08,1
7830,12,23,207.67,1.4,8117.78,1
7831,7,8,226.11,3.5,4688.61,0
7832,7,21,716.52,6.4,9788.0,1
7833,6,5,120.64,5.3,4543.13,1
7834,5,11,126.36,3.5,5308.88,1
7835,10,23,568.43,2.3,8754.98,1
7836,8,11,613.69,5.4,7062.54,1
7837,5,13,647.2,7.2,7847.27,1
7838,9,14,332.51,5.5,7472.95,1
7839,9,8,919.81,6.7,7230.88,1
7840,1,18,481.38,4.7,7223.8,0
7841,6,19,155.73,6.0,8406.22,1
7842,7,12,897.52,7.3,8425.31,1
7843,3,12,1629.53,6.4,8462.6,1
7844,7,18,130.96,7.4,9019.47,1
7845,11,10,348.26,4.0,6091.85,1
7846,11,7,434.24,7.3,6781.51,1
7847,7,18,179.19,5.4,8330.01,1
7848,14,12,1111.38,7.1,9127.22,1
7849,13,14,267.14,1.3,6183.27,1
7850,11,15,863.95,5.6,8683.87,1
7851,2,16,655.84,6.9,7993.19,1
7852,7,2,555.71,2.2,2783.31,0
7853,1,18,206.69,5.6,7611.22,1
7854,5,12,224.68,6.8,6832.09,1
7855,9,16,124.25,3.0,6397.15,1
7856,7,13,237.69,3.8,6061.43,1
7857,7,20,311.9,5.0,8457.5,1
7858,11,17,995.32,4.6,8905.4,1
7859,13,18,328.16,1.3,7075.12,1
7860,12,3,802.48,1.7,3803.92,0
7861,2,23,389.41,1.7,7224.0,1
7862,8,10,868.25,2.8,6035.67,0
7863,3,1,1970.54,2.7,4041.24,0
7864,8,6,237.11,6.2,5603.18,1
7865,3,3,1091.49,5.0,4515.84,0
7866,10,19,586.2,6.3,9448.22,1
7867,7,4,949.94,1.5,3819.96,0
7868,2,20,627.18,4.4,7666.04,1
7869,4,23,375.78,3.3,8465.54,1
7870,11,3,229.43,6.9,5278.63,1
7871,6,8,136.3,6.0,5261.69,1
7872,11,8,483.42,7.1,7091.17,1
7873,9,7,2419.16,1.3,6264.89,0
7874,5,2,769.79,6.0,4651.56,0
7875,13,21,298.26,4.8,9415.17,1
7876,9,6,977.82,6.8,6663.3,1
7877,5,16,832.63,4.6,7732.19,1
7878,10,10,265.39,4.8,6294.21,1
7879,8,4,107.21,1.4,2495.88,0
7880,13,13,162.87,5.7,7715.26,1
7881,13,10,1149.03,2.9,6865.21,1
7882,1,21,1005.66,1.1,7321.71,0
7883,7,14,274.93,1.5,5330.0,1
7884,4,9,267.87,7.7,6391.68,0
7885,5,11,887.19,3.4,6142.88,0
7886,6,23,1488.2,7.1,11447.57,1
7887,5,18,855.11,7.7,9872.54,1
7888,12,11,565.17,7.6,8395.89,1
7889,1,17,238.98,7.2,7880.33,1
7890,12,2,473.01,7.3,5644.15,0
7891,9,3,232.97,3.0,3454.28,0
7892,2,11,925.16,2.1,5167.92,0
7893,9,18,344.66,5.5,8231.05,1
7894,10,3,996.97,4.4,5073.14,0
7895,2,15,340.32,1.7,4917.26,1
7896,9,11,969.06,5.7,7420.98,1
7897,6,11,302.72,4.9,5964.58,1
7898,11,20,390.03,7.0,9916.09,1
7899,9,11,577.89,5.3,6945.4,1
7900,13,19,136.44,5.0,8836.92,1
7901,6,1,1580.25,4.1,4912.19,0
7902,6,5,526.2,4.2,4749.69,0
7903,13,10,454.46,7.7,8239.44,1
7904,11,10,1014.4,2.0,5866.47,1
7905,14,14,1104.07,4.1,8395.55,0
7906,2,2,469.34,5.6,3734.73,1
7907,8,4,1410.45,4.0,5504.12,0
7908,3,2,133.46,3.0,2338.18,0
7909,7,18,160.08,3.0,6715.93,1
7910,5,13,554.15,2.6,5918.79,0
7911,3,19,318.53,3.4,7281.74,1
7912,1,5,412.02,7.1,4946.49,0
7913,8,20,298.81,4.5,8438.14,1
7914,3,2,359.37,2.7,2390.76,0
7915,2,11,964.8,3.7,5797.14,1
7916,1,18,550.06,1.7,5983.69,1
7917,4,6,3065.57,7.3,8862.32,1
7918,13,23,872.95,3.9,10121.89,1
7919,8,10,259.87,7.9,7037.78,1
7920,13,22,253.5,3.4,8830.51,1
7921,3,23,304.66,6.9,10162.45,1
7922,14,17,1026.58,2.8,8188.35,1
7923,1,22,113.83,1.5,6389.44,1
7924,4,11,230.8,1.2,4100.14,0
7925,9,19,1276.51,5.2,9694.3,1
7926,13,17,610.68,3.2,7859.69,1
7927,1,24,228.64,4.1,8386.66,1
7928,12,4,223.68,6.7,5759.56,1
7929,14,24,1092.5,2.7,10129.02,0
7930,11,14,1221.02,3.2,7836.06,1
7931,2,20,247.95,6.9,8571.24,1
7932,9,4,372.8,4.4,4398.33,0
7933,2,14,999.68,6.8,8084.93,1
7934,13,4,837.03,3.6,4997.98,0
7935,3,6,940.78,3.8,4957.48,1
7936,7,9,465.32,2.2,4852.28,1
7937,3,21,1312.65,7.4,10603.71,1
7938,9,12,297.23,7.3,7624.21,1
7939,6,8,185.2,7.9,6332.35,1
7940,3,24,716.76,3.8,8551.9,1
7941,9,4,487.56,6.7,5936.11,1
7942,1,5,1064.08,3.9,4258.59,1
7943,10,6,142.32,4.2,4804.94,0
7944,3,5,1027.96,6.8,5937.9,1
7945,1,19,273.57,2.2,5956.11,1
7946,2,8,631.9,2.5,4051.59,1
7947,12,9,120.48,3.2,5106.01,0
7948,8,15,570.27,6.5,8446.05,1
7949,7,4,731.63,3.6,4467.39,0
7950,2,9,330.03,3.5,4427.65,0
7951,2,7,221.3,8.0,5725.41,1
7952,9,8,485.7,3.7,5350.02,0
7953,13,15,995.45,2.7,7901.09,0
7954,13,19,295.45,5.4,8855.43,1
7955,6,15,245.49,6.6,8057.41,1
7956,5,5,263.51,1.5,2798.91,0
7957,10,19,1589.26,5.3,10238.8,1
7958,6,7,322.58,1.3,3660.06,0
7959,9,6,101.81,4.7,4801.74,0
7960,11,19,860.9,2.8,8346.83,1
7961,7,17,700.78,3.1,7209.84,1
7962,10,10,168.81,4.3,5737.36,1
7963,10,19,2196.67,7.5,11850.47,1
7964,14,11,568.33,6.0,7535.74,1
7965,9,15,447.35,7.6,8455.85,1
7966,4,10,340.81,5.6,5883.14,1
7967,2,11,1244.7,1.0,4748.87,1
7968,12,23,239.83,2.9,8862.29,1
7969,8,3,268.27,7.3,5302.0,1
7970,4,3,165.29,5.5,3665.85,1
7971,13,18,811.73,7.9,10804.97,1
7972,9,11,552.61,2.1,5370.46,0
7973,4,20,569.61,3.1,7625.55,1
7974,8,22,223.25,3.5,8565.98,1
7975,9,18,626.58,3.3,7805.48,1
7976,13,15,825.06,2.8,7545.94,1
7977,9,7,321.5,4.1,5278.43,1
7978,10,10,908.1,5.5,7218.87,1
7979,4,21,314.46,3.2,7698.79,1
7980,1,23,809.69,1.6,7531.58,0
7981,3,20,117.16,6.0,8208.01,1
7982,9,10,500.55,4.2,6100.01,1
7983,4,13,1845.45,4.9,8091.99,1
7984,5,15,2088.14,4.2,8660.06,1
7985,7,23,265.47,7.2,10065.3,1
7986,5,18,391.16,4.9,7585.1,1
7987,4,23,132.52,7.5,9680.36,1
7988,2,4,1133.13,4.6,4618.26,0
7989,2,20,520.33,3.0,7297.18,1
7990,13,17,343.15,3.5,7777.58,0
7991,13,3,159.83,4.7,4758.11,1
7992,4,21,1566.54,4.7,9884.18,1
7993,10,21,477.74,5.8,9840.19,1
7994,13,2,266.29,2.6,3506.36,1
7995,10,4,315.56,5.6,5027.37,0
7996,13,1,257.83,6.5,4816.83,1
7997,9,15,560.41,5.7,8280.02,1
7998,8,1,1429.37,4.4,4719.83,0
7999,3,6,1071.39,7.9,6584.29,1
8000,14,7,408.45,3.8,5679.16,1
8001,9,19,975.79,1.7,7740.38,1
8002,14,12,375.05,6.8,8384.89,1
8003,5,1,245.38,2.5,2147.76,0
8004,11,7,2149.63,6.0,8350.77,1
8005,3,19,281.12,2.3,6183.21,1
8006,5,13,295.58,1.1,4892.68,0
8007,13,12,2387.46,2.1,8126.95,0
8008,10,12,171.89,3.6,6416.94,1
8009,13,22,814.67,1.7,8805.84,1
8010,4,13,1472.98,2.4,6527.15,0
8011,8,14,458.51,6.4,7864.04,1
8012,13,22,101.26,6.4,9895.54,1
8013,12,12,335.05,6.7,7965.83,0
8014,5,20,159.15,6.9,8829.33,1
8015,10,12,369.09,3.9,6370.38,1
8016,12,6,880.39,7.1,7372.01,1
8017,8,10,388.76,4.7,5775.25,0
8018,9,20,382.75,4.3,8442.32,1
8019,4,24,506.86,6.0,9785.21,1
8020,7,9,535.77,2.5,4877.16,0
8021,2,2,1070.0,6.5,4877.49,1
8022,6,7,284.34,4.0,4566.17,0
8023,8,9,962.06,1.9,5492.84,0
8024,12,12,517.28,1.8,5961.49,0
8025,7,5,278.72,2.2,3277.06,0
8026,7,1,274.87,7.2,4772.97,0
8027,8,22,324.03,7.9,10427.14,1
8028,7,15,587.35,3.5,6980.58,1
8029,5,8,231.21,3.0,4217.11,1
8030,7,1,1364.95,2.5,3745.9,0
8031,13,18,527.73,6.8,9488.02,0
8032,14,13,1362.96,2.5,7847.41,1
8033,10,1,123.76,7.5,5062.01,0
8034,3,5,309.74,5.7,4587.35,1
8035,5,18,111.54,7.3,8607.13,1
8036,7,16,258.9,4.9,7531.32,1
8037,9,10,1090.27,5.8,7261.51,1
8038,2,4,118.65,5.3,3796.17,0
8039,4,1,386.48,6.8,3990.43,1
8040,12,23,162.54,6.9,10408.9,1
8041,7,8,369.65,5.1,5640.91,1
8042,1,5,1012.71,5.4,4974.86,0
8043,13,2,587.85,7.5,6383.69,1
8044,2,24,767.34,7.5,10496.22,1
8045,9,17,314.7,5.6,8134.5,1
8046,13,7,1544.77,1.1,5642.94,0
8047,10,17,717.67,1.7,6934.71,0
8048,7,6,373.92,7.0,5809.75,0
8049,12,22,377.97,1.6,8250.88,1
8050,10,15,1354.71,2.5,7846.77,0
8051,7,5,529.49,2.6,3925.17,1
8052,6,15,712.73,5.2,7757.56,1
8053,3,18,369.81,5.0,7883.43,1
8054,10,18,226.6,3.0,7324.83,1
8055,3,21,742.88,2.5,7475.4,1
8056,2,21,568.02,6.4,9110.27,1
8057,11,23,447.92,7.5,11129.47,1
8058,6,6,589.11,1.4,3683.33,0
8059,4,2,216.78,1.9,2281.28,0
8060,5,17,889.79,5.5,8539.8,1
8061,3,21,1579.82,6.6,10567.78,1
8062,6,4,1208.68,6.5,6208.04,1
8063,11,12,293.89,6.0,7451.28,1
8064,12,19,360.44,7.2,9629.53,1
8065,3,2,926.18,2.5,2848.29,0
8066,14,2,552.08,1.8,3472.47,1
8067,14,14,496.94,5.3,8287.69,1
8068,8,15,1406.2,6.8,9371.96,1
8069,9,20,483.96,5.1,8964.62,0
8070,4,2,461.74,7.7,5252.02,1
8071,9,4,121.46,6.6,5344.34,1
8072,12,19,135.97,5.9,8684.72,1
8073,7,9,103.72,1.4,3963.81,1
8074,3,7,1322.33,1.8,4494.61,0
8075,7,13,362.45,6.5,7348.81,1
8076,14,12,416.08,2.4,6204.62,1
8077,1,3,1033.41,1.2,2603.9,0
8078,3,13,569.84,7.4,7415.95,0
8079,6,15,570.17,7.2,8446.92,1
8080,4,14,275.87,2.5,5775.75,1
8081,7,24,997.61,6.5,11097.17,1
8082,14,9,190.66,1.3,4455.99,0
8083,3,13,127.31,3.0,5154.4,1
8084,1,23,206.35,5.4,8575.86,1
8085,9,22,255.81,6.3,9591.75,1
8086,6,4,265.86,1.1,2340.16,0
8087,8,21,655.11,3.3,8608.34,0
8088,3,8,222.84,2.5,3768.33,0
8089,8,3,664.52,8.0,6031.99,1
8090,2,2,147.78,5.7,3571.31,0
8091,12,19,179.62,3.8,8451.0,1
8092,4,23,455.47,1.5,7503.57,1
8093,3,8,1374.86,5.2,6389.34,0
8094,10,17,1081.51,5.5,9215.94,0
8095,1,13,1832.92,6.7,8532.35,1
8096,13,7,625.6,3.0,5542.6,1
8097,13,9,663.22,7.9,8118.47,1
8098,7,12,590.45,4.1,6457.84,1
8099,11,14,587.51,3.1,7132.33,1
8100,10,14,179.57,3.4,6574.81,1
8101,2,15,492.35,4.6,6476.46,1
8102,4,3,343.94,7.6,4843.5,1
8103,9,15,392.18,6.1,8254.36,1
8104,6,19,470.75,5.0,8285.97,1
8105,8,24,168.71,2.1,8164.43,1
8106,2,20,322.74,2.0,6428.98,1
8107,7,14,132.78,4.5,6623.66,0
8108,6,8,2047.78,6.1,8205.95,1
8109,13,5,163.08,6.3,5844.13,1
8110,14,19,249.56,2.6,7988.28,1
8111,9,4,1209.55,1.7,4483.59,1
8112,7,14,429.58,3.7,6768.56,0
8113,1,16,172.88,7.4,7567.81,1
8114,14,20,342.44,4.8,9320.88,1
8115,8,24,161.57,3.2,8803.47,1
8116,11,6,211.71,3.3,4776.62,1
8117,10,23,126.72,1.9,7904.58,1
8118,3,6,388.33,4.3,4166.13,1
8119,14,3,921.59,6.5,6455.45,1
8120,2,15,540.91,7.8,8091.94,0
8121,12,3,566.14,4.5,4857.59,0
8122,3,11,211.94,2.2,4402.85,1
8123,11,3,310.72,5.8,4963.03,1
8124,6,10,1032.95,6.3,7527.3,1
8125,13,18,145.98,1.5,6850.33,1
8126,14,1,1075.72,7.0,6258.63,1
8127,3,16,430.52,6.8,7763.52,1
8128,10,16,1007.45,4.3,8536.04,1
8129,5,10,291.37,4.9,5470.96,1
8130,6,1,306.88,6.0,4104.1,0
8131,8,4,796.37,5.7,5601.58,1
8132,7,3,868.55,1.1,2696.88,0
8133,14,5,230.45,1.9,3845.91,0
8134,11,12,1903.58,2.1,7509.78,1
8135,8,12,144.14,6.3,7247.52,1
8136,3,13,135.48,4.1,5552.2,1
8137,4,24,552.56,4.8,9235.88,1
8138,6,12,741.4,6.4,7381.17,1
8139,11,16,1720.64,3.4,8794.04,1
8140,7,13,359.55,6.2,7235.19,1
8141,9,5,112.81,4.1,4207.79,1
8142,13,24,561.78,3.6,9765.02,1
8143,1,4,271.03,3.3,2836.9,0
8144,13,21,383.65,7.8,10702.78,1
8145,8,15,435.17,6.4,8256.55,1
8146,8,12,133.34,1.1,4465.46,1
8147,6,19,432.75,7.7,9358.11,1
8148,4,21,377.84,6.4,8998.09,1
8149,3,19,723.34,2.0,6897.9,0
8150,11,21,618.76,1.5,7888.55,1
8151,3,11,202.42,3.2,5085.02,0
8152,6,21,215.42,5.4,8732.16,1
8153,13,6,244.51,5.3,5891.7,1
8154,8,9,198.59,2.9,4803.02,0
8155,7,1,635.32,4.1,3916.92,0
8156,11,12,2695.2,2.5,8500.22,1
8157,1,14,627.93,1.4,4899.22,1
8158,11,6,566.57,4.6,5455.85,0
8159,6,1,363.76,3.4,2923.82,0
8160,7,22,287.41,4.8,9082.52,1
8161,12,2,1309.97,7.6,7273.37,1
8162,7,24,1836.91,2.0,10089.11,1
8163,9,11,443.36,1.0,4803.52,1
8164,11,3,271.39,1.5,3255.84,0
8165,11,10,835.1,4.2,6952.13,1
8166,10,6,171.04,5.9,5758.57,1
8167,5,6,825.34,5.1,5349.77,1
8168,1,20,954.49,4.5,8258.25,1
8169,2,21,166.71,3.5,7156.3,1
8170,4,2,1983.13,3.2,4749.39,0
8171,5,24,2217.23,3.6,10776.08,1
8172,9,10,1480.09,5.3,7723.09,1
8173,11,23,442.62,2.2,8576.1,1
8174,1,6,241.23,6.4,4659.73,0
8175,3,23,536.15,5.0,9418.23,1
8176,5,17,372.31,2.9,6639.02,1
8177,3,14,215.3,4.5,6340.86,1
8178,4,5,375.54,7.7,5843.5,1
8179,14,23,645.16,1.1,9010.19,0
8180,3,17,136.78,2.4,5716.58,0
8181,4,2,302.8,4.1,3123.96,1
8182,14,9,108.98,5.5,6249.75,1
8183,13,12,792.14,2.5,6386.44,1
8184,13,19,611.79,7.5,10276.6,1
8185,1,22,132.36,5.5,8230.16,1
8186,12,7,1772.47,7.1,8516.75,1
8187,8,9,111.44,3.3,5307.33,1
8188,4,21,545.75,6.8,9521.6,1
8189,7,16,848.88,3.6,7645.58,1
8190,2,20,875.34,2.8,7557.89,1
8191,2,11,117.44,7.4,6255.73,1
8192,6,12,1284.44,1.6,6046.33,0
8193,14,15,1353.28,7.6,10231.91,1
8194,2,18,512.07,4.2,7221.74,1
8195,6,19,428.97,7.9,9658.73,1
8196,11,16,122.95,4.8,7529.18,1
8197,2,15,512.72,6.3,7470.28,1
8198,4,5,363.29,1.0,2547.92,0
8199,7,11,840.98,4.5,6447.85,0
8200,8,15,358.66,6.2,7986.55,1
8201,3,18,675.34,6.5,8743.0,0
8202,14,13,153.46,2.1,6218.32,0
8203,13,4,171.33,3.9,4499.18,0
8204,9,17,175.24,3.9,6984.0,1
8205,2,4,123.3,1.7,2177.67,0
8206,8,16,489.71,4.1,7583.65,0
8207,8,23,889.86,6.6,10572.96,1
8208,13,15,571.33,3.1,7658.3,1
8209,14,14,527.78,4.0,7317.1,1
8210,4,12,670.69,7.7,7821.4,1
8211,1,3,307.49,1.2,1913.33,0
8212,13,10,324.67,5.1,6983.13,1
8213,1,8,288.64,6.2,5327.04,1
8214,2,6,722.59,6.3,5405.09,1
8215,14,22,188.15,6.0,10136.2,1
8216,12,14,106.56,6.1,7703.83,1
8217,14,17,553.41,1.4,6931.53,0
8218,9,21,1526.95,4.7,10258.58,1
8219,13,19,570.05,6.5,9984.08,1
8220,2,16,863.75,1.7,6176.66,0
8221,2,15,658.58,1.1,5195.38,0
8222,6,15,444.02,6.7,8240.27,1
8223,7,1,733.62,6.0,4638.88,0
8224,13,24,968.93,3.9,10542.95,1
8225,7,23,227.27,7.6,10386.87,1
8226,13,23,304.83,6.4,10548.6,1
8227,9,12,226.62,7.8,7837.12,1
8228,6,10,400.9,7.5,7311.99,1
8229,14,14,1181.69,4.4,8309.25,1
8230,8,10,311.72,6.3,6667.76,1
8231,11,10,334.58,5.7,6504.28,1
8232,6,20,1084.37,6.7,9757.67,1
8233,2,11,462.19,6.5,6467.88,1
8234,1,22,483.34,2.1,7053.81,1
8235,5,16,1085.93,2.6,7401.22,1
8236,14,9,437.19,2.9,5703.67,0
8237,9,15,672.16,6.7,8835.13,1
8238,8,14,144.77,6.7,7645.3,1
8239,14,19,198.39,4.5,8498.14,1
8240,13,9,359.07,5.1,6256.11,0
8241,4,4,441.44,6.8,4859.97,1
8242,5,21,1786.8,3.2,9478.01,1
8243,13,7,1864.26,1.4,6394.74,1
8244,5,22,1052.57,4.4,9196.21,0
8245,6,8,289.61,7.4,6521.41,1
8246,3,24,1762.51,6.5,11387.73,1
8247,5,8,684.53,3.6,4866.55,0
8248,2,19,349.56,1.5,6116.7,1
8249,10,15,704.79,5.5,8490.75,1
8250,1,16,108.33,6.8,7317.32,0
8251,11,22,179.0,5.7,9703.82,1
8252,1,23,985.05,4.0,8887.35,1
8253,10,9,618.63,1.9,5077.47,0
8254,7,12,326.43,7.4,7430.19,1
8255,2,16,447.24,2.9,6169.58,1
8256,4,4,1277.69,2.6,3950.47,1
8257,5,5,599.26,6.7,5643.64,1
8258,7,8,353.87,7.9,7011.37,0
8259,2,1,164.1,5.6,3487.02,0
8260,14,6,273.89,5.4,5770.48,1
8261,6,15,2016.15,3.2,8411.85,0
8262,1,4,387.56,1.1,1993.58,0
8263,7,21,419.18,2.3,7668.25,1
8264,9,11,445.17,5.1,6943.49,1
8265,5,5,1177.53,2.1,4321.35,0
8266,5,18,563.08,7.2,8911.91,1
8267,4,24,691.56,2.3,8246.2,1
8268,3,15,346.67,4.7,6623.17,0
8269,9,18,114.76,4.6,7793.3,1
8270,5,20,1436.63,5.2,9696.32,1
8271,8,13,1589.22,3.3,7375.1,1
8272,9,5,1589.47,7.1,7738.86,1
8273,5,1,1538.42,4.1,4860.33,0
8274,10,22,944.35,5.9,10560.61,1
8275,9,18,676.95,5.5,8714.94,1
8276,2,14,1030.59,1.8,5701.7,1
8277,9,5,558.83,5.4,5270.62,0
8278,11,6,172.15,4.9,5056.47,1
8279,4,24,348.15,7.3,10083.27,1
8280,6,16,1875.34,7.2,10258.52,1
8281,6,22,316.27,2.1,7544.3,1
8282,6,21,1111.83,1.6,8240.13,1
8283,2,12,148.92,3.1,4568.19,0
8284,7,20,303.37,7.9,9629.75,0
8285,13,18,316.13,1.2,6657.29,1
8286,6,2,126.49,5.7,3963.1,1
8287,11,23,163.4,5.3,9873.0,1
8288,14,21,207.32,5.5,9594.64,1
8289,1,23,1009.51,2.5,8423.83,1
8290,2,13,132.75,2.6,4917.53,1
8291,7,17,277.41,4.0,7359.43,1
8292,1,17,105.11,1.7,5335.97,0
8293,1,16,694.75,1.5,5909.22,1
8294,1,21,584.19,1.6,6769.33,0
8295,8,18,617.79,5.0,8559.26,1
8296,4,8,334.51,3.8,4861.12,0
8297,4,3,216.77,3.1,2711.52,0
8298,13,17,737.05,3.2,8107.02,1
8299,2,18,933.32,2.5,7049.14,1
8300,11,23,174.6,3.9,8896.95,1
8301,11,6,433.57,2.4,4294.81,0
8302,11,8,242.99,5.9,6564.92,1
8303,1,23,192.03,1.9,6819.01,0
8304,12,13,762.74,7.6,8987.29,1
8305,10,8,486.2,1.6,4548.76,0
8306,9,19,221.79,7.6,9582.36,1
8307,7,6,285.53,6.8,5675.73,1
8308,4,23,1800.4,5.8,10953.54,1
8309,12,15,1044.18,7.4,9616.49,1
8310,6,10,1159.91,2.0,5417.37,0
8311,14,17,408.1,2.2,7529.42,0
8312,2,1,588.83,2.8,2576.84,0
8313,7,7,336.42,2.7,4367.58,0
8314,2,13,140.45,3.2,5086.98,1
8315,10,3,356.3,5.0,4611.29,1
8316,8,19,550.68,1.2,6713.39,1
8317,8,15,269.24,3.7,6633.86,1
8318,1,5,1041.77,2.7,3872.26,0
8319,13,11,181.91,5.2,7052.39,0
8320,8,22,328.74,7.9,10117.8,1
8321,2,18,166.71,4.6,6970.14,1
8322,6,3,359.46,4.0,3352.38,1
8323,13,6,120.23,3.6,4573.69,1
8324,1,3,259.1,6.5,4301.14,1
8325,5,5,356.03,1.5,2758.71,0
8326,11,9,425.2,7.7,7569.73,1
8327,7,19,492.3,3.9,8101.13,0
8328,13,13,260.79,3.2,6490.89,1
8329,10,6,470.16,7.8,6598.89,1
8330,1,11,455.66,7.6,6832.68,1
8331,2,21,290.03,5.5,8544.1,1
8332,7,21,986.57,1.1,7931.09,1
8333,6,14,494.43,6.2,7583.95,1
8334,3,6,301.94,3.3,3645.78,0
8335,14,6,1571.94,3.7,6912.87,0
8336,10,17,1032.53,2.1,7419.86,0
8337,2,11,2125.29,4.7,7779.79,0
8338,10,15,689.21,6.2,8492.81,1
8339,4,9,337.59,2.9,4222.01,1
8340,3,21,264.85,7.6,9069.85,1
8341,7,17,644.31,2.4,7171.86,1
8342,8,24,2076.85,1.5,10080.78,1
8343,2,7,592.71,5.5,5046.86,1
8344,10,7,1166.91,6.9,7469.09,1
8345,7,21,299.57,7.7,9816.01,1
8346,8,1,361.24,6.4,4429.33,1
8347,6,8,1283.7,2.4,5264.89,0
8348,6,5,807.07,7.8,6469.37,1
8349,10,19,2092.57,7.4,11920.93,1
8350,1,8,845.3,2.1,3869.0,1
8351,4,17,397.57,4.9,7619.83,1
8352,14,19,478.65,4.9,9062.51,1
8353,1,12,1253.88,4.1,6507.06,1
8354,4,23,501.09,7.9,10373.07,0
8355,2,15,247.45,1.4,4803.72,0
8356,11,4,386.01,5.4,5379.22,1
8357,13,23,463.16,2.4,8843.38,1
8358,5,12,150.86,4.7,6104.95,1
8359,10,13,780.83,6.5,8393.38,1
8360,14,14,157.9,2.7,6484.25,0
8361,9,5,359.53,3.8,4270.75,1
8362,11,22,916.41,7.7,11524.39,1
8363,12,16,415.15,6.3,8615.68,1
8364,10,7,1022.63,5.0,6411.26,1
8365,3,15,309.19,2.6,5734.83,1
8366,8,13,1680.73,4.0,8086.13,0
8367,3,16,217.52,6.4,7478.9,1
8368,6,12,119.51,6.7,6788.67,1
8369,4,7,1129.53,2.7,4914.26,0
8370,8,16,797.57,5.6,8170.43,1
8371,11,23,231.97,1.7,8136.56,0
8372,6,23,2191.31,1.2,9428.19,1
8373,8,13,448.86,4.8,6795.37,1
8374,1,23,1608.64,2.6,9012.41,1
8375,6,3,451.63,1.6,2598.08,0
8376,1,15,419.21,6.1,7295.61,0
8377,1,3,398.14,4.5,3472.35,0
8378,8,7,303.89,6.6,5928.31,1
8379,7,18,481.46,5.6,8425.39,1
8380,3,14,401.25,6.1,6924.84,1
8381,6,18,118.72,3.2,6851.6,1
8382,9,19,250.85,2.8,7645.55,0
8383,7,14,219.84,5.2,6767.3,1
8384,12,20,1110.34,2.4,8880.93,1
8385,3,6,556.73,6.7,5595.15,1
8386,14,8,821.29,4.7,6575.24,0
8387,14,7,1671.26,2.6,6449.27,0
8388,13,20,616.47,5.4,9447.79,1
8389,6,18,2125.93,7.6,11282.11,0
8390,11,18,286.81,1.6,6818.82,0
8391,4,15,203.06,1.8,5159.27,1
8392,14,20,358.18,6.9,10527.56,1
8393,13,22,418.19,1.8,8086.75,1
8394,3,19,1228.62,1.3,7351.13,1
8395,9,22,510.42,3.4,8415.38,1
8396,10,21,272.78,4.3,8619.35,1
8397,2,21,778.63,5.0,8413.32,1
8398,1,2,452.44,4.6,3087.92,0
8399,14,8,188.45,7.4,7151.53,0
8400,2,21,529.98,6.4,8890.82,1
8401,7,11,1311.78,7.9,8750.65,1
8402,10,18,1024.55,4.3,9011.96,1
8403,1,23,541.92,1.6,7218.97,1
8404,6,13,336.67,7.7,7882.44,1
8405,14,9,145.5,1.0,4801.7,1
8406,7,9,417.11,6.4,6380.53,1
8407,9,17,797.32,1.2,6970.91,0
8408,14,7,323.36,6.3,7044.69,1
8409,8,9,234.23,7.6,7167.71,1
8410,6,22,1439.58,3.7,9868.07,1
8411,3,1,961.74,2.7,3082.34,0
8412,8,2,608.44,2.6,3525.58,1
8413,7,4,173.54,4.4,3974.59,0
8414,3,14,178.27,2.2,5050.02,0
8415,9,4,154.47,5.7,4805.44,0
8416,12,2,578.94,3.6,4145.54,1
8417,2,8,161.4,3.3,3923.46,1
8418,3,18,1024.57,4.2,7913.83,1
8419,2,19,2578.43,4.8,10252.6,1
8420,13,14,328.13,2.0,6143.72,1
8421,1,20,402.27,6.0,8202.16,1
8422,4,10,721.82,7.2,7274.81,0
8423,5,17,1483.53,2.9,7985.13,1
8424,13,8,1222.6,2.3,6245.56,1
8425,6,14,129.66,6.3,7130.35,1
8426,5,21,192.61,2.3,7072.04,1
8427,1,23,802.43,1.3,7445.11,1
8428,3,8,683.81,5.3,5551.98,1
8429,1,5,171.48,2.7,2571.86,1
8430,11,16,448.64,2.2,6934.6,0
8431,5,8,858.92,7.9,7024.91,1
8432,5,10,223.45,3.0,4735.95,0
8433,12,8,1125.09,7.3,7766.38,1
8434,11,9,127.21,2.2,4636.76,0
8435,13,18,862.08,6.7,10105.33,1
8436,6,3,578.32,4.5,4279.54,1
8437,8,17,289.31,1.6,6069.44,1
8438,10,20,738.15,6.1,9712.96,1
8439,12,15,862.47,7.2,9749.64,1
8440,1,21,1458.29,2.1,8378.23,0
8441,4,17,329.25,6.1,7937.92,1
8442,10,8,679.21,4.1,6058.91,1
8443,11,2,561.43,6.3,5259.17,0
8444,1,17,472.44,6.0,7733.8,1
8445,9,18,1205.53,1.2,7650.89,1
8446,11,5,101.59,2.3,3563.63,0
8447,7,9,265.72,4.3,5372.08,1
8448,7,9,486.4,7.5,7020.19,1
8449,12,2,198.19,3.4,3760.53,0
8450,5,2,1292.26,5.4,5001.4,0
8451,7,19,621.49,1.1,6605.62,1
8452,12,23,424.93,6.0,10392.56,1
8453,2,3,942.89,5.2,4595.73,0
8454,14,17,399.72,6.0,9237.78,1
8455,13,14,508.96,7.3,8704.0,0
8456,4,14,101.38,2.0,5040.49,0
8457,14,14,327.62,2.8,6950.43,0
8458,14,6,174.71,8.0,6996.92,1
8459,7,3,685.09,2.1,3484.1,0
8460,3,1,426.03,6.0,3629.63,1
8461,2,16,279.59,6.1,7137.75,1
8462,10,4,415.4,5.8,5388.31,1
8463,2,1,217.63,2.6,1865.35,0
8464,13,17,1395.71,2.5,8788.47,1
8465,1,18,127.74,5.7,7368.28,0
8466,5,8,1102.79,2.3,4825.72,1
8467,12,2,458.06,5.6,4881.73,1
8468,6,18,582.41,4.4,7638.84,1
8469,6,16,280.2,3.7,6827.25,1
8470,9,10,1801.06,3.1,7119.5,1
8471,4,8,265.54,7.6,6370.96,0
8472,1,12,544.43,4.6,5862.48,1
8473,6,22,2611.61,4.9,11589.05,1
8474,5,16,1164.71,7.6,9560.12,1
8475,10,12,484.29,5.6,7276.18,1
8476,6,11,2421.67,7.7,9793.39,1
8477,3,20,704.27,1.7,6990.17,0
8478,2,19,217.04,6.9,8493.62,1
8479,6,1,360.1,3.3,2767.4,1
8480,13,3,303.6,6.7,5816.07,0
8481,1,12,310.81,7.0,6647.73,1
8482,7,9,814.51,2.9,5314.99,1
8483,7,21,538.85,3.9,8501.92,1
8484,10,22,119.42,6.1,9756.71,1
8485,13,5,1149.61,1.7,5126.9,0
8486,7,1,276.05,6.3,4310.01,1
8487,12,10,3017.21,1.8,8452.54,0
8488,11,17,1641.63,7.4,10876.98,1
8489,10,4,1511.15,2.9,5246.13,0
8490,1,15,933.34,5.0,7319.88,1
8491,4,19,224.62,1.8,6251.26,1
8492,13,8,480.32,2.9,5281.31,1
8493,7,23,227.0,3.8,8521.5,1
8494,11,15,250.33,4.4,7108.29,0
8495,9,7,572.03,1.0,3780.87,0
8496,5,15,120.85,7.2,8048.65,1
8497,13,8,1844.34,1.1,6416.27,1
8498,2,23,1354.64,6.4,10466.65,1
8499,7,10,339.64,4.3,5758.21,0
8500,10,18,462.24,4.7,8212.33,1
8501,1,4,413.79,2.5,2821.82,0
8502,7,15,1169.38,5.3,8395.65,1
8503,6,11,683.34,4.8,6326.55,1
8504,7,22,262.94,2.1,7574.38,1
8505,14,3,396.06,2.7,4046.44,1
8506,13,15,380.15,1.5,6554.43,0
8507,10,3,1701.2,1.5,4638.02,0
8508,3,15,196.37,1.1,4602.32,1
8509,3,6,146.92,2.5,3113.47,0
8510,7,1,1162.72,5.8,4958.84,1
8511,13,14,1234.99,3.2,7766.37,0
8512,2,16,1126.84,3.4,7007.65,1
8513,1,1,457.67,1.9,1460.93,0
8514,9,21,639.03,5.0,9219.95,1
8515,9,17,514.33,3.4,7504.36,1
8516,7,8,135.99,5.7,5651.64,1
8517,7,18,552.97,6.2,8864.67,1
8518,3,16,106.85,5.1,6923.61,1
8519,10,6,296.51,2.9,4553.58,1
8520,2,10,1446.28,4.6,6373.97,1
8521,11,10,281.24,2.8,5194.57,0
8522,7,5,1505.26,7.3,7196.88,1
8523,9,12,243.93,6.4,7318.82,1
8524,1,20,288.85,4.5,7344.29,0
8525,13,17,594.98,7.8,10054.86,1
8526,14,14,816.96,4.8,8606.01,1
8527,4,14,447.96,3.3,5802.01,1
8528,6,3,1169.03,1.7,3624.44,0
8529,7,12,120.54,4.8,6303.25,1
8530,10,20,1376.77,7.0,10982.77,1
8531,7,18,209.27,7.1,8833.22,1
8532,10,12,1178.11,5.2,8104.64,1
8533,2,2,356.13,3.8,2811.44,1
8534,14,2,994.15,5.6,5712.24,0
8535,4,17,656.86,6.3,8353.85,1
8536,5,10,196.76,3.9,4918.52,0
8537,14,18,1350.81,4.3,9668.61,1
8538,12,22,240.86,5.8,9889.27,1
8539,1,19,239.95,7.1,8396.57,1
8540,1,21,941.49,6.5,9591.14,1
8541,10,1,155.95,1.2,2192.48,0
8542,3,24,225.54,1.9,7355.47,1
8543,10,4,450.26,7.0,5727.06,0
8544,3,4,987.38,6.8,5715.57,0
8545,12,2,179.78,3.7,3866.51,0
8546,8,19,496.67,5.1,8567.66,1
8547,9,21,721.08,7.3,10549.53,1
8548,14,12,1085.19,7.4,9198.0,1
8549,11,10,1471.05,6.5,8135.18,1
8550,12,13,867.72,2.5,6997.89,0
8551,1,22,628.97,6.1,9222.49,1
8552,14,23,384.25,1.7,8646.51,1
8553,11,20,159.45,7.3,9642.45,0
8554,2,23,718.48,2.0,7739.97,1
8555,10,15,2562.5,5.6,10301.95,1
8556,2,3,767.35,5.3,4300.26,1
8557,4,23,108.43,6.4,8966.96,1
8558,2,20,442.85,4.9,7974.88,1
8559,7,13,576.8,1.4,5313.98,1
8560,13,8,685.07,5.9,7033.36,1
8561,9,7,735.99,3.7,5199.25,0
8562,7,24,508.35,3.2,9135.14,1
8563,12,8,226.39,7.9,7339.51,1
8564,6,18,1525.39,5.1,9256.95,1
8565,10,9,696.46,6.0,6947.6,0
8566,1,6,235.14,4.7,4251.01,0
8567,11,4,294.54,6.4,5406.4,0
8568,10,15,1375.06,6.3,9252.26,1
8569,9,5,1192.34,5.6,6107.55,1
8570,5,5,359.72,8.0,5772.36,0
8571,11,7,119.53,4.2,5336.04,1
8572,5,9,124.86,5.9,5590.35,1
8573,6,7,266.98,6.6,5690.82,1
8574,9,9,595.94,3.6,5709.89,1
8575,13,20,538.77,4.2,9091.95,1
8576,8,10,602.33,7.8,7831.09,1
8577,8,4,731.65,1.2,3512.9,0
8578,14,6,109.61,3.3,4866.8,0
8579,8,24,155.51,4.4,9093.72,1
8580,1,14,322.74,1.0,4605.88,0
8581,1,9,184.13,7.3,5755.12,1
8582,8,1,139.15,3.0,2600.97,0
8583,5,17,612.17,2.8,6785.18,1
8584,9,13,944.61,6.7,8671.82,1
8585,2,24,798.43,2.9,8398.22,1
8586,9,7,949.24,5.6,6400.55,1
8587,12,9,648.09,6.8,7531.54,1
8588,14,11,764.66,6.5,8285.4,0
8589,8,3,258.58,6.5,4876.52,1
8590,9,12,2581.5,1.6,7977.06,1
8591,4,21,201.16,1.6,6601.94,1
8592,1,3,220.71,3.1,2709.59,0
8593,1,15,270.49,1.3,4793.43,1
8594,5,21,1951.13,4.5,10370.19,1
8595,2,10,2323.6,3.8,7103.28,1
8596,14,1,892.11,4.9,5182.93,1
8597,8,14,595.85,3.1,6281.6,0
8598,10,20,467.05,4.4,8941.15,1
8599,11,6,1863.73,3.3,6905.01,0
8600,5,2,694.74,2.4,2955.38,0
8601,5,23,1547.76,5.5,10758.73,1
8602,2,8,290.3,5.7,5176.67,1
8603,7,1,303.06,6.8,4321.95,1
8604,13,4,1064.56,7.1,7230.06,1
8605,8,4,181.17,5.9,4805.28,0
8606,10,5,1558.72,5.8,6628.83,1
8607,13,20,454.1,1.4,7626.07,1
8608,1,9,1404.65,1.8,4642.23,0
8609,2,23,305.33,6.7,9384.31,1
8610,10,13,729.32,2.6,6526.41,0
8611,4,18,429.74,3.5,7243.64,1
8612,5,17,592.83,2.0,6743.55,1
8613,13,1,450.97,2.4,3702.6,0
8614,2,22,1807.38,6.4,10647.62,1
8615,1,15,689.0,2.8,6064.55,1
8616,9,2,244.72,4.1,3857.65,1
8617,14,16,1302.18,2.1,8091.86,1
8618,1,20,274.09,5.7,8077.46,1
8619,13,22,332.29,6.1,10262.7,1
8620,4,5,153.86,3.5,3431.2,0
8621,2,22,1251.13,6.5,10355.59,1
8622,11,19,268.51,2.7,7633.19,1
8623,4,5,249.82,5.8,4633.53,0
8624,8,2,1364.51,6.1,5663.26,1
8625,8,7,918.73,7.8,7486.45,0
8626,11,3,176.04,2.6,3474.31,0
8627,12,17,833.37,1.7,7446.98,0
8628,9,24,1321.11,2.8,9816.98,1
8629,13,24,140.88,1.9,8700.14,1
8630,11,3,972.1,2.2,4050.84,0
8631,12,13,496.4,3.3,6456.92,1
8632,5,7,653.12,3.9,4781.5,0
8633,7,24,439.48,7.3,10716.16,1
8634,3,3,698.34,2.4,3064.95,1
8635,10,15,117.35,7.8,8622.93,1
8636,4,18,819.23,6.7,8939.24,1
8637,10,10,116.96,7.2,7090.77,1
8638,9,23,403.76,7.5,11121.31,1
8639,10,7,181.83,6.3,6028.37,1
8640,10,9,967.43,6.5,7482.21,1
8641,14,5,288.19,4.1,5089.25,0
8642,12,20,402.65,4.6,8949.99,1
8643,1,8,379.96,7.5,5973.68,1
8644,2,14,840.31,3.6,6253.15,1
8645,5,4,428.06,1.3,2815.65,0
8646,3,20,877.85,6.3,9310.63,1
8647,2,14,138.18,5.0,6042.89,1
8648,1,12,206.35,6.7,6537.44,0
8649,10,2,500.96,1.5,2703.74,0
8650,3,13,1569.57,5.3,8223.25,1
8651,1,1,138.85,2.7,2049.67,0
8652,12,20,122.02,7.3,10140.49,1
8653,1,7,185.13,1.8,2813.89,0
8654,12,9,612.43,6.9,7566.68,1
8655,1,17,354.57,1.6,5431.16,1
8656,8,21,973.07,1.2,7971.34,1
8657,3,23,137.33,2.6,7467.98,1
8658,11,13,209.34,3.3,6251.25,0
8659,1,23,278.36,5.4,8556.96,1
8660,7,10,592.73,1.9,4928.58,0
8661,10,16,677.87,4.1,8281.46,1
8662,3,6,166.31,2.4,3348.83,1
8663,8,16,1539.46,7.0,9964.41,1
8664,4,11,308.55,1.3,4164.73,0
8665,4,20,724.43,3.5,8013.97,1
8666,5,3,471.39,5.4,4262.55,1
8667,6,9,226.0,7.4,6533.22,1
8668,7,15,1036.14,7.1,8724.82,1
8669,14,13,952.53,7.3,9356.52,1
8670,14,10,352.15,1.4,5268.01,1
8671,4,20,544.1,6.9,9150.26,1
8672,8,24,249.09,6.5,10233.34,1
8673,13,13,685.35,7.3,8943.75,1
8674,6,17,284.83,3.2,6663.49,0
8675,14,7,1029.2,7.4,8110.56,1
8676,1,6,222.56,3.8,3578.44,0
8677,1,13,107.46,5.4,5789.24,1
8678,9,17,256.33,4.0,7159.57,0
8679,10,15,206.01,4.0,7209.62,1
8680,6,4,454.93,4.8,4456.71,1
8681,10,15,213.89,3.5,6790.37,0
8682,8,14,820.25,6.5,8384.85,1
8683,13,21,238.12,5.4,9724.41,1
8684,7,11,713.74,5.8,7090.61,1
8685,12,24,531.93,2.6,9488.28,1
8686,6,4,2243.35,7.8,7938.06,0
8687,4,3,4710.08,5.6,9010.44,1
8688,7,2,1118.29,2.4,3943.15,0
8689,9,20,813.52,6.3,9917.56,1
8690,14,10,344.25,2.2,5514.27,0
8691,11,13,799.74,1.4,6140.85,0
8692,10,20,1669.52,4.7,10269.05,1
8693,10,21,111.83,4.9,8591.56,0
8694,14,23,486.0,2.3,9190.03,1
8695,7,18,222.95,3.4,7088.05,1
8696,1,21,508.08,7.6,9278.65,1
8697,10,16,414.1,3.0,7689.51,1
8698,9,11,528.74,2.1,5231.57,0
8699,13,10,500.32,7.9,8223.79,1
8700,4,9,1710.78,3.1,5840.12,0
8701,3,12,501.69,5.8,6742.97,1
8702,4,19,1036.16,2.6,7610.43,1
8703,4,1,292.7,4.9,3386.66,1
8704,13,18,388.22,3.7,8051.16,0
8705,10,14,417.83,7.7,8438.02,1
8706,11,22,263.37,4.0,8837.48,1
8707,2,21,338.85,5.1,8388.59,1
8708,14,1,556.29,7.6,6110.14,1
8709,12,17,533.97,7.9,9654.39,1
8710,14,11,605.9,1.7,5564.37,0
8711,1,20,316.79,6.8,8530.08,1
8712,12,15,289.78,3.7,7355.25,1
8713,10,4,572.88,5.2,5097.39,0
8714,12,15,171.28,3.6,7188.38,1
8715,1,22,245.87,3.8,7647.6,1
8716,13,22,121.52,2.1,8419.14,1
8717,14,14,137.69,5.0,7497.64,1
8718,8,22,239.45,4.8,8910.49,1
8719,14,1,109.86,2.3,3010.03,0
8720,2,9,240.79,4.8,5083.2,1
8721,12,7,632.07,7.8,7552.38,1
8722,10,23,131.53,6.0,9553.45,1
8723,5,11,387.0,4.4,5883.33,1
8724,12,23,1321.55,7.4,11888.17,1
8725,4,2,883.39,5.0,4165.63,0
8726,8,2,282.24,1.9,2785.94,0
8727,2,6,1393.84,4.8,5399.09,0
8728,10,23,299.98,2.3,8274.32,0
8729,9,19,137.64,6.4,8976.72,1
8730,7,20,2662.68,7.8,12594.1,1
8731,13,14,1120.2,3.5,8044.32,1
8732,7,3,413.62,4.0,4025.1,0
8733,1,7,648.87,4.0,4622.41,1
8734,14,7,656.2,3.0,5380.05,0
8735,12,4,208.14,6.6,5691.42,1
8736,2,23,211.6,5.3,8784.44,1
8737,4,5,417.04,1.4,2997.39,0
8738,4,17,1312.79,6.9,9373.69,1
8739,11,4,105.02,2.3,3452.79,0
8740,14,23,862.79,7.9,12123.33,1
8741,3,13,129.62,3.6,5434.14,1
8742,7,16,425.26,5.3,7906.24,1
8743,12,16,607.88,1.5,6881.08,1
8744,8,2,680.39,3.4,3756.13,1
8745,2,18,130.13,6.6,7609.05,1
8746,4,1,371.16,4.3,3094.03,0
8747,14,18,538.34,7.3,9940.87,1
8748,3,8,134.16,5.0,4508.25,1
8749,2,11,172.57,7.5,6442.25,1
8750,12,24,644.8,7.9,11864.45,0
8751,13,24,468.69,4.2,9965.92,1
8752,14,15,188.27,5.0,7912.89,0
8753,6,16,483.12,6.8,8480.78,1
8754,13,17,1319.16,2.6,8535.45,1
8755,4,17,107.86,7.0,7920.36,1
8756,6,12,614.5,5.1,6705.03,1
8757,2,10,138.25,6.1,5757.09,1
8758,12,20,103.24,1.6,7261.49,0
8759,4,6,181.64,6.4,4679.83,0
8760,11,8,374.88,3.2,5145.86,0
8761,6,13,910.61,6.6,8128.97,1
8762,14,2,265.49,4.6,4579.85,1
8763,5,19,591.31,2.9,7221.53,1
8764,3,22,364.8,7.7,9637.04,1
8765,8,10,233.5,6.4,6307.85,1
8766,7,4,461.03,7.9,6030.55,1
8767,3,12,898.42,3.6,6129.45,1
8768,6,18,993.36,5.5,8887.07,1
8769,4,7,1037.09,5.3,5798.47,1
8770,11,20,306.67,5.8,9141.58,1
8771,5,24,888.62,1.3,8286.9,0
8772,11,24,219.24,3.0,8705.68,0
8773,5,23,770.52,7.4,10705.56,1
8774,7,4,1581.97,4.0,5610.27,1
8775,11,7,106.92,7.7,6849.56,1
8776,5,10,390.23,2.5,4698.37,1
8777,11,15,621.74,8.0,9329.97,1
8778,3,12,704.95,5.9,6918.15,1
8779,10,1,196.85,6.4,4698.99,1
8780,5,20,1891.06,3.8,9395.73,1
8781,7,18,577.6,7.3,9329.81,1
8782,5,16,189.77,4.8,7035.73,1
8783,5,5,110.37,5.8,4649.59,1
8784,9,19,864.54,1.7,7563.25,1
8785,3,4,141.53,5.4,4064.28,1
8786,13,6,176.02,7.2,6346.3,1
8787,6,17,527.63,2.2,6917.46,1
8788,1,7,562.55,6.2,5225.24,0
8789,10,24,680.6,1.2,8607.89,0
8790,5,23,350.04,7.5,10054.7,1
8791,8,7,843.39,7.9,7282.95,1
8792,5,9,1931.77,3.5,6571.91,1
8793,9,13,258.11,1.7,5588.35,0
8794,11,20,707.06,5.6,9570.38,1
8795,6,14,1418.81,1.2,6478.79,0
8796,8,16,679.64,4.4,7735.82,1
8797,10,23,671.45,2.9,8956.6,1
8798,8,9,226.65,4.3,5041.23,0
8799,13,15,483.0,1.1,6556.08,1
8800,3,5,513.37,1.4,2860.27,0
8801,7,18,702.2,1.1,6421.92,0
8802,14,21,2975.67,5.3,12614.07,1
8803,7,20,117.11,4.9,8146.52,1
8804,14,8,133.73,2.6,5012.55,1
8805,10,15,140.58,5.5,7573.38,1
8806,12,21,779.3,7.2,11077.0,1
8807,6,9,173.3,2.9,4251.08,0
8808,12,19,587.03,6.8,9997.06,1
8809,7,22,296.28,5.6,9329.28,1
8810,14,6,405.62,1.2,4316.95,1
8811,2,4,221.46,3.6,3271.55,0
8812,9,11,1105.36,4.6,7223.4,1
8813,10,10,541.13,6.1,7141.12,1
8814,10,3,1546.26,3.0,5110.49,0
8815,1,1,527.36,7.9,4321.98,1
8816,1,12,166.14,5.8,5974.99,1
8817,3,23,193.69,3.6,7906.39,1
8818,14,15,2358.3,1.7,8903.99,1
8819,3,15,746.52,2.3,6083.01,1
8820,1,21,125.27,4.4,7575.5,1
8821,12,14,708.33,4.5,7692.43,1
8822,7,7,365.66,6.4,5934.61,1
8823,4,17,283.51,6.1,7795.49,1
8824,10,24,183.65,2.4,8532.88,1
8825,13,19,1015.99,5.2,10041.34,1
8826,2,7,132.99,1.1,2730.92,1
8827,10,3,271.13,3.8,4035.82,0
8828,5,3,282.92,6.3,4413.65,1
8829,6,18,187.72,3.8,7042.06,1
8830,9,20,454.83,6.8,9780.15,1
8831,4,22,105.89,7.8,9393.8,1
8832,2,14,279.03,5.3,6384.1,1
8833,5,3,1456.25,2.0,3889.78,0
8834,3,7,285.92,3.7,4077.75,1
8835,2,7,323.5,1.1,2825.73,0
8836,12,5,420.43,5.2,5562.69,1
8837,1,3,512.42,6.8,4592.61,1
8838,10,18,926.98,5.4,9391.68,1
8839,2,15,205.56,6.5,7319.11,1
8840,6,20,1126.87,6.6,10006.38,1
8841,8,14,808.48,7.0,8472.23,1
8842,13,4,741.24,2.9,4621.31,1
8843,3,24,145.4,7.1,9680.62,1
8844,11,8,110.94,5.6,5815.35,1
8845,9,21,550.72,3.0,8423.94,1
8846,12,13,1094.38,7.9,9716.75,0
8847,9,22,539.07,7.7,10441.26,1
8848,2,8,219.91,5.0,4764.81,0
8849,8,15,147.44,6.9,8226.43,1
8850,10,17,701.31,2.8,7343.04,0
8851,11,5,739.65,3.9,5439.69,1
8852,12,20,194.69,2.3,7574.17,0
8853,5,4,114.3,4.6,3734.4,0
8854,4,11,362.36,4.5,5769.88,1
8855,10,18,537.0,2.5,7540.9,1
8856,5,10,712.09,5.7,6508.02,0
8857,4,17,930.22,1.8,6552.79,0
8858,8,15,571.49,1.4,5853.53,0
8859,4,6,158.76,3.7,3821.47,0
8860,13,23,673.77,3.9,9827.62,1
8861,10,21,2173.13,3.2,10396.1,1
8862,12,16,1280.03,2.8,8200.23,0
8863,13,15,1126.57,3.4,8216.66,1
8864,14,8,279.89,2.1,5140.98,0
8865,6,9,794.73,3.8,5673.81,0
8866,2,11,1052.25,7.3,7525.86,1
8867,5,2,667.11,2.6,2933.96,0
8868,6,13,244.22,5.8,6757.41,1
8869,5,4,1637.76,2.0,4494.39,0
8870,12,9,399.66,3.5,5775.01,1
8871,2,5,169.52,3.2,3121.79,0
8872,14,19,158.14,7.6,10157.17,1
8873,7,22,621.38,4.0,8892.62,1
8874,4,3,387.87,5.8,4247.45,1
8875,8,21,149.63,5.2,8639.05,1
8876,7,3,774.24,2.0,3305.01,0
8877,7,6,903.03,7.6,6905.2,1
8878,9,10,746.25,3.4,5921.78,0
8879,1,5,212.99,1.3,2232.71,0
8880,10,3,685.23,3.1,4041.4,1
8881,6,22,105.39,3.3,7828.66,0
8882,6,24,282.0,1.6,7792.37,1
8883,6,7,354.43,5.3,5652.87,0
8884,13,22,1001.65,3.4,9608.23,1
8885,12,18,347.47,5.4,8910.04,1
8886,6,23,105.67,1.0,6952.75,1
8887,12,8,317.2,7.9,7566.55,1
8888,10,1,445.5,2.2,2867.02,0
8889,7,4,1588.01,5.6,6427.94,1
8890,14,24,1515.4,6.0,12236.46,1
8891,10,7,199.76,2.2,3980.57,1
8892,6,14,202.37,1.8,5294.55,1
8893,1,13,189.19,2.1,4604.99,0
8894,3,10,877.76,2.7,5228.94,1
8895,2,23,103.02,2.2,7058.02,0
8896,6,18,168.01,5.7,8383.91,1
8897,8,1,486.05,3.9,3860.8,1
8898,3,4,242.22,4.8,3845.43,0
8899,10,16,148.45,1.3,5779.83,0
8900,8,16,323.05,7.0,8360.55,1
8901,8,18,260.25,2.2,6719.25,0
8902,5,8,457.8,3.5,4719.44,0
8903,8,10,2037.21,1.5,6457.22,1
8904,6,16,166.37,2.0,5718.98,1
8905,5,23,333.19,5.7,8998.76,1
8906,9,24,1444.01,5.8,11120.27,1
8907,14,11,1147.27,5.7,8391.23,1
8908,7,6,350.66,4.9,5188.88,1
8909,8,1,700.24,7.7,5268.07,0
8910,1,12,145.98,4.6,5310.78,1
8911,11,6,723.34,4.1,5550.88,0
8912,2,13,1903.33,2.7,7059.68,0
8913,8,17,485.54,1.7,6477.47,1
8914,12,1,445.07,4.8,4235.74,0
8915,9,8,203.71,3.2,4863.22,0
8916,4,22,602.27,4.7,8510.29,1
8917,12,8,546.33,2.4,5252.14,0
8918,10,24,627.68,6.9,10922.87,1
8919,11,11,113.21,8.0,7841.48,1
8920,10,14,497.84,3.3,6937.05,0
8921,14,24,551.85,6.9,11342.61,1
8922,9,10,216.3,7.1,6984.24,1
8923,4,15,216.81,8.0,8014.71,1
8924,10,7,261.63,3.4,5135.3,1
8925,10,7,721.91,6.3,6628.63,1
8926,10,10,566.04,2.6,5523.92,1
8927,9,4,1034.63,5.4,5726.69,1
8928,11,18,275.25,5.9,9023.48,0
8929,7,10,1315.6,6.2,7607.55,1
8930,2,19,780.72,2.5,7148.45,1
8931,9,14,351.27,6.9,8011.16,1
8932,4,13,150.05,3.9,5561.87,1
8933,8,15,248.52,2.5,6195.41,0
8934,14,16,1670.59,4.8,10025.81,0
8935,7,2,285.8,7.0,4795.03,1
8936,13,4,300.16,7.8,6357.97,1
8937,7,21,205.11,6.2,9238.27,1
8938,8,18,922.15,1.0,7032.69,1
8939,1,17,261.24,1.9,5659.79,1
8940,5,10,300.43,1.5,3906.98,1
8941,2,21,367.51,1.7,6543.94,0
8942,2,9,384.34,3.7,4598.52,0
8943,1,15,364.95,3.4,5891.97,1
8944,5,12,450.33,1.8,4929.03,1
8945,2,21,942.38,7.2,9861.88,1
8946,4,9,955.42,5.3,6356.08,1
8947,3,14,900.52,6.6,7712.48,1
8948,3,13,153.31,3.6,5505.3,1
8949,2,6,903.92,3.9,4724.54,0
8950,13,19,164.06,3.2,7905.95,1
8951,6,4,166.61,4.1,3621.8,0
8952,2,20,1576.94,5.3,9638.33,1
8953,14,17,955.73,4.5,9337.7,1
8954,14,19,501.94,6.9,10143.93,1
8955,8,3,1139.6,7.3,6230.52,0
8956,8,14,2371.79,4.3,9234.77,1
8957,13,17,571.63,2.7,7576.1,1
8958,14,13,574.53,7.6,9154.21,0
8959,12,9,802.08,6.1,7410.28,1
8960,5,1,232.07,5.5,3455.69,1
8961,10,17,191.44,6.2,8507.69,0
8962,7,16,812.69,1.5,6406.26,0
8963,4,18,311.49,1.5,5819.55,0
8964,1,2,172.55,2.1,1873.29,1
8965,11,14,289.08,2.0,6126.16,1
8966,2,22,322.08,3.9,7831.24,1
8967,10,23,1779.47,2.1,10221.99,1
8968,10,17,698.6,7.0,9318.06,1
8969,4,3,478.42,5.0,4009.91,1
8970,1,2,1834.84,3.6,4488.09,1
8971,13,8,1267.24,1.5,5881.44,0
8972,8,2,458.72,5.1,4380.85,1
8973,9,2,1280.53,1.8,3849.12,1
8974,4,9,359.01,6.2,5916.36,1
8975,10,20,230.96,6.6,9359.04,1
8976,3,21,232.42,4.8,8002.59,1
8977,2,6,642.82,2.0,3394.14,1
8978,5,12,447.65,6.5,7128.23,0
8979,14,9,637.86,3.2,6011.59,0
8980,3,7,679.3,2.6,4219.74,0
8981,10,12,111.29,4.3,6262.05,1
8982,7,5,127.78,7.5,5471.58,1
8983,11,16,480.37,3.1,7341.46,1
8984,6,5,206.0,7.3,5501.75,1
8985,1,12,600.56,1.4,4390.67,0
8986,12,24,501.69,1.6,8967.6,1
8987,8,20,540.66,5.9,9212.36,1
8988,2,9,280.09,2.3,3808.37,0
8989,5,23,610.61,3.2,8674.19,1
8990,9,7,984.49,2.0,4966.54,0
8991,8,19,3225.44,3.3,11190.28,1
8992,2,20,1011.45,3.0,7702.73,0
8993,9,23,507.66,6.2,10241.64,1
8994,5,11,207.48,5.9,6052.39,1
8995,10,21,671.98,7.7,10426.33,1
8996,14,12,1487.53,6.1,9108.32,1
8997,6,3,219.04,5.9,4378.6,1
8998,13,17,247.85,5.9,9104.2,1
8999,3,7,180.68,7.2,5745.63,1
9000,13,22,767.27,3.1,9199.85,1
9001,3,10,360.91,3.1,4819.72,0
9002,10,23,132.37,6.2,9691.84,1
9003,8,15,1139.52,2.6,7477.8,1
9004,11,2,507.85,7.4,5676.49,1
9005,10,13,301.06,4.7,6859.64,0
9006,10,4,310.78,3.1,4121.37,1
9007,12,18,271.42,6.4,9076.55,1
9008,2,24,403.93,3.2,8420.76,0
9009,11,23,305.52,7.7,10835.43,1
9010,12,1,496.98,7.9,5965.91,1
9011,12,2,842.54,5.7,5518.85,0
9012,2,2,661.14,1.8,2443.13,0
9013,13,4,274.39,2.8,4017.22,0
9014,5,3,476.17,4.6,3719.95,0
9015,6,17,1016.69,7.0,9181.27,1
9016,12,14,135.32,2.3,6074.2,0
9017,2,2,140.77,1.7,1657.8,0
9018,5,16,506.16,1.5,5819.38,1
9019,7,11,609.6,4.5,6047.98,1
9020,10,13,218.76,7.2,7853.51,1
9021,10,1,783.68,1.3,2979.78,0
9022,8,23,619.6,2.5,8535.83,1
9023,12,2,1383.86,5.9,6178.24,1
9024,7,2,192.54,6.8,4553.5,1
9025,8,21,795.9,6.7,10166.86,1
9026,14,5,143.67,6.5,5868.29,1
9027,12,4,516.54,1.9,3881.93,0
9028,9,12,501.36,3.8,6321.8,1
9029,5,3,345.83,7.9,5129.61,1
9030,13,20,1030.78,7.9,11334.71,1
9031,5,10,102.19,5.2,5272.35,1
9032,11,20,467.17,6.0,9462.96,0
9033,10,18,222.41,7.7,9463.96,1
9034,4,21,780.31,4.1,8595.43,0
9035,13,21,122.01,2.0,7839.52,1
9036,9,21,990.57,5.7,10109.59,1
9037,5,10,1010.36,7.7,7879.74,1
9038,14,1,994.48,5.9,5785.27,1
9039,2,6,182.77,6.6,5116.27,0
9040,10,11,597.68,4.0,6130.64,1
9041,8,2,107.24,1.7,2466.26,0
9042,7,7,1041.81,2.2,4495.96,1
9043,8,20,741.82,7.9,10301.55,1
9044,12,21,478.74,4.5,9377.59,0
9045,3,21,755.76,1.1,7097.8,1
9046,4,21,149.54,7.7,9223.36,1
9047,5,18,476.08,4.5,7682.11,1
9048,6,21,272.14,6.9,9291.53,1
9049,1,19,1898.96,4.8,9453.51,1
9050,4,4,1072.87,1.7,3526.2,0
9051,11,13,760.77,5.3,7774.74,1
9052,12,18,1457.14,8.0,11337.65,1
9053,10,20,312.97,1.2,7221.85,1
9054,13,24,1255.71,6.9,12139.23,1
9055,5,13,296.7,2.6,5495.8,1
9056,7,19,759.87,3.8,8426.77,0
9057,13,17,766.69,3.6,8041.99,1
9058,5,1,109.26,7.3,4443.23,1
9059,13,6,323.97,4.5,5702.71,0
9060,13,19,109.81,4.1,8367.74,1
9061,1,20,3020.15,6.7,11724.08,1
9062,11,1,165.17,1.3,2138.46,0
9063,7,8,491.33,1.6,4158.3,1
9064,8,17,881.65,1.2,6725.92,1
9065,13,21,212.36,5.8,9473.32,1
9066,7,22,431.85,4.7,8865.4,1
9067,11,15,567.52,7.1,8954.51,1
9068,14,18,187.3,4.5,8465.55,0
9069,13,7,853.79,2.6,5329.58,0
9070,4,16,277.86,6.6,7442.64,1
9071,8,7,218.51,3.1,4310.98,1
9072,5,17,508.55,7.5,8719.98,1
9073,10,4,364.08,2.8,3810.28,0
9074,9,12,1364.65,2.2,6388.88,0
9075,12,13,1160.39,4.5,8038.33,0
9076,12,4,430.2,1.4,3621.21,0
9077,10,21,322.57,1.3,7335.27,1
9078,5,1,296.91,4.5,3234.23,0
9079,1,1,255.69,2.5,1760.29,1
9080,12,7,493.23,1.1,3965.67,0
9081,9,9,917.32,3.1,5825.52,1
9082,12,1,286.08,4.3,3869.32,1
9083,5,16,205.42,3.8,6339.8,0
9084,6,18,422.64,1.9,6705.63,0
9085,4,22,135.77,5.1,8459.3,1
9086,6,15,704.12,6.0,7910.66,1
9087,12,6,465.28,5.7,6053.01,1
9088,8,2,442.96,3.8,3705.97,0
9089,3,9,278.66,2.0,3573.01,1
9090,5,4,1275.22,4.5,4982.58,1
9091,2,13,147.42,7.2,6757.85,1
9092,14,23,1119.43,4.3,10774.45,1
9093,2,22,336.37,2.4,7444.86,1
9094,13,11,1162.74,1.7,6537.08,1
9095,7,13,752.38,7.6,8433.88,1
9096,10,11,155.0,6.2,6772.4,1
9097,13,19,990.52,3.2,9045.56,0
9098,10,8,673.13,3.1,5333.74,0
9099,14,7,116.42,7.3,6687.92,1
9100,11,16,171.76,2.2,6643.84,1
9101,10,3,604.79,4.7,5010.59,0
9102,6,17,643.24,6.0,8550.24,1
9103,4,18,786.49,3.8,7979.2,0
9104,5,15,736.92,1.3,5696.22,0
9105,1,17,638.7,2.6,6233.55,0
9106,7,11,826.73,7.3,7740.67,1
9107,8,5,527.93,4.7,4808.33,0
9108,9,16,251.09,6.7,8609.53,1
9109,8,15,1317.35,4.9,8325.04,1
9110,5,10,109.19,7.6,6571.27,1
9111,3,14,328.3,7.4,7756.84,1
9112,10,2,752.58,4.4,4632.13,0
9113,11,16,378.57,3.2,7074.47,0
9114,9,19,112.57,5.2,8298.24,1
9115,6,8,134.13,5.7,5202.04,1
9116,5,15,622.97,4.5,7087.23,1
9117,13,10,1774.27,6.8,9240.83,0
9118,3,5,501.33,2.3,3260.22,0
9119,6,20,453.38,3.3,8049.07,1
9120,3,16,291.6,5.8,7433.49,1
9121,10,21,248.32,2.7,7799.45,1
9122,12,22,110.6,4.1,8924.54,1
9123,6,12,259.38,7.7,7507.22,1
9124,4,23,398.11,5.4,9409.08,1
9125,2,13,210.29,7.6,7115.68,1
9126,8,9,145.7,6.1,6130.08,1
9127,4,17,732.44,6.1,8381.69,1
9128,9,20,1225.09,5.1,9703.99,1
9129,7,12,1480.5,2.0,6285.9,1
9130,12,5,581.17,4.6,5440.53,0
9131,2,24,127.11,2.8,7738.45,1
9132,4,12,775.2,8.0,7809.11,1
9133,5,1,158.32,2.9,2315.95,1
9134,3,20,653.95,2.6,7221.0,1
9135,9,16,855.62,5.4,8231.57,1
9136,13,12,747.07,4.6,7550.94,1
9137,5,9,1617.07,1.1,5369.13,0
9138,2,13,769.98,1.9,5372.58,0
9139,11,17,690.8,6.7,9521.22,1
9140,3,17,251.73,4.4,6870.83,1
9141,14,4,1393.59,2.0,5322.33,0
9142,9,14,198.95,4.3,6762.43,0
9143,7,19,1276.4,2.8,7983.12,1
9144,2,7,287.46,2.6,3264.3,0
9145,9,3,169.73,7.7,5389.44,1
9146,14,1,976.32,3.5,4699.81,0
9147,4,12,101.25,1.3,4237.92,0
9148,13,15,992.16,7.8,10104.94,1
9149,9,11,252.12,6.6,7187.49,1
9150,13,10,1180.2,2.8,6755.55,1
9151,2,2,687.98,3.9,3377.42,0
9152,12,4,648.58,7.0,6614.46,1
9153,10,17,327.32,3.5,7480.26,1
9154,12,17,130.62,5.0,8079.03,1
9155,4,8,986.19,4.7,5866.96,1
9156,5,23,193.71,3.8,8418.88,1
9157,2,14,332.81,5.5,6836.23,1
9158,10,24,558.59,4.3,9646.95,1
9159,1,4,429.13,1.1,1905.92,0
9160,7,6,210.74,6.7,5639.29,1
9161,10,19,175.77,1.8,6750.57,1
9162,1,24,165.76,4.2,8193.42,1
9163,11,4,1093.92,5.1,6181.03,1
9164,11,3,116.03,5.9,4882.1,1
9165,8,20,1986.44,3.9,10089.9,1
9166,3,6,210.65,6.1,4819.68,1
9167,14,23,158.45,1.9,8709.65,1
9168,10,7,530.16,5.6,6158.04,1
9169,6,14,141.68,6.8,7372.79,1
9170,7,12,561.22,7.2,7987.21,1
9171,10,16,1050.65,5.1,8764.2,1
9172,1,20,124.54,3.2,6642.82,1
9173,14,8,904.39,2.1,5416.62,0
9174,6,23,350.83,3.4,8450.12,1
9175,7,2,186.87,4.8,3647.46,0
9176,6,13,196.85,2.4,5227.45,1
9177,4,8,1355.2,7.7,7501.02,1
9178,1,21,158.61,7.3,8561.72,1
9179,11,20,1107.89,1.2,8587.85,0
9180,9,16,492.9,4.9,7787.59,1
9181,4,4,119.92,6.5,4660.47,1
9182,7,16,412.25,2.7,6524.86,0
9183,7,20,950.36,4.7,8670.1,1
9184,2,6,747.68,3.8,4343.86,0
9185,1,4,435.48,2.4,2729.61,0
9186,8,16,1083.23,5.3,8564.54,1
9187,8,23,164.12,8.0,10704.72,1
9188,7,23,1303.65,3.6,10023.83,0
9189,14,21,1036.84,4.9,10407.26,1
9190,8,13,715.97,3.3,6615.4,1
9191,3,5,951.57,7.1,5791.39,1
9192,11,15,492.43,7.1,8660.97,1
9193,2,8,662.22,2.3,3949.63,0
9194,7,7,511.17,7.3,6788.27,1
9195,8,14,319.58,2.1,5688.47,1
9196,1,7,520.66,1.7,3442.99,0
9197,12,22,248.84,5.6,9636.97,1
9198,10,7,390.16,3.7,4939.45,1
9199,9,23,264.79,4.7,9194.53,1
9200,13,18,165.56,5.6,8685.38,1
9201,11,10,294.2,1.4,4680.65,0
9202,4,18,1055.23,3.1,7853.31,1
9203,14,14,339.89,4.2,7481.6,1
9204,12,10,789.17,2.9,6146.91,0
9205,14,7,196.31,1.3,4273.63,0
9206,4,7,376.19,1.6,3541.69,0
9207,3,7,161.0,6.6,5282.47,1
9208,6,5,174.61,7.4,5546.23,1
9209,1,1,580.43,2.1,2148.7,0
9210,6,14,567.59,2.7,5975.92,0
9211,2,18,220.0,5.6,7382.93,0
9212,9,13,421.63,7.7,8308.18,1
9213,2,8,1095.01,3.1,4841.55,0
9214,7,8,195.7,7.0,6183.95,1
9215,12,10,109.7,4.5,5950.19,1
9216,1,17,627.77,7.7,8457.06,1
9217,12,6,127.49,2.0,4138.76,0
9218,7,15,2054.52,7.8,10517.46,1
9219,5,15,570.32,4.1,6804.65,1
9220,8,16,417.81,7.7,8789.07,1
9221,4,8,381.05,4.2,4699.33,1
9222,12,19,525.57,4.7,8784.82,0
9223,10,20,147.5,6.6,9168.37,1
9224,7,15,1429.77,6.1,8926.43,1
9225,6,3,591.27,5.3,4563.93,0
9226,5,6,201.66,3.9,4201.57,1
9227,4,8,513.43,6.5,6029.63,1
9228,7,16,171.51,7.6,8331.6,1
9229,12,15,108.85,1.1,5720.33,1
9230,5,13,597.83,5.1,6778.84,1
9231,5,20,622.75,7.1,9425.97,1
9232,1,15,538.17,5.6,6966.3,1
9233,2,18,201.35,6.6,8087.68,1
9234,5,13,562.45,7.3,7895.45,1
9235,13,24,129.09,6.3,10769.9,1
9236,3,8,569.83,6.0,5618.43,1
9237,14,14,503.74,7.8,9105.92,1
9238,13,11,632.47,7.0,8184.2,0
9239,2,6,1229.17,6.7,6408.4,1
9240,14,24,1049.76,1.6,9346.17,0
9241,14,1,2072.64,2.7,5637.2,1
9242,4,2,1969.9,4.9,5496.88,1
9243,4,13,839.91,6.0,7516.53,1
9244,4,1,1666.57,3.1,4198.05,0
9245,4,24,1109.77,1.7,8648.58,1
9246,3,24,750.21,3.2,8763.74,1
9247,13,4,139.19,6.4,6026.1,1
9248,12,24,125.15,7.1,11071.63,1
9249,7,23,1008.85,7.4,11250.07,1
9250,9,2,436.33,3.7,3674.25,0
9251,12,21,942.64,3.6,9388.3,1
9252,5,20,287.65,3.8,7848.68,1
9253,4,16,353.46,3.6,6716.13,1
9254,11,3,702.3,5.7,5333.66,1
9255,2,17,1334.48,3.5,7370.23,1
9256,2,5,145.93,1.1,1904.4,0
9257,5,8,1088.36,4.1,5914.86,0
9258,7,12,887.55,2.6,6265.19,0
9259,10,23,289.56,1.2,7840.81,1
9260,10,12,319.42,4.3,6565.04,1
9261,9,1,123.79,2.4,2844.65,0
9262,13,1,107.93,4.2,4117.77,1
9263,7,15,424.09,2.9,6525.77,1
9264,5,17,150.21,5.2,7378.68,1
9265,10,2,207.84,7.9,5455.82,0
9266,10,17,1037.9,4.8,8827.03,1
9267,10,20,523.18,5.5,9199.35,1
9268,6,9,602.06,7.4,7135.95,1
9269,11,12,203.81,3.6,6172.96,0
9270,12,4,982.06,2.2,4470.15,0
9271,3,13,1112.4,3.0,6455.07,1
9272,5,4,470.46,3.8,3966.3,0
9273,8,7,1318.39,5.5,6812.52,1
9274,1,14,1031.61,1.0,5298.29,0
9275,12,9,757.12,7.0,7805.28,1
9276,1,23,762.27,1.5,7422.17,1
9277,7,1,155.69,7.3,4979.25,1
9278,14,1,257.93,7.6,6022.62,0
9279,5,20,134.59,7.9,9207.74,1
9280,14,4,104.36,6.7,5766.23,1
9281,5,1,186.17,2.0,1835.45,0
9282,1,22,1162.17,5.9,9407.68,1
9283,9,10,237.14,2.4,5211.05,0
9284,1,2,1855.85,7.3,6100.51,1
9285,5,21,554.77,3.2,7798.9,0
9286,10,24,235.42,3.3,8701.97,1
9287,9,15,443.71,7.4,8736.49,1
9288,14,3,223.65,1.1,3243.81,0
9289,4,23,2166.76,2.4,9952.83,1
9290,13,9,1039.53,4.0,6997.05,1
9291,8,17,113.29,5.9,8137.67,1
9292,6,21,1576.11,5.5,10158.06,1
9293,11,13,738.39,5.7,7851.44,1
9294,3,3,142.99,7.2,4649.85,1
9295,4,4,655.3,1.8,3004.94,0
9296,2,4,620.54,4.7,3859.49,1
9297,1,11,223.45,6.1,5667.35,1
9298,13,7,810.33,5.5,6876.71,0
9299,14,11,145.55,4.1,6604.75,0
9300,8,24,436.13,1.1,8006.49,1
9301,1,11,104.99,1.4,3494.99,0
9302,14,10,1832.67,1.8,7194.42,0
9303,13,5,796.28,3.4,5272.76,1
9304,11,13,186.49,1.8,5548.33,0
9305,1,12,309.03,4.0,5385.58,1
9306,4,10,187.51,2.3,4145.73,0
9307,10,7,827.54,6.5,6928.45,1
9308,12,19,130.35,7.1,9591.68,1
9309,10,19,1017.56,3.7,8632.25,1
9310,6,19,1525.35,4.6,9660.12,1
9311,9,12,664.48,7.7,8417.42,1
9312,1,20,219.74,4.7,7281.64,1
9313,7,22,323.21,8.0,10096.8,1
9314,10,15,424.32,2.0,6594.52,1
9315,11,5,563.96,7.0,6439.73,1
9316,5,24,652.31,4.5,9483.08,1
9317,12,14,503.96,1.2,6124.48,0
9318,8,12,316.4,7.8,8015.29,1
9319,14,21,1207.82,7.8,12039.06,1
9320,7,11,142.45,3.7,5286.61,1
9321,4,5,413.92,7.7,5757.73,1
9322,4,16,847.08,2.0,6179.94,1
9323,6,18,131.4,5.8,7806.84,1
9324,6,12,710.96,2.3,5582.22,1
9325,9,5,956.6,2.7,4449.78,0
9326,12,16,640.63,6.5,8997.02,1
9327,5,12,106.51,3.6,5040.63,0
9328,8,23,199.31,1.0,7418.62,1
9329,5,2,309.36,3.9,3472.47,1
9330,2,6,233.08,2.6,3192.92,1
9331,6,23,1743.74,5.8,11170.21,1
9332,9,21,627.19,2.4,8091.24,1
9333,13,4,276.18,6.9,6141.04,1
9334,3,13,1427.47,2.9,6606.54,1
9335,1,10,774.68,3.8,5072.76,1
9336,1,17,267.46,3.1,6105.22,1
9337,13,14,338.12,5.5,8176.97,1
9338,3,24,211.21,1.7,7168.01,1
9339,10,15,1871.51,4.3,9010.67,1
9340,5,8,464.18,3.3,4644.88,0
9341,3,23,1231.95,7.2,10770.81,1
9342,9,24,312.71,1.5,8199.49,1
9343,8,18,1086.07,6.8,9679.38,1
9344,3,3,127.7,2.2,2161.97,0
9345,9,17,2111.21,1.6,8600.33,0
9346,13,24,1315.4,2.4,10238.81,1
9347,6,24,325.65,1.7,8274.65,0
9348,13,7,845.21,4.6,6532.85,0
9349,7,13,797.68,7.9,8379.01,1
9350,4,16,1257.61,1.2,6394.95,0
9351,4,5,283.55,4.2,3768.57,0
9352,12,4,413.23,3.7,4844.09,1
9353,13,10,1101.24,3.4,6740.87,1
9354,2,13,853.85,3.3,6098.09,1
9355,5,10,350.0,7.3,6862.35,1
9356,8,14,1034.51,1.1,5991.33,1
9357,7,22,124.05,6.4,9317.01,1
9358,7,12,861.74,2.8,6081.16,0
9359,6,1,215.82,3.7,2649.22,0
9360,3,21,268.52,3.9,7973.45,1
9361,5,20,439.83,3.1,7563.26,1
9362,13,20,398.68,1.7,8022.09,0
9363,1,7,467.58,1.8,3572.45,0
9364,7,9,493.48,3.1,5095.23,1
9365,9,8,301.38,6.8,6536.39,0
9366,1,13,196.32,1.9,4361.5,0
9367,13,14,831.55,6.2,9047.21,1
9368,2,12,355.39,3.0,5019.24,1
9369,3,8,452.45,7.2,6072.35,1
9370,3,21,617.39,4.0,8034.95,1
9371,8,22,1301.97,2.2,9024.28,0
9372,7,18,714.74,7.9,9846.32,1
9373,6,16,123.26,2.2,5904.86,1
9374,10,11,1011.81,5.0,7471.55,0
9375,10,16,2371.33,5.0,10256.5,0
9376,11,14,419.79,3.6,7023.83,0
9377,4,3,1846.5,7.7,6964.1,1
9378,9,21,496.29,6.9,10215.98,1
9379,1,2,407.74,6.8,4294.16,0
9380,11,3,301.29,7.8,5973.32,1
9381,2,4,635.82,4.2,3955.09,0
9382,14,22,230.57,1.7,8040.11,1
9383,4,5,155.43,6.4,4969.38,1
9384,3,10,113.81,3.7,4608.7,1
9385,1,20,272.92,2.3,6478.39,1
9386,5,2,351.9,4.4,3422.75,0
9387,7,12,501.57,7.5,7674.89,1
9388,2,5,273.19,2.2,2684.97,1
9389,5,5,2169.45,6.9,7415.1,1
9390,6,23,272.48,3.9,8528.4,1
9391,11,1,390.78,2.0,3044.87,1
9392,7,4,154.5,6.9,5144.41,1
9393,1,21,250.98,7.8,9274.99,1
9394,7,24,124.77,3.0,8429.41,1
9395,4,12,509.93,3.1,5430.79,0
9396,8,12,795.28,3.7,6780.28,1
9397,13,16,208.9,6.7,8975.07,1
9398,4,24,329.36,1.1,7481.23,1
9399,6,17,108.38,2.6,6317.89,1
9400,9,21,1014.8,5.9,10170.38,1
9401,5,10,856.98,3.8,5804.84,1
9402,14,17,132.67,3.3,7575.16,0
9403,12,17,326.96,7.1,9486.73,1
9404,4,18,1653.74,7.4,10471.75,1
9405,8,2,348.81,7.6,5098.34,1
9406,13,4,473.49,2.9,4475.68,0
9407,9,19,319.44,7.4,9164.67,1
9408,4,11,553.33,6.2,6599.24,1
9409,3,17,2011.93,2.1,7858.53,0
9410,8,12,3096.23,5.3,10131.24,0
9411,14,2,845.19,1.2,3563.98,0
9412,5,6,359.02,6.0,4982.96,1
9413,2,9,441.04,6.1,5705.15,1
9414,10,5,320.6,6.5,5769.96,0
9415,9,20,2219.38,2.2,9475.88,1
9416,3,21,715.09,5.4,9067.77,1
9417,12,9,397.95,2.3,5150.74,1
9418,2,23,106.09,7.6,9553.05,1
9419,1,8,467.49,5.7,5422.66,1
9420,14,20,2165.34,1.7,9918.76,1
9421,8,8,470.18,2.3,4785.57,1
9422,11,22,200.71,5.6,9601.58,1
9423,3,21,111.17,4.3,7813.71,1
9424,7,23,319.02,6.2,9808.76,1
9425,1,6,1351.91,3.0,4679.83,0
9426,1,3,2935.29,5.6,6926.19,1
9427,12,5,1553.57,2.2,5491.49,0
9428,9,9,753.59,4.8,6687.81,1
9429,12,7,508.38,7.7,7264.11,1
9430,8,4,546.64,5.4,4880.21,1
9431,12,7,487.17,1.3,4602.41,1
9432,13,5,713.88,7.9,7184.64,0
9433,3,11,371.39,2.1,4241.32,0
9434,6,15,653.13,6.0,7842.04,1
9435,11,2,164.83,4.7,3851.56,1
9436,3,13,254.42,3.1,5175.8,0
9437,13,22,1003.95,2.2,9536.99,1
9438,12,16,1270.4,2.2,8043.08,1
9439,4,7,487.19,7.0,5967.87,1
9440,1,8,116.07,7.1,5372.35,1
9441,5,6,1408.47,4.3,5684.66,0
9442,1,24,705.44,1.7,7910.15,1
9443,13,7,367.24,7.2,6711.65,0
9444,1,18,556.12,4.4,7712.36,1
9445,10,22,380.86,4.1,8856.74,1
9446,11,22,413.06,3.9,9011.42,1
9447,11,20,1189.34,3.6,9323.04,1
9448,14,7,187.82,4.7,5734.4,1
9449,7,3,154.72,5.2,4029.2,1
9450,12,5,101.37,4.3,4862.12,0
9451,6,1,288.44,7.3,4761.7,0
9452,2,15,179.74,3.2,5799.62,0
9453,14,3,224.22,5.0,4984.11,0
9454,11,8,105.65,3.1,4753.24,0
9455,12,9,228.86,6.3,6759.86,1
9456,2,15,302.27,1.7,5111.43,0
9457,11,10,116.04,2.3,4856.58,0
9458,7,2,568.12,6.6,5022.26,0
9459,1,20,520.59,2.3,7041.71,0
9460,13,5,151.04,5.4,5386.88,1
9461,2,19,551.95,7.8,9233.59,1
9462,12,13,3405.28,4.7,10774.9,1
9463,8,11,1545.41,2.3,6737.65,0
9464,6,1,101.34,3.2,2453.11,1
9465,14,22,893.3,6.8,11233.87,1
9466,2,15,318.17,3.5,6007.15,1
9467,7,18,132.88,6.1,8079.91,1
9468,4,16,275.48,6.4,7774.1,1
9469,2,9,294.11,4.5,5029.32,1
9470,12,1,470.38,6.5,5196.01,0
9471,6,11,641.0,3.2,5817.75,0
9472,11,9,791.26,4.6,6401.67,1
9473,9,23,241.12,5.8,9799.23,1
9474,11,11,294.13,2.2,5333.97,1
9475,9,13,284.36,2.9,6040.94,0
9476,14,2,325.29,5.6,5311.52,0
9477,8,14,4087.88,5.6,11432.11,0
9478,3,6,852.41,4.5,4793.69,1
9479,3,8,1944.25,6.6,7305.56,1
9480,2,18,690.63,4.4,7352.58,1
9481,5,16,360.67,7.2,8187.67,1
9482,14,21,346.94,6.2,10243.41,1
9483,12,12,435.28,3.2,6524.8,1
9484,14,11,369.67,3.8,6685.49,1
9485,4,6,981.08,5.7,5794.54,0
9486,7,3,412.75,7.3,5151.66,1
9487,4,14,275.21,2.3,5443.5,1
9488,9,2,845.52,4.6,4564.14,1
9489,12,11,1063.52,1.8,6357.58,0
9490,12,22,372.73,3.0,8579.86,1
9491,2,3,651.02,5.8,4355.0,0
9492,11,18,130.3,1.5,6661.07,1
9493,14,1,476.94,5.6,5090.59,0
9494,6,24,123.01,7.3,10029.27,1
9495,7,1,114.81,7.8,4830.53,0
9496,4,12,574.57,2.5,5104.9,1
9497,13,15,280.73,6.2,8710.98,1
9498,6,5,778.44,7.5,6159.45,1
9499,7,6,1232.08,1.6,4262.68,1
9500,4,16,175.06,3.9,6433.43,1
9501,8,12,744.63,7.4,8137.91,1
9502,9,12,461.31,2.4,5584.65,0
9503,1,3,159.46,7.5,4654.56,1
9504,7,23,627.19,4.7,9566.52,1
9505,9,2,570.12,1.7,3098.12,0
9506,12,7,462.47,4.1,5468.76,0
9507,10,2,1405.04,3.3,4784.27,0
9508,5,21,468.11,3.0,7659.02,0
9509,12,7,2429.03,4.8,7986.45,1
9510,2,11,455.89,4.4,5551.1,1
9511,10,11,161.57,4.4,6163.75,0
9512,6,14,417.88,1.6,5467.43,1
9513,12,3,200.65,6.6,5442.2,0
9514,12,14,554.58,4.4,7402.1,0
9515,7,11,690.67,6.7,7320.49,0
9516,2,4,415.97,6.8,4739.17,1
9517,2,17,151.41,3.2,6328.32,1
9518,10,16,416.16,1.0,6337.46,0
9519,14,3,142.48,7.4,5998.95,0
9520,12,10,673.05,6.3,7896.08,1
9521,10,21,881.2,1.8,8371.75,1
9522,1,15,1740.11,5.9,8713.97,1
9523,4,8,180.56,1.1,3431.71,0
9524,7,18,480.09,1.2,6557.9,1
9525,14,3,519.13,4.7,5406.59,0
9526,9,7,1378.59,1.7,5241.1,0
9527,3,10,593.46,7.8,6963.76,1
9528,12,20,178.63,7.3,9905.61,1
9529,11,9,386.66,5.5,6566.56,1
9530,7,14,631.76,1.4,5613.08,1
9531,7,23,702.46,3.3,8799.33,0
9532,7,14,1094.16,3.6,7210.48,0
9533,2,11,199.53,4.4,5029.46,1
9534,6,1,1613.53,2.2,3800.06,0
9535,2,4,130.48,5.0,3775.97,0
9536,6,6,2160.2,4.1,6754.03,1
9537,13,22,1075.14,7.6,11573.77,1
9538,10,22,639.81,7.6,10913.14,1
9539,3,5,764.0,5.0,4747.65,1
9540,14,3,137.73,5.5,5232.64,0
9541,2,2,121.18,2.0,1729.09,0
9542,12,3,153.66,2.6,3341.93,0
9543,14,9,145.71,7.3,7319.11,1
9544,6,19,496.35,5.9,8538.4,1
9545,2,19,221.32,2.3,5964.04,0
9546,5,17,1083.79,5.0,8388.72,1
9547,2,18,395.07,7.5,8686.46,1
9548,3,11,694.56,3.4,5508.82,1
9549,3,12,629.03,2.3,4957.43,0
9550,6,3,292.72,7.6,5035.76,0
9551,6,18,239.31,4.2,7442.85,1
9552,10,24,309.62,3.9,9590.6,1
9553,3,6,896.43,2.9,4422.79,1
9554,3,7,541.28,7.2,5973.98,1
9555,13,1,246.21,6.9,5250.87,1
9556,12,6,951.45,3.8,5938.14,0
9557,13,18,128.16,1.2,6738.64,1
9558,1,13,700.63,4.1,5866.13,1
9559,7,22,389.11,2.3,7403.66,1
9560,13,19,757.06,2.0,8145.36,1
9561,8,7,1411.82,3.8,6062.61,0
9562,2,19,793.22,1.7,6448.06,1
9563,4,9,391.67,7.7,6451.96,1
9564,10,3,181.83,1.3,2728.56,0
9565,7,23,920.85,3.8,9327.37,1
9566,8,12,408.75,2.1,5627.84,0
9567,1,20,139.15,5.8,8119.57,1
9568,4,24,734.8,1.6,7932.53,0
9569,6,18,272.55,4.8,7945.18,1
9570,3,8,125.06,6.4,5637.89,1
9571,5,9,1265.24,7.7,7854.92,1
9572,10,13,429.95,5.9,7476.67,1
9573,9,8,264.92,1.7,4179.17,0
9574,11,22,730.07,1.6,8106.14,1
9575,13,10,1185.35,6.1,8148.78,1
9576,3,17,100.15,2.5,5898.44,1
9577,5,7,682.14,4.1,5085.2,1
9578,8,17,828.38,7.8,9663.7,1
9579,6,23,217.82,6.7,9774.61,1
9580,4,18,436.3,6.9,8467.47,1
9581,8,24,146.76,7.0,10508.69,1
9582,11,2,786.69,5.3,5382.78,0
9583,3,3,1040.15,6.2,5258.15,0
9584,3,19,157.25,3.5,6839.27,0
9585,4,1,947.66,8.0,5338.76,1
9586,9,21,838.26,3.0,8793.6,1
9587,5,21,313.02,5.1,8561.84,1
9588,8,10,686.06,3.0,5471.48,0
9589,6,21,100.02,1.8,7051.82,1
9590,3,14,1442.64,5.0,7761.94,1
9591,8,13,499.68,3.5,6243.1,1
9592,12,9,584.24,5.1,6820.22,1
9593,9,6,646.3,4.9,5447.11,0
9594,8,6,512.05,4.8,5251.42,1
9595,13,19,1071.63,1.9,8626.82,0
9596,4,21,570.42,4.1,8428.5,1
9597,14,10,1291.68,6.7,8789.07,1
9598,14,23,536.53,3.2,9340.65,1
9599,13,3,193.84,4.1,4316.07,0
9600,11,18,1324.17,4.5,9776.99,0
9601,6,21,672.27,7.0,10086.48,1
9602,1,19,700.72,5.6,8191.34,1
9603,4,5,2216.17,1.7,4966.13,1
9604,8,11,139.09,7.1,6767.2,1
9605,1,10,379.83,6.8,6329.07,1
9606,3,17,236.62,6.3,7903.19,1
9607,1,4,597.7,4.3,3749.6,1
9608,9,21,922.04,6.3,10211.07,1
9609,2,18,1795.29,4.4,9022.52,1
9610,9,18,403.11,6.2,8612.28,1
9611,13,1,871.4,7.2,6377.76,1
9612,4,14,1344.77,7.2,8959.6,1
9613,2,8,674.94,4.2,4743.91,0
9614,4,2,239.02,7.0,4541.65,1
9615,12,19,568.06,1.7,7538.75,1
9616,11,15,1852.48,1.7,7863.34,1
9617,11,2,2293.17,4.8,6866.23,1
9618,10,4,614.11,5.6,5274.56,0
9619,6,1,1190.13,2.1,3129.63,0
9620,11,19,211.79,4.3,8334.22,1
9621,7,21,241.23,1.7,7111.18,1
9622,3,10,1627.61,5.2,7311.47,1
9623,3,1,172.65,7.0,3915.69,0
9624,12,20,206.04,6.2,9402.31,1
9625,10,22,372.84,3.6,8483.52,1
9626,12,15,545.29,8.0,9500.15,1
9627,8,4,562.94,5.6,5171.1,0
9628,5,7,272.64,6.7,5873.44,0
9629,4,7,1366.72,5.7,6543.59,1
9630,7,22,1333.14,7.9,11556.24,1
9631,7,18,348.85,6.7,8686.29,1
9632,13,13,384.84,4.6,7295.69,1
9633,9,10,706.17,3.6,6115.46,0
9634,9,24,643.83,5.8,10443.64,1
9635,5,8,340.87,5.1,5530.98,0
9636,13,10,367.43,5.4,7130.56,1
9637,12,14,313.89,3.4,6809.59,1
9638,13,14,234.19,4.0,7155.52,1
9639,8,20,406.37,4.9,8536.49,1
9640,10,22,679.87,6.9,10594.26,0
9641,1,11,777.33,6.3,6798.45,1
9642,9,6,854.51,1.8,4347.6,0
9643,8,21,334.79,2.7,7780.2,0
9644,6,1,823.31,1.2,2316.66,0
9645,13,19,103.27,1.1,6824.49,1
9646,3,7,424.13,2.6,3867.78,0
9647,3,24,889.71,6.6,10359.4,1
9648,8,18,597.19,7.3,9303.85,1
9649,5,3,421.29,3.7,3571.43,1
9650,10,20,617.31,4.9,9157.15,1
9651,11,11,1287.29,5.9,8456.91,1
9652,14,5,517.8,7.7,6982.73,1
9653,7,19,904.18,7.4,9851.5,1
9654,5,21,2074.93,1.4,9114.57,0
9655,8,24,711.35,2.7,8899.92,1
9656,10,24,525.87,1.3,8240.63,0
9657,10,2,119.1,5.3,4079.03,0
9658,4,22,334.58,6.0,8977.94,1
9659,2,4,516.71,3.2,2997.59,0
9660,3,10,897.78,7.0,6817.98,1
9661,8,2,388.22,4.2,3919.35,1
9662,11,8,1710.17,8.0,8941.43,1
9663,13,1,258.59,1.0,2546.79,0
9664,7,6,782.4,1.8,4065.32,0
9665,13,11,371.53,3.1,6241.11,0
9666,2,10,432.75,1.2,3666.8,0
9667,6,13,911.01,6.5,8061.64,1
9668,9,1,275.64,1.4,2293.91,0
9669,4,2,150.91,6.2,3826.73,0
9670,9,3,467.25,1.4,3097.64,0
9671,2,9,476.23,2.8,4316.16,0
9672,2,5,897.69,6.9,5510.26,1
9673,9,10,1826.02,7.7,9071.58,0
9674,12,10,128.44,3.9,5921.86,0
9675,7,12,547.86,7.8,8154.92,1
9676,7,18,671.72,5.4,8613.13,1
9677,1,21,2227.3,3.9,9936.05,1
9678,13,21,1528.77,6.6,11808.25,1
9679,11,1,723.18,3.1,3784.32,0
9680,6,3,468.85,2.9,3344.57,0
9681,13,5,188.08,5.6,5654.22,1
9682,7,17,342.4,3.7,7008.82,1
9683,11,8,539.89,2.0,5001.14,1
9684,14,17,745.86,1.5,7690.47,1
9685,6,9,604.48,6.5,6516.35,1
9686,6,6,726.1,5.7,6100.89,1
9687,2,17,380.32,3.9,6812.73,1
9688,6,8,750.29,7.3,6870.57,1
9689,4,21,177.59,3.9,7375.72,1
9690,9,7,188.72,6.0,5730.13,1
9691,12,7,188.87,7.4,6793.65,1
9692,1,15,1207.58,6.9,8463.5,1
9693,13,7,139.54,4.6,5340.83,0
9694,8,22,908.5,5.8,10045.0,1
9695,5,8,233.01,3.9,4734.68,1
9696,1,9,415.96,5.5,5446.72,1
9697,4,15,1338.21,2.8,7238.47,1
9698,1,2,540.87,4.0,3106.29,1
9699,6,7,217.94,2.5,3836.83,0
9700,2,15,267.1,1.3,4957.53,1
9701,5,18,1365.66,5.1,9056.86,1
9702,7,22,378.56,7.1,9737.72,1
9703,2,18,542.14,1.2,6149.2,0
9704,6,10,408.03,2.4,4915.39,1
9705,6,22,337.76,4.2,8588.35,1
9706,5,18,226.34,5.7,7713.96,1
9707,5,1,679.49,2.2,2780.41,0
9708,14,7,733.35,1.4,4872.81,1
9709,3,3,260.71,4.6,3632.38,1
9710,10,14,877.97,6.7,8864.47,1
9711,10,12,1063.91,1.2,5986.7,0
9712,11,14,1367.1,3.4,8168.83,1
9713,12,4,187.9,5.6,5026.77,0
9714,2,13,281.15,1.9,4697.65,0
9715,7,16,1084.32,2.7,7583.22,1
9716,1,16,210.66,4.7,6582.59,0
9717,6,22,101.74,7.7,9931.79,1
9718,6,5,1123.3,3.0,4684.99,0
9719,3,20,297.6,4.4,7699.61,1
9720,2,6,367.64,3.8,3707.87,0
9721,12,6,395.6,7.3,6668.13,1
9722,2,18,1042.84,1.5,6768.92,1
9723,14,6,306.16,5.0,5616.66,1
9724,13,7,1214.11,6.9,7737.76,1
9725,9,24,579.78,7.9,11401.2,1
9726,11,24,474.63,5.9,10664.55,1
9727,5,16,296.98,3.7,6905.43,1
9728,7,9,239.67,3.9,5083.72,1
9729,12,13,589.16,3.5,6917.73,1
9730,5,12,396.1,5.2,6551.44,1
9731,7,19,1306.85,6.2,10022.93,1
9732,13,23,438.28,6.7,10828.52,1
9733,4,23,458.51,3.9,8538.23,1
9734,8,1,369.55,6.0,4266.85,0
9735,13,8,878.57,7.4,7776.98,1
9736,11,4,376.55,7.4,6102.19,1
9737,14,21,256.9,5.9,10134.37,1
9738,10,22,1090.36,5.5,10356.89,1
9739,13,19,554.2,4.7,8884.09,1
9740,11,21,547.64,2.3,8103.69,1
9741,10,5,571.86,1.9,4055.41,0
9742,7,17,734.42,4.4,8015.61,0
9743,10,3,287.76,2.1,3438.17,0
9744,5,19,117.22,5.0,7917.44,1
9745,11,1,931.93,5.5,5216.92,0
9746,6,23,169.0,4.7,8876.07,1
9747,5,1,739.74,1.3,2190.03,0
9748,7,23,142.95,1.4,7496.77,1
9749,12,20,335.25,1.8,7633.0,1
9750,2,9,132.55,2.1,3710.65,0
9751,5,23,469.3,7.9,10544.09,1
9752,10,5,629.41,3.4,4669.45,0
9753,3,7,194.03,3.0,3547.49,1
9754,9,6,332.31,1.4,3518.37,0
9755,13,17,1431.34,5.4,10006.57,1
9756,6,22,392.05,5.6,9072.45,1
9757,13,17,911.12,2.2,7883.08,1
9758,10,13,1409.91,7.4,9650.66,1
9759,3,12,1931.52,6.6,8825.62,1
9760,7,4,1242.97,2.6,4578.8,0
9761,4,8,290.93,4.4,5014.03,1
9762,14,5,1742.68,4.2,6725.34,1
9763,3,5,936.71,3.4,4476.52,0
9764,8,13,1007.54,6.7,8240.62,1
9765,13,11,107.64,1.8,5234.86,0
9766,4,8,1642.16,3.9,6086.9,0
9767,11,8,852.74,4.0,6252.42,0
9768,1,1,830.44,4.3,3058.13,1
9769,6,13,142.52,7.0,7039.55,1
9770,10,5,232.35,2.5,3767.88,0
9771,11,21,1738.54,1.7,9321.67,1
9772,11,8,447.25,5.3,6167.16,1
9773,1,17,353.63,2.2,5690.69,1
9774,5,23,1016.11,1.5,8358.46,1
9775,7,23,145.7,4.0,8546.07,1
9776,6,13,369.73,2.5,5787.93,0
9777,14,9,335.56,3.5,5955.14,1
9778,2,2,315.28,2.8,2518.76,1
9779,11,19,283.86,1.6,7239.41,1
9780,4,20,217.91,4.9,7821.85,1
9781,11,17,194.92,1.2,6260.89,0
9782,2,7,611.39,7.8,6366.87,1
9783,11,3,1359.1,3.4,4959.69,1
9784,1,19,455.5,5.9,8129.35,1
9785,3,19,276.89,6.7,8418.18,1
9786,3,24,186.68,3.0,7801.46,1
9787,12,9,986.4,6.2,7642.26,1
9788,7,10,1878.79,6.8,8909.72,0
9789,1,14,314.74,2.7,4949.27,1
9790,9,18,271.91,7.9,9299.85,1
9791,11,15,560.02,1.1,5966.48,0
9792,6,1,846.56,2.5,3053.72,1
9793,4,6,403.85,6.5,5278.0,1
9794,3,15,597.22,2.4,5912.27,1
9795,3,6,730.36,5.9,5314.03,0
9796,2,18,1716.9,7.0,10012.84,1
9797,2,1,190.18,7.7,4071.59,1
9798,14,24,3072.77,4.3,13625.82,1
9799,12,3,348.92,7.8,6209.94,1
9800,13,17,742.23,3.9,8524.64,1
9801,10,16,524.8,2.5,7060.84,1
9802,5,8,433.42,4.6,5032.06,1
9803,9,17,698.79,5.5,8628.48,1
9804,2,8,351.89,4.2,4524.32,1
9805,2,17,167.4,5.0,6856.05,1
9806,12,9,435.59,3.9,5922.33,0
9807,6,12,468.98,4.7,6510.17,1
9808,13,19,212.76,7.7,10007.18,1
9809,10,4,1471.47,4.5,6035.17,1
9810,2,21,229.05,2.8,6759.04,1
9811,12,22,363.16,6.3,9953.6,1
9812,4,11,184.17,3.4,4822.8,1
9813,6,4,483.72,6.7,5567.43,1
9814,5,14,283.82,1.4,5370.93,0
9815,1,14,435.96,3.3,5786.96,1
9816,6,6,227.2,1.7,3180.72,0
9817,1,17,127.64,1.6,5305.89,1
9818,3,2,855.31,5.6,4599.63,0
9819,10,8,612.34,3.7,5876.77,0
9820,5,4,308.32,7.1,4992.64,1
9821,14,10,124.33,4.6,6436.49,1
9822,10,7,1103.37,3.1,5605.99,0
9823,13,4,193.04,6.0,5600.36,1
9824,5,16,1434.96,5.4,8745.45,0
9825,13,14,425.61,6.6,8389.41,1
9826,10,16,308.05,5.5,8106.19,1
9827,6,9,776.93,2.2,4773.93,0
9828,12,4,1147.13,5.7,6372.73,1
9829,10,24,331.58,3.7,9283.17,1
9830,8,6,361.57,4.2,5055.84,1
9831,5,1,383.84,7.5,4711.63,1
9832,14,7,1377.6,3.5,6653.62,1
9833,11,1,689.74,5.3,4884.0,0
9834,1,19,242.27,3.5,6623.07,1
9835,5,8,202.28,1.7,3606.27,0
9836,3,3,230.92,4.2,3360.87,0
9837,4,1,252.97,5.2,3452.62,0
9838,13,1,230.8,3.9,3741.16,0
9839,8,7,637.21,3.7,5209.84,1
9840,7,21,161.61,6.7,9420.17,1
9841,11,13,344.99,1.2,5391.73,0
9842,5,1,590.49,3.1,2849.06,0
9843,2,16,271.85,6.7,7524.89,1
9844,6,22,133.75,7.4,10079.6,1
9845,11,22,142.68,3.9,8627.77,0
9846,6,14,167.32,7.2,7719.25,1
9847,10,4,1003.47,2.4,4427.83,0
9848,10,23,636.27,2.5,8720.39,1
9849,14,23,133.35,6.9,10810.21,1
9850,11,12,348.03,7.3,7821.27,1
9851,6,12,263.27,2.6,5404.29,1
9852,14,17,531.42,1.4,7048.68,0
9853,9,21,469.92,1.6,7528.59,1
9854,11,15,428.05,2.8,6942.78,1
9855,8,10,288.81,6.3,6768.02,0
9856,8,3,174.13,4.6,4010.43,1
9857,1,23,778.13,4.2,8608.94,1
9858,5,20,1159.54,5.1,9042.47,1
9859,7,20,1542.55,7.2,10931.78,1
9860,6,12,130.2,1.6,4483.59,0
9861,5,1,773.36,5.9,4778.22,0
9862,8,1,748.23,7.5,5497.22,1
9863,3,10,1569.77,2.5,5672.39,0
9864,6,18,245.79,6.9,8554.09,1
9865,5,15,777.74,5.9,8045.77,1
9866,8,2,128.09,1.1,2283.65,0
9867,4,17,598.81,2.6,6581.75,0
9868,8,8,316.04,5.2,5679.87,0
9869,10,22,832.47,4.5,9816.25,1
9870,14,22,1095.0,4.7,10466.65,1
9871,2,9,326.92,2.6,4114.98,1
9872,9,21,472.84,5.7,9516.52,1
9873,13,20,162.44,2.9,8124.19,1
9874,9,11,369.7,3.7,5944.54,0
9875,14,6,323.77,3.6,4945.92,0
9876,10,24,201.13,5.7,10042.4,1
9877,10,14,1224.42,1.6,6772.2,0
9878,13,1,180.14,2.4,3382.5,0
9879,6,7,604.94,2.4,4540.67,1
9880,4,24,1204.29,1.8,8544.96,1
9881,4,9,1315.03,2.5,5283.71,0
9882,13,11,888.1,5.2,7391.78,1
9883,6,24,196.88,6.1,9822.9,1
9884,5,23,950.31,5.6,9934.37,1
9885,6,16,261.87,4.3,7021.68,1
9886,7,19,1378.08,1.4,7777.99,0
9887,7,2,717.36,7.7,5431.39,1
9888,9,15,869.18,2.2,6884.05,1
9889,8,3,144.43,5.7,4632.16,1
9890,13,4,537.05,7.4,6525.87,1
9891,6,20,960.58,5.9,9366.66,1
9892,12,22,1088.77,2.5,9361.15,0
9893,6,7,114.52,3.2,4129.18,0
9894,14,12,1499.75,1.2,6994.57,1
9895,5,4,122.15,5.3,3961.99,0
9896,1,10,576.63,5.3,5995.85,1
9897,9,6,691.09,6.1,5917.75,1
9898,9,22,156.78,1.1,7593.96,0
9899,9,14,124.6,6.7,7741.8,1
9900,11,3,868.35,6.2,6023.55,1
9901,8,17,342.8,2.0,6547.43,1
9902,13,11,156.65,3.4,5911.35,0
9903,10,10,819.15,5.5,7343.66,1
9904,13,21,1045.78,4.5,10169.08,1
9905,3,10,542.62,1.8,4309.35,0
9906,1,10,187.91,1.6,3679.78,0
9907,11,3,107.67,6.5,5090.19,1
9908,12,24,703.33,2.1,8895.12,1
9909,12,15,499.41,2.2,6524.79,1
9910,8,17,626.05,6.8,9025.36,1
9911,7,18,938.82,5.3,8797.17,1
9912,13,19,384.78,5.2,9113.16,1
9913,5,19,166.49,4.4,7458.7,1
9914,10,12,1506.57,5.0,8081.97,0
9915,7,24,494.02,5.2,9571.0,1
9916,10,5,577.64,7.8,6514.95,1
9917,4,24,1454.61,2.6,9491.04,1
9918,9,16,1441.07,2.5,7812.59,1
9919,11,15,524.43,1.4,6485.87,0
9920,10,15,276.63,5.6,7649.79,1
9921,14,6,3023.88,4.8,9165.9,1
9922,2,12,671.0,1.8,4768.26,0
9923,9,2,362.49,3.6,3567.08,1
9924,9,20,510.3,2.3,7660.25,0
9925,5,9,368.79,3.3,4874.03,0
9926,11,4,1195.99,7.7,7239.48,1
9927,1,5,429.37,5.8,4508.58,0
9928,7,21,967.3,1.1,7712.47,1
9929,10,8,1016.84,2.8,5580.2,0
9930,10,22,969.58,1.1,8510.67,0
9931,4,10,740.41,6.0,6583.22,1
9932,9,7,1065.09,4.3,6122.91,1
9933,6,22,344.88,8.0,10245.04,1
9934,13,14,160.89,6.1,7950.62,1
9935,3,5,1024.02,4.6,5279.56,1
9936,6,16,444.75,6.6,8423.04,1
9937,13,15,168.13,5.9,8100.87,1
9938,10,5,161.26,2.7,4169.29,0
9939,6,3,186.73,4.7,3953.49,0
9940,5,23,795.1,4.9,9341.57,0
9941,2,10,720.42,4.2,5608.18,0
9942,10,5,213.96,2.3,3783.64,0
9943,10,23,1038.41,2.6,9374.54,0
9944,2,15,265.15,3.0,5795.69,0
9945,7,18,887.48,1.1,6938.41,1
9946,2,8,435.5,7.4,5799.5,0
9947,12,21,757.54,5.8,10007.24,0
9948,6,2,340.14,5.8,4122.13,1
9949,5,22,313.2,5.0,9028.02,1
9950,4,8,1020.56,5.8,6423.75,1
9951,7,23,117.97,7.9,10355.6,1
9952,8,8,1939.21,3.7,6966.48,1
9953,4,4,622.32,6.0,4783.0,1
9954,1,19,383.24,3.5,6694.36,0
9955,1,23,594.5,7.0,9873.78,1
9956,1,18,165.48,7.0,8220.87,1
9957,11,21,460.83,7.3,10516.76,1
9958,1,23,2203.05,1.0,8907.24,1
9959,5,1,234.12,3.1,2458.89,0
9960,4,20,740.57,1.9,7344.51,1
9961,13,15,385.44,4.2,7635.1,1
9962,14,18,628.44,4.5,8921.19,1
9963,9,22,214.64,2.8,8012.88,1
9964,3,12,417.88,6.1,6490.81,1
9965,14,1,2058.33,2.9,5681.73,0
9966,7,7,208.63,7.0,5742.56,0
9967,11,19,605.91,2.2,7899.62,1
9968,8,1,528.54,3.6,3170.96,0
9969,6,24,516.26,5.4,9909.37,1
9970,12,7,577.42,5.2,6160.55,1
9971,13,2,448.82,1.5,3276.53,1
9972,10,7,108.54,6.9,6279.67,1
9973,13,19,1251.78,5.2,10102.85,1
9974,1,13,977.17,7.1,7621.9,1
9975,8,24,195.68,7.1,10420.84,1
9976,10,5,366.6,4.8,5389.31,1
9977,3,23,836.03,7.4,10550.37,1
9978,8,19,2057.57,6.9,11187.88,1
9979,12,1,1609.37,7.7,7036.53,1
9980,4,1,1248.1,7.0,5285.2,1
9981,8,18,186.21,6.7,8565.5,1
9982,11,24,1329.47,4.3,10933.83,1
9983,1,1,1153.69,2.5,2823.42,0
9984,3,5,336.56,7.4,5380.27,1
9985,6,9,350.87,6.1,5724.85,1
9986,9,12,408.01,3.0,6010.62,0
9987,2,9,633.81,3.4,4685.91,0
9988,11,18,251.12,5.8,8581.7,1
9989,1,23,111.61,4.3,7758.4,1
9990,10,11,176.13,1.6,4730.04,0
9991,3,1,390.01,2.0,1909.4,0
9992,4,19,265.64,6.2,8480.87,1
9993,11,22,823.06,3.3,9226.11,1
9994,5,10,156.41,4.6,5484.2,0
9995,3,2,1347.27,6.4,5385.4,1
9996,13,7,1228.46,6.3,7873.25,1
9997,10,20,1297.11,2.2,8657.5,0
9998,11,2,772.79,1.7,3569.34,0
9999,2,19,156.58,5.1,7677.35,1
10000,2,6,388.25,6.2,5086.59,1
